2026.01.22 22:27:51 INFO  tracing is disabled for protocol LSP, to enable tracing of incoming and outgoing JSON messages create an empty file at /home/nullstarfish/personal-ysyx-workbench/ysyxSoC/.metals/lsp.trace.json[0m
2026.01.22 22:27:53 INFO  logging to files /home/nullstarfish/personal-ysyx-workbench/ysyxSoC/.metals/metals.log[0m
2026.01.22 22:27:53 INFO  Started: Metals version 1.6.5 in folders '/home/nullstarfish/personal-ysyx-workbench/ysyxSoC' for client Visual Studio Code 1.108.1.[0m
2026.01.22 22:27:53 INFO  Memory monitor started[0m
2026.01.22 22:27:54 WARN  Using H2 2.4.240 which is newer than the version Flyway has been verified with. The latest verified version of H2 is 2.3.232.[0m
2026.01.22 22:27:54 INFO  no build target found for /home/nullstarfish/personal-ysyx-workbench/ysyxSoC/build.sc. Using presentation compiler with project's scala-library version: 3.3.7[0m
2026.01.22 22:27:56 INFO  no build target found for /home/nullstarfish/personal-ysyx-workbench/ysyxSoC/build.sc. Using presentation compiler with project's scala-library version: 3.3.7[0m
2026.01.22 22:27:58 INFO  running '/home/nullstarfish/personal-ysyx-workbench/ysyxSoC/.metals/mill --import ivy:com.lihaoyi::mill-contrib-bloop: mill.contrib.bloop.Bloop/install'[0m
2026.01.22 22:27:59 INFO  ============================== mill.contrib.bloop.Bloop/install ==============================[0m
2026.01.22 22:28:00 INFO  no build target found for /home/nullstarfish/personal-ysyx-workbench/ysyxSoC/build.sc. Using presentation compiler with project's scala-library version: 3.3.7[0m
2026.01.22 22:28:00 INFO  no build target found for /home/nullstarfish/personal-ysyx-workbench/ysyxSoC/build.sc. Using presentation compiler with project's scala-library version: 3.3.7[0m
2026.01.22 22:28:10 INFO  [296/303] rocketchip.macros.bloop.writeConfigFile[0m
2026.01.22 22:28:10 INFO  [297/303] rocketchip.cde.bloop.writeConfigFile[0m
2026.01.22 22:28:10 INFO  [298/303] MillBuildRootModule.bloop.writeConfigFile[0m
2026.01.22 22:28:10 INFO  [296] Wrote /home/nullstarfish/personal-ysyx-workbench/ysyxSoC/.bloop/rocketchip.macros.json[0m
2026.01.22 22:28:10 INFO  [297] Wrote /home/nullstarfish/personal-ysyx-workbench/ysyxSoC/.bloop/rocketchip.cde.json[0m
2026.01.22 22:28:10 INFO  [298] Wrote /home/nullstarfish/personal-ysyx-workbench/ysyxSoC/.bloop/mill-build-.json[0m
2026.01.22 22:28:12 INFO  [299/303] rocketchip.hardfloat.bloop.writeConfigFile[0m
2026.01.22 22:28:12 INFO  [299] Wrote /home/nullstarfish/personal-ysyx-workbench/ysyxSoC/.bloop/rocketchip.hardfloat.json[0m
2026.01.22 22:28:12 INFO  [300/303] ysyxsoc.bloop.writeConfigFile[0m
2026.01.22 22:28:12 INFO  [300] Wrote /home/nullstarfish/personal-ysyx-workbench/ysyxSoC/.bloop/ysyxsoc.json[0m
2026.01.22 22:28:12 INFO  [301/303] rocketchip.diplomacy.bloop.writeConfigFile[0m
2026.01.22 22:28:12 INFO  [301] Wrote /home/nullstarfish/personal-ysyx-workbench/ysyxSoC/.bloop/rocketchip.diplomacy.json[0m
2026.01.22 22:28:12 INFO  [302/303] rocketchip.bloop.writeConfigFile[0m
2026.01.22 22:28:12 INFO  [302] Wrote /home/nullstarfish/personal-ysyx-workbench/ysyxSoC/.bloop/rocketchip.json[0m
2026.01.22 22:28:12 INFO  [303/303] ========================= mill.contrib.bloop.Bloop/install ========================= 13s[0m
2026.01.22 22:28:12 INFO  time: ran 'mill bloopInstall' in 14s[0m
2026.01.22 22:28:12 INFO  Attempting to connect to the build server...[0m
2026.01.22 22:28:12 INFO  Found a Bloop server running[0m
2026.01.22 22:28:12 INFO  tracing is disabled for protocol BSP, to enable tracing of incoming and outgoing JSON messages create an empty file at /home/nullstarfish/personal-ysyx-workbench/ysyxSoC/.metals/bsp.trace.json[0m
2026.01.22 22:28:14 INFO  time: Connected to build server in 1.43s[0m
2026.01.22 22:28:14 INFO  Connected to Build server: Bloop v2.0.17[0m
2026.01.22 22:28:14 WARN  2.13.14 is no longer supported in the current Metals versions, using the last known supported version 1.6.3[0m
2026.01.22 22:28:18 INFO  Created report: Optional[file:///home/nullstarfish/personal-ysyx-workbench/ysyxSoC/file:/home/nullstarfish/personal-ysyx-workbench/ysyxSoC/rocket-chip/src/main/scala/prci/ClockDomain.scala][0m
2026.01.22 22:28:18 INFO  expected identifier; obtained this (full report at: "/home/nullstarfish/personal-ysyx-workbench/ysyxSoC/.metals/.reports/metals/2026-01-22/r_scala-toplevel-mtags_22-28-18-331.md")[0m
2026.01.22 22:28:18 WARN  Could not find java sources in /usr/lib/jvm/src.zip, /usr/lib/jvm/lib/src.zip, /usr/lib/jvm/java-21-openjdk-amd64/src.zip, /usr/lib/jvm/java-21-openjdk-amd64/lib/src.zip. Java symbols will not be available.[0m
2026.01.22 22:28:21 INFO  time: indexed workspace in 6.88s[0m
2026.01.22 22:28:22 INFO  Disconnecting from Bloop session...[0m
2026.01.22 22:28:22 INFO  Shut down connection with build server.[0m
2026.01.22 22:28:22 INFO  [0m[31m[E][0m Caught java.lang.InterruptedException[0m
2026.01.22 22:28:22 ERROR Bloop 'bsp' command exited with code 1. Something may be wrong with the current configuration.
Running the [1mclean[0m sub-command to clear the working directory and remove caches might help.
If the error persists, please report the issue as a bug and attach a log with increased verbosity by passing [1m-v -v -v[0m.[0m
2026.01.22 22:28:23 INFO  Attempting to connect to the build server...[0m
2026.01.22 22:28:23 INFO  No running Bloop server found, starting one.[0m
2026.01.22 22:28:24 INFO  Starting compilation server[0m
2026.01.22 22:28:25 INFO  tracing is disabled for protocol BSP, to enable tracing of incoming and outgoing JSON messages create an empty file at /home/nullstarfish/personal-ysyx-workbench/ysyxSoC/.metals/bsp.trace.json[0m
2026.01.22 22:28:25 INFO  time: code lens generation in 1.88s[0m
2026.01.22 22:28:25 INFO  time: code lens generation in 3.85s[0m
2026.01.22 22:28:25 INFO  time: code lens generation in 3.19s[0m
2026.01.22 22:28:25 INFO  time: code lens generation in 3.85s[0m
2026.01.22 22:28:27 INFO  time: Connected to build server in 4.19s[0m
2026.01.22 22:28:27 INFO  Connected to Build server: Bloop v2.0.17[0m
2026.01.22 22:28:27 INFO  time: Imported build in 0.1s[0m
2026.01.22 22:28:29 INFO  expected identifier; obtained this (full report at: "/home/nullstarfish/personal-ysyx-workbench/ysyxSoC/.metals/.reports/metals/2026-01-22/r_scala-toplevel-mtags_22-28-18-331.md")[0m
2026.01.22 22:28:29 WARN  Could not find java sources in /usr/lib/jvm/src.zip, /usr/lib/jvm/lib/src.zip, /usr/lib/jvm/java-21-openjdk-amd64/src.zip, /usr/lib/jvm/java-21-openjdk-amd64/lib/src.zip. Java symbols will not be available.[0m
2026.01.22 22:28:29 INFO  time: indexed workspace in 2.25s[0m
2026.01.22 22:28:32 INFO  Disconnecting from Bloop session...[0m
2026.01.22 22:28:32 INFO  Shut down connection with build server.[0m
2026.01.22 22:28:32 INFO  [0m[31m[E][0m Caught java.lang.InterruptedException[0m
2026.01.22 22:28:32 ERROR Bloop 'bsp' command exited with code 1. Something may be wrong with the current configuration.
Running the [1mclean[0m sub-command to clear the working directory and remove caches might help.
If the error persists, please report the issue as a bug and attach a log with increased verbosity by passing [1m-v -v -v[0m.[0m
2026.01.22 22:28:32 INFO  Attempting to connect to the build server...[0m
2026.01.22 22:28:32 INFO  No running Bloop server found, starting one.[0m
2026.01.22 22:28:33 INFO  Starting compilation server[0m
2026.01.22 22:28:33 INFO  tracing is disabled for protocol BSP, to enable tracing of incoming and outgoing JSON messages create an empty file at /home/nullstarfish/personal-ysyx-workbench/ysyxSoC/.metals/bsp.trace.json[0m
2026.01.22 22:28:36 INFO  time: Connected to build server in 3.26s[0m
2026.01.22 22:28:36 INFO  Connected to Build server: Bloop v2.0.17[0m
2026.01.22 22:28:36 INFO  time: Imported build in 0.12s[0m
2026.01.22 22:28:38 INFO  expected identifier; obtained this (full report at: "/home/nullstarfish/personal-ysyx-workbench/ysyxSoC/.metals/.reports/metals/2026-01-22/r_scala-toplevel-mtags_22-28-18-331.md")[0m
2026.01.22 22:28:38 WARN  Could not find java sources in /usr/lib/jvm/src.zip, /usr/lib/jvm/lib/src.zip, /usr/lib/jvm/java-21-openjdk-amd64/src.zip, /usr/lib/jvm/java-21-openjdk-amd64/lib/src.zip. Java symbols will not be available.[0m
2026.01.22 22:28:38 INFO  time: indexed workspace in 2.22s[0m
2026.01.22 22:28:38 INFO  compiling rocketchip.macros (1 scala source)[0m
2026.01.22 22:28:38 INFO  compiling rocketchip.cde (1 scala source)[0m
2026.01.22 22:28:38 INFO  compiling rocketchip.hardfloat (20 scala sources)[0m
2026.01.22 22:28:45 INFO  compiling rocketchip.diplomacy (36 scala sources)[0m
2026.01.22 22:28:45 INFO  time: compiled rocketchip.cde in 6.8s[0m
2026.01.22 22:28:45 INFO  time: compiled rocketchip.macros in 6.82s[0m
2026.01.22 22:28:58 INFO  time: compiled rocketchip.diplomacy in 13s[0m
2026.01.22 22:29:01 INFO  time: compiled rocketchip.hardfloat in 22s[0m
2026.01.22 22:29:01 INFO  compiling rocketchip (317 scala sources)[0m
2026.01.22 22:30:11 WARN  7 deprecations[0m
2026.01.22 22:30:11 WARN  78 deprecations (since 2.13.0)[0m
2026.01.22 22:30:11 WARN  1 deprecation (since 2.13.7)[0m
2026.01.22 22:30:11 WARN  1 deprecation (since 9)[0m
2026.01.22 22:30:11 WARN  27 deprecations (since CDE 0.1)[0m
2026.01.22 22:30:11 WARN  10 deprecations (since diplomacy 1.0.0)[0m
2026.01.22 22:30:11 WARN  1 deprecation (since rocket-chip 1.2)[0m
2026.01.22 22:30:11 WARN  36 deprecations (since rocketchip 2.0.0)[0m
2026.01.22 22:30:11 WARN  161 deprecations in total; re-run with -deprecation for details[0m
2026.01.22 22:30:11 WARN  20 feature warnings; re-run with -feature for details[0m
2026.01.22 22:30:11 INFO  compiling ysyxsoc (35 scala sources)[0m
2026.01.22 22:30:14 INFO  time: compiled rocketchip in 1m12s[0m
2026.01.22 22:30:21 WARN  1 deprecation (since 2.13.0)[0m
2026.01.22 22:30:21 WARN  1 deprecation (since 2.13.3)[0m
2026.01.22 22:30:21 WARN  90 deprecations (since rocketchip 2.0.0)[0m
2026.01.22 22:30:21 WARN  92 deprecations in total; re-run with -deprecation for details[0m
2026.01.22 22:30:21 INFO  time: compiled ysyxsoc in 9.72s[0m
2026.01.22 22:30:21 INFO  Disconnecting from Bloop session...[0m
2026.01.22 22:30:21 INFO  Shut down connection with build server.[0m
2026.01.22 22:30:21 INFO  [0m[31m[E][0m Caught java.lang.InterruptedException[0m
2026.01.22 22:30:21 ERROR Bloop 'bsp' command exited with code 1. Something may be wrong with the current configuration.
Running the [1mclean[0m sub-command to clear the working directory and remove caches might help.
If the error persists, please report the issue as a bug and attach a log with increased verbosity by passing [1m-v -v -v[0m.[0m
2026.01.22 22:30:21 INFO  Attempting to connect to the build server...[0m
2026.01.22 22:30:21 INFO  No running Bloop server found, starting one.[0m
2026.01.22 22:30:23 INFO  Starting compilation server[0m
2026.01.22 22:30:25 INFO  tracing is disabled for protocol BSP, to enable tracing of incoming and outgoing JSON messages create an empty file at /home/nullstarfish/personal-ysyx-workbench/ysyxSoC/.metals/bsp.trace.json[0m
2026.01.22 22:30:29 INFO  time: Connected to build server in 6.38s[0m
2026.01.22 22:30:29 INFO  Connected to Build server: Bloop v2.0.17[0m
2026.01.22 22:30:29 INFO  time: Imported build in 0.23s[0m
2026.01.22 22:30:33 INFO  expected identifier; obtained this (full report at: "/home/nullstarfish/personal-ysyx-workbench/ysyxSoC/.metals/.reports/metals/2026-01-22/r_scala-toplevel-mtags_22-28-18-331.md")[0m
2026.01.22 22:30:33 WARN  Could not find java sources in /usr/lib/jvm/src.zip, /usr/lib/jvm/lib/src.zip, /usr/lib/jvm/java-21-openjdk-amd64/src.zip, /usr/lib/jvm/java-21-openjdk-amd64/lib/src.zip. Java symbols will not be available.[0m
2026.01.22 22:30:33 INFO  time: indexed workspace in 4.25s[0m
2026.01.22 22:30:34 INFO  compiling rocketchip.macros (1 scala source)[0m
2026.01.22 22:30:34 INFO  compiling rocketchip.cde (1 scala source)[0m
2026.01.22 22:30:34 INFO  compiling rocketchip.hardfloat (20 scala sources)[0m
2026.01.22 22:30:39 INFO  time: compiled rocketchip.cde in 5.46s[0m
2026.01.22 22:30:39 INFO  time: compiled rocketchip.macros in 5.47s[0m
2026.01.22 22:30:39 INFO  compiling rocketchip.diplomacy (36 scala sources)[0m
2026.01.22 22:30:56 INFO  time: compiled rocketchip.diplomacy in 17s[0m
2026.01.22 22:30:56 INFO  time: compiled rocketchip.hardfloat in 23s[0m
2026.01.22 22:30:58 INFO  compiling rocketchip (317 scala sources)[0m
2026.01.22 22:31:06 INFO  Created report: Optional[file:///home/nullstarfish/personal-ysyx-workbench/ysyxSoC/src/device/SPI.scala][0m
2026.01.22 22:31:06 INFO  empty definition using pc, found symbol in pc:  (full report at: "/home/nullstarfish/personal-ysyx-workbench/ysyxSoC/.metals/.reports/metals-full/2026-01-22/r_empty-definition_(ysyxsoc)_22-31-06-009.md")[0m
2026.01.22 22:32:07 WARN  7 deprecations[0m
2026.01.22 22:32:07 WARN  78 deprecations (since 2.13.0)[0m
2026.01.22 22:32:07 WARN  1 deprecation (since 2.13.7)[0m
2026.01.22 22:32:07 WARN  1 deprecation (since 9)[0m
2026.01.22 22:32:07 WARN  27 deprecations (since CDE 0.1)[0m
2026.01.22 22:32:07 WARN  10 deprecations (since diplomacy 1.0.0)[0m
2026.01.22 22:32:07 WARN  1 deprecation (since rocket-chip 1.2)[0m
2026.01.22 22:32:07 WARN  36 deprecations (since rocketchip 2.0.0)[0m
2026.01.22 22:32:07 WARN  161 deprecations in total; re-run with -deprecation for details[0m
2026.01.22 22:32:07 WARN  20 feature warnings; re-run with -feature for details[0m
2026.01.22 22:32:07 INFO  compiling ysyxsoc (35 scala sources)[0m
2026.01.22 22:32:09 INFO  time: compiled rocketchip in 1m11s[0m
2026.01.22 22:32:17 WARN  1 deprecation (since 2.13.0)[0m
2026.01.22 22:32:17 WARN  1 deprecation (since 2.13.3)[0m
2026.01.22 22:32:17 WARN  90 deprecations (since rocketchip 2.0.0)[0m
2026.01.22 22:32:17 WARN  92 deprecations in total; re-run with -deprecation for details[0m
2026.01.22 22:32:17 INFO  time: compiled ysyxsoc in 10s[0m
2026.01.22 22:32:18 INFO  Disconnecting from Bloop session...[0m
2026.01.22 22:32:18 INFO  Shut down connection with build server.[0m
2026.01.22 22:32:18 INFO  [0m[31m[E][0m Caught java.lang.InterruptedException[0m
2026.01.22 22:32:18 ERROR Bloop 'bsp' command exited with code 1. Something may be wrong with the current configuration.
Running the [1mclean[0m sub-command to clear the working directory and remove caches might help.
If the error persists, please report the issue as a bug and attach a log with increased verbosity by passing [1m-v -v -v[0m.[0m
2026.01.22 22:32:18 INFO  Attempting to connect to the build server...[0m
2026.01.22 22:32:18 INFO  No running Bloop server found, starting one.[0m
2026.01.22 22:32:19 INFO  Starting compilation server[0m
2026.01.22 22:32:20 INFO  tracing is disabled for protocol BSP, to enable tracing of incoming and outgoing JSON messages create an empty file at /home/nullstarfish/personal-ysyx-workbench/ysyxSoC/.metals/bsp.trace.json[0m
2026.01.22 22:32:24 INFO  time: Connected to build server in 6.03s[0m
2026.01.22 22:32:24 INFO  Connected to Build server: Bloop v2.0.17[0m
2026.01.22 22:32:25 INFO  time: Imported build in 0.21s[0m
2026.01.22 22:32:27 INFO  expected identifier; obtained this (full report at: "/home/nullstarfish/personal-ysyx-workbench/ysyxSoC/.metals/.reports/metals/2026-01-22/r_scala-toplevel-mtags_22-28-18-331.md")[0m
2026.01.22 22:32:27 WARN  Could not find java sources in /usr/lib/jvm/src.zip, /usr/lib/jvm/lib/src.zip, /usr/lib/jvm/java-21-openjdk-amd64/src.zip, /usr/lib/jvm/java-21-openjdk-amd64/lib/src.zip. Java symbols will not be available.[0m
2026.01.22 22:32:27 INFO  time: indexed workspace in 2.71s[0m
2026.01.22 22:32:28 INFO  compiling rocketchip.cde (1 scala source)[0m
2026.01.22 22:32:28 INFO  compiling rocketchip.macros (1 scala source)[0m
2026.01.22 22:32:28 INFO  compiling rocketchip.hardfloat (20 scala sources)[0m
2026.01.22 22:32:33 INFO  time: compiled rocketchip.macros in 5.18s[0m
2026.01.22 22:32:33 INFO  time: compiled rocketchip.cde in 5.18s[0m
2026.01.22 22:32:33 INFO  compiling rocketchip.diplomacy (36 scala sources)[0m
2026.01.22 22:32:49 INFO  time: compiled rocketchip.diplomacy in 16s[0m
2026.01.22 22:32:49 INFO  time: compiled rocketchip.hardfloat in 22s[0m
2026.01.22 22:32:51 INFO  compiling rocketchip (317 scala sources)[0m
2026.01.22 22:33:58 WARN  7 deprecations[0m
2026.01.22 22:33:58 WARN  78 deprecations (since 2.13.0)[0m
2026.01.22 22:33:58 WARN  1 deprecation (since 2.13.7)[0m
2026.01.22 22:33:58 WARN  1 deprecation (since 9)[0m
2026.01.22 22:33:58 WARN  27 deprecations (since CDE 0.1)[0m
2026.01.22 22:33:58 WARN  10 deprecations (since diplomacy 1.0.0)[0m
2026.01.22 22:33:58 WARN  1 deprecation (since rocket-chip 1.2)[0m
2026.01.22 22:33:58 WARN  36 deprecations (since rocketchip 2.0.0)[0m
2026.01.22 22:33:58 WARN  161 deprecations in total; re-run with -deprecation for details[0m
2026.01.22 22:33:58 WARN  20 feature warnings; re-run with -feature for details[0m
2026.01.22 22:33:59 INFO  compiling ysyxsoc (35 scala sources)[0m
2026.01.22 22:34:00 INFO  time: compiled rocketchip in 1m9s[0m
2026.01.22 22:34:09 WARN  1 deprecation (since 2.13.0)[0m
2026.01.22 22:34:09 WARN  1 deprecation (since 2.13.3)[0m
2026.01.22 22:34:09 WARN  90 deprecations (since rocketchip 2.0.0)[0m
2026.01.22 22:34:09 WARN  92 deprecations in total; re-run with -deprecation for details[0m
2026.01.22 22:34:09 INFO  time: compiled ysyxsoc in 10s[0m
2026.01.22 22:55:06 ERROR Bloop 'bsp' command exited with code 1. Something may be wrong with the current configuration.
Running the [1mclean[0m sub-command to clear the working directory and remove caches might help.
If the error persists, please report the issue as a bug and attach a log with increased verbosity by passing [1m-v -v -v[0m.[0m
2026.01.22 22:55:06 INFO  No running Bloop server found, starting one.[0m
2026.01.22 22:55:07 INFO  Starting compilation server[0m
2026.01.22 22:55:08 INFO  tracing is disabled for protocol BSP, to enable tracing of incoming and outgoing JSON messages create an empty file at /home/nullstarfish/personal-ysyx-workbench/ysyxSoC/.metals/bsp.trace.json[0m
2026.01.22 22:55:11 INFO  Connected to Build server: Bloop v2.0.17[0m
2026.01.22 22:55:11 INFO  time: Imported build in 0.14s[0m
2026.01.22 22:55:16 INFO  expected identifier; obtained this (full report at: "/home/nullstarfish/personal-ysyx-workbench/ysyxSoC/.metals/.reports/metals/2026-01-22/r_scala-toplevel-mtags_22-28-18-331.md")[0m
2026.01.22 22:55:16 WARN  Could not find java sources in /usr/lib/jvm/src.zip, /usr/lib/jvm/lib/src.zip, /usr/lib/jvm/java-21-openjdk-amd64/src.zip, /usr/lib/jvm/java-21-openjdk-amd64/lib/src.zip. Java symbols will not be available.[0m
2026.01.22 22:55:16 INFO  time: indexed workspace in 5.03s[0m
2026.01.22 22:55:16 INFO  compiling rocketchip.cde (1 scala source)[0m
2026.01.22 22:55:16 INFO  compiling rocketchip.macros (1 scala source)[0m
2026.01.22 22:55:16 INFO  compiling rocketchip.hardfloat (20 scala sources)[0m
2026.01.22 22:55:21 INFO  time: compiled rocketchip.macros in 4.26s[0m
2026.01.22 22:55:21 INFO  time: compiled rocketchip.cde in 4.26s[0m
2026.01.22 22:55:21 INFO  compiling rocketchip.diplomacy (36 scala sources)[0m
2026.01.22 22:55:31 INFO  time: compiled rocketchip.diplomacy in 9.8s[0m
2026.01.22 22:55:32 INFO  time: compiled rocketchip.hardfloat in 15s[0m
2026.01.22 22:55:32 INFO  compiling rocketchip (317 scala sources)[0m
2026.01.22 22:56:44 WARN  7 deprecations[0m
2026.01.22 22:56:44 WARN  78 deprecations (since 2.13.0)[0m
2026.01.22 22:56:44 WARN  1 deprecation (since 2.13.7)[0m
2026.01.22 22:56:44 WARN  1 deprecation (since 9)[0m
2026.01.22 22:56:44 WARN  27 deprecations (since CDE 0.1)[0m
2026.01.22 22:56:44 WARN  10 deprecations (since diplomacy 1.0.0)[0m
2026.01.22 22:56:44 WARN  1 deprecation (since rocket-chip 1.2)[0m
2026.01.22 22:56:44 WARN  36 deprecations (since rocketchip 2.0.0)[0m
2026.01.22 22:56:44 WARN  161 deprecations in total; re-run with -deprecation for details[0m
2026.01.22 22:56:44 WARN  20 feature warnings; re-run with -feature for details[0m
2026.01.22 22:56:45 INFO  compiling ysyxsoc (35 scala sources)[0m
2026.01.22 22:56:48 INFO  time: compiled rocketchip in 1m15s[0m
2026.01.22 22:57:11 WARN  1 deprecation (since 2.13.0)[0m
2026.01.22 22:57:11 WARN  1 deprecation (since 2.13.3)[0m
2026.01.22 22:57:11 WARN  90 deprecations (since rocketchip 2.0.0)[0m
2026.01.22 22:57:11 WARN  92 deprecations in total; re-run with -deprecation for details[0m
2026.01.22 22:57:11 INFO  time: compiled ysyxsoc in 26s[0m
2026.01.23 00:21:20 INFO  Shutting down server[0m
2026.01.23 00:21:20 INFO  Memory monitor stopped[0m
2026.01.23 00:21:20 INFO  shutting down Metals[0m
2026.01.23 00:21:20 INFO  Shut down connection with build server.[0m
2026.01.23 00:21:20 INFO  Exiting server[0m
2026.01.23 10:20:50 INFO  tracing is disabled for protocol LSP, to enable tracing of incoming and outgoing JSON messages create an empty file at /home/nullstarfish/personal-ysyx-workbench/ysyxSoC/.metals/lsp.trace.json[0m
2026.01.23 10:20:51 INFO  logging to files /home/nullstarfish/personal-ysyx-workbench/ysyxSoC/.metals/metals.log[0m
2026.01.23 10:20:51 INFO  Started: Metals version 1.6.5 in folders '/home/nullstarfish/personal-ysyx-workbench/ysyxSoC' for client Visual Studio Code 1.108.1.[0m
2026.01.23 10:20:51 INFO  Memory monitor started[0m
2026.01.23 10:20:51 WARN  Using H2 2.4.240 which is newer than the version Flyway has been verified with. The latest verified version of H2 is 2.3.232.[0m
2026.01.23 10:20:52 INFO  no build target found for /home/nullstarfish/personal-ysyx-workbench/ysyxSoC/src/device/SPI.scala. Using presentation compiler with project's scala-library version: 3.3.7[0m
2026.01.23 10:20:52 INFO  Attempting to connect to the build server...[0m
2026.01.23 10:20:52 INFO  No running Bloop server found, starting one.[0m
2026.01.23 10:20:54 INFO  Starting compilation server[0m
2026.01.23 10:20:54 INFO  no build target found for /home/nullstarfish/personal-ysyx-workbench/ysyxSoC/src/device/SPI.scala. Using presentation compiler with project's scala-library version: 3.3.7[0m
2026.01.23 10:20:56 INFO  tracing is disabled for protocol BSP, to enable tracing of incoming and outgoing JSON messages create an empty file at /home/nullstarfish/personal-ysyx-workbench/ysyxSoC/.metals/bsp.trace.json[0m
2026.01.23 10:21:01 INFO  time: Connected to build server in 8.33s[0m
2026.01.23 10:21:01 INFO  Connected to Build server: Bloop v2.0.17[0m
2026.01.23 10:21:01 INFO  time: Imported build in 0.19s[0m
2026.01.23 10:21:01 WARN  2.13.14 is no longer supported in the current Metals versions, using the last known supported version 1.6.3[0m
2026.01.23 10:21:05 INFO  Created report: Optional[file:///home/nullstarfish/personal-ysyx-workbench/ysyxSoC/file:/home/nullstarfish/personal-ysyx-workbench/ysyxSoC/rocket-chip/src/main/scala/prci/ClockDomain.scala][0m
2026.01.23 10:21:05 INFO  expected identifier; obtained this (full report at: "/home/nullstarfish/personal-ysyx-workbench/ysyxSoC/.metals/.reports/metals/2026-01-23/r_scala-toplevel-mtags_10-21-05-128.md")[0m
2026.01.23 10:21:05 WARN  Could not find java sources in /usr/lib/jvm/src.zip, /usr/lib/jvm/lib/src.zip, /usr/lib/jvm/java-21-openjdk-amd64/src.zip, /usr/lib/jvm/java-21-openjdk-amd64/lib/src.zip. Java symbols will not be available.[0m
2026.01.23 10:21:05 INFO  time: indexed workspace in 4.79s[0m
2026.01.23 10:21:07 INFO  compiling rocketchip.cde (1 scala source)[0m
2026.01.23 10:21:07 INFO  compiling rocketchip.macros (1 scala source)[0m
2026.01.23 10:21:07 INFO  compiling rocketchip.hardfloat (20 scala sources)[0m
2026.01.23 10:21:13 INFO  time: compiled rocketchip.cde in 6.47s[0m
2026.01.23 10:21:13 INFO  time: compiled rocketchip.macros in 6.47s[0m
2026.01.23 10:21:13 INFO  compiling rocketchip.diplomacy (36 scala sources)[0m
2026.01.23 10:21:27 INFO  time: compiled rocketchip.diplomacy in 13s[0m
2026.01.23 10:21:27 INFO  time: compiled rocketchip.hardfloat in 21s[0m
2026.01.23 10:21:29 INFO  compiling rocketchip (317 scala sources)[0m
2026.01.23 10:23:08 WARN  7 deprecations[0m
2026.01.23 10:23:08 WARN  78 deprecations (since 2.13.0)[0m
2026.01.23 10:23:08 WARN  1 deprecation (since 2.13.7)[0m
2026.01.23 10:23:08 WARN  1 deprecation (since 9)[0m
2026.01.23 10:23:08 WARN  27 deprecations (since CDE 0.1)[0m
2026.01.23 10:23:08 WARN  10 deprecations (since diplomacy 1.0.0)[0m
2026.01.23 10:23:08 WARN  1 deprecation (since rocket-chip 1.2)[0m
2026.01.23 10:23:08 WARN  36 deprecations (since rocketchip 2.0.0)[0m
2026.01.23 10:23:08 WARN  161 deprecations in total; re-run with -deprecation for details[0m
2026.01.23 10:23:08 WARN  20 feature warnings; re-run with -feature for details[0m
2026.01.23 10:23:10 INFO  compiling ysyxsoc (35 scala sources)[0m
2026.01.23 10:23:11 INFO  time: compiled rocketchip in 1m42s[0m
2026.01.23 10:23:22 WARN  1 deprecation (since 2.13.0)[0m
2026.01.23 10:23:22 WARN  1 deprecation (since 2.13.3)[0m
2026.01.23 10:23:22 WARN  90 deprecations (since rocketchip 2.0.0)[0m
2026.01.23 10:23:22 WARN  92 deprecations in total; re-run with -deprecation for details[0m
2026.01.23 10:23:22 INFO  time: compiled ysyxsoc in 12s[0m
2026.01.23 12:26:18 INFO  compiling ysyxsoc (1 scala source)[0m
2026.01.23 12:26:19 INFO  time: compiled ysyxsoc in 1.42s[0m
2026.01.23 12:26:40 INFO  compiling ysyxsoc (2 scala sources)[0m
2026.01.23 12:26:44 INFO  time: compiled ysyxsoc in 3.91s[0m
Jan 23, 2026 12:26:54 PM org.eclipse.lsp4j.jsonrpc.RemoteEndpoint handleCancellation
WARNING: Unmatched cancel notification for request id 150
2026.01.23 12:27:06 INFO  compiling ysyxsoc (1 scala source)[0m
2026.01.23 12:27:06 INFO  time: compiled ysyxsoc in 0.57s[0m
2026.01.23 12:27:39 INFO  compiling ysyxsoc (2 scala sources)[0m
2026.01.23 12:27:42 WARN  2 deprecations (since rocketchip 2.0.0); re-run with -deprecation for details[0m
2026.01.23 12:27:42 INFO  time: compiled ysyxsoc in 3.34s[0m
2026.01.23 12:27:46 INFO  compiling ysyxsoc (1 scala source)[0m
2026.01.23 12:27:46 INFO  time: compiled ysyxsoc in 0.93s[0m
2026.04.13 21:20:47 INFO  tracing is disabled for protocol LSP, to enable tracing of incoming and outgoing JSON messages create an empty file at /home/nullstarfish/personal-ysyx-workbench/ysyxSoC/.metals/lsp.trace.json[0m
2026.04.13 21:20:48 INFO  logging to files /home/nullstarfish/personal-ysyx-workbench/ysyxSoC/.metals/metals.log[0m
2026.04.13 21:20:48 INFO  Started: Metals version 1.6.7 in folders '/home/nullstarfish/personal-ysyx-workbench/ysyxSoC' for client Visual Studio Code 1.115.0.[0m
2026.04.13 21:20:48 INFO  Memory monitor started[0m
2026.04.13 21:20:52 WARN  Using H2 2.4.240 which is newer than the version Flyway has been verified with. The latest verified version of H2 is 2.3.232.[0m
2026.04.13 21:20:52 INFO  no build target found for /home/nullstarfish/personal-ysyx-workbench/ysyxSoC/src/device/PSRAM.scala. Using presentation compiler with project's scala-library version: 3.3.7[0m
2026.04.13 21:20:52 INFO  no build target found for /home/nullstarfish/personal-ysyx-workbench/ysyxSoC/src/device/PSRAM.scala. Using presentation compiler with project's scala-library version: 3.3.7[0m
2026.04.13 21:20:52 INFO  Attempting to connect to the build server...[0m
2026.04.13 21:20:52 INFO  Found a Bloop server running[0m
2026.04.13 21:20:52 INFO  tracing is disabled for protocol BSP, to enable tracing of incoming and outgoing JSON messages create an empty file at /home/nullstarfish/personal-ysyx-workbench/ysyxSoC/.metals/bsp.trace.json[0m
Apr 13, 2026 9:20:55 PM org.eclipse.lsp4j.jsonrpc.RemoteEndpoint handleCancellation
WARNING: Unmatched cancel notification for request id 2
2026.04.13 21:20:55 INFO  no build target found for /home/nullstarfish/personal-ysyx-workbench/ysyxSoC/src/device/PSRAM.scala. Using presentation compiler with project's scala-library version: 3.3.7[0m
Apr 13, 2026 9:20:55 PM org.eclipse.lsp4j.jsonrpc.RemoteEndpoint handleCancellation
WARNING: Unmatched cancel notification for request id 8
Apr 13, 2026 9:20:55 PM org.eclipse.lsp4j.jsonrpc.RemoteEndpoint handleCancellation
WARNING: Unmatched cancel notification for request id 7
2026.04.13 21:20:55 INFO  no build target found for /home/nullstarfish/personal-ysyx-workbench/ysyxSoC/src/device/PSRAM.scala. Using presentation compiler with project's scala-library version: 3.3.7[0m
2026.04.13 21:20:55 INFO  no build target found for /home/nullstarfish/personal-ysyx-workbench/ysyxSoC/src/device/PSRAM.scala. Using presentation compiler with project's scala-library version: 3.3.7[0m
2026.04.13 21:20:55 INFO  no build target found for /home/nullstarfish/personal-ysyx-workbench/ysyxSoC/src/device/PSRAM.scala. Using presentation compiler with project's scala-library version: 3.3.7[0m
2026.04.13 21:20:55 INFO  no build target found for /home/nullstarfish/personal-ysyx-workbench/ysyxSoC/src/device/PSRAM.scala. Using presentation compiler with project's scala-library version: 3.3.7[0m
2026.04.13 21:20:55 INFO  no build target found for /home/nullstarfish/personal-ysyx-workbench/ysyxSoC/src/device/PSRAM.scala. Using presentation compiler with project's scala-library version: 3.3.7[0m
2026.04.13 21:20:55 WARN  no build target for: /home/nullstarfish/personal-ysyx-workbench/ysyxSoC/src/device/PSRAM.scala[0m
2026.04.13 21:20:55 INFO  no build target found for /home/nullstarfish/personal-ysyx-workbench/ysyxSoC/src/device/PSRAM.scala. Using presentation compiler with project's scala-library version: 3.3.7[0m
2026.04.13 21:20:56 INFO  no build target found for /home/nullstarfish/personal-ysyx-workbench/ysyxSoC/src/device/PSRAM.scala. Using presentation compiler with project's scala-library version: 3.3.7[0m
2026.04.13 21:20:56 INFO  no build target found for /home/nullstarfish/personal-ysyx-workbench/ysyxSoC/src/device/PSRAM.scala. Using presentation compiler with project's scala-library version: 3.3.7[0m
2026.04.13 21:20:57 WARN  no build target for: /home/nullstarfish/personal-ysyx-workbench/ysyxSoC/src/device/PSRAM.scala[0m
2026.04.13 21:20:57 INFO  no build target found for /home/nullstarfish/personal-ysyx-workbench/ysyxSoC/src/device/PSRAM.scala. Using presentation compiler with project's scala-library version: 3.3.7[0m
2026.04.13 21:21:09 INFO  time: Connected to build server in 16s[0m
2026.04.13 21:21:09 INFO  Connected to Build server: Bloop v2.0.19[0m
2026.04.13 21:21:09 WARN  2.13.14 is no longer supported in the current Metals versions, using the last known supported version 1.6.3[0m
2026.04.13 21:21:33 INFO  Created report: Optional[file:///home/nullstarfish/personal-ysyx-workbench/ysyxSoC/file:/home/nullstarfish/personal-ysyx-workbench/ysyxSoC/rocket-chip/src/main/scala/prci/ClockDomain.scala][0m
2026.04.13 21:21:33 INFO  expected identifier; obtained this (full report at: "/home/nullstarfish/personal-ysyx-workbench/ysyxSoC/.metals/.reports/metals/2026-04-13/r_scala-toplevel-mtags_21-21-33-385.md")[0m
2026.04.13 21:21:34 WARN  Could not find java sources in /usr/lib/jvm/src.zip, /usr/lib/jvm/lib/src.zip, /usr/lib/jvm/java-21-openjdk-amd64/src.zip, /usr/lib/jvm/java-21-openjdk-amd64/lib/src.zip. Java symbols will not be available.[0m
2026.04.13 21:21:34 WARN  unexpected dependency with absolute path: /home/nullstarfish/.cache/coursier/v1/https/repo1.maven.org/maven2/com/lihaoyi/mainargs_2.13/0.5.4/mainargs_2.13-0.5.4-sources.jar[0m
2026.04.13 21:21:34 WARN  unexpected dependency with absolute path: /home/nullstarfish/.cache/coursier/v1/https/repo1.maven.org/maven2/com/fasterxml/jackson/core/jackson-databind/2.12.7/jackson-databind-2.12.7-sources.jar[0m
2026.04.13 21:21:34 WARN  unexpected dependency with absolute path: /home/nullstarfish/.cache/coursier/v1/https/repo1.maven.org/maven2/com/lihaoyi/upack_2.13/3.3.0/upack_2.13-3.3.0-sources.jar[0m
2026.04.13 21:21:34 WARN  unexpected dependency with absolute path: /home/nullstarfish/.cache/coursier/v1/https/repo1.maven.org/maven2/org/scala-lang/scala-reflect/2.13.14/scala-reflect-2.13.14-sources.jar[0m
2026.04.13 21:21:34 WARN  unexpected dependency with absolute path: /home/nullstarfish/.cache/coursier/v1/https/repo1.maven.org/maven2/com/lihaoyi/os-lib_2.13/0.10.0/os-lib_2.13-0.10.0-sources.jar[0m
2026.04.13 21:21:34 WARN  unexpected dependency with absolute path: /home/nullstarfish/.cache/coursier/v1/https/repo1.maven.org/maven2/org/apache/commons/commons-lang3/3.14.0/commons-lang3-3.14.0-sources.jar[0m
2026.04.13 21:21:34 WARN  unexpected dependency with absolute path: /home/nullstarfish/.cache/coursier/v1/https/repo1.maven.org/maven2/com/lihaoyi/sourcecode_2.13/0.3.1/sourcecode_2.13-0.3.1-sources.jar[0m
2026.04.13 21:21:34 WARN  unexpected dependency with absolute path: /home/nullstarfish/.cache/coursier/v1/https/repo1.maven.org/maven2/com/lihaoyi/geny_2.13/1.1.0/geny_2.13-1.1.0-sources.jar[0m
2026.04.13 21:21:34 WARN  unexpected dependency with absolute path: /home/nullstarfish/.cache/coursier/v1/https/repo1.maven.org/maven2/org/json4s/json4s-jackson-core_2.13/4.0.6/json4s-jackson-core_2.13-4.0.6-sources.jar[0m
2026.04.13 21:21:34 WARN  unexpected dependency with absolute path: /home/nullstarfish/.cache/coursier/v1/https/repo1.maven.org/maven2/com/lihaoyi/ujson_2.13/3.3.0/ujson_2.13-3.3.0-sources.jar[0m
2026.04.13 21:21:34 WARN  unexpected dependency with absolute path: /home/nullstarfish/.cache/coursier/v1/https/repo1.maven.org/maven2/org/chipsalliance/chisel_2.13/7.0.0-M2/chisel_2.13-7.0.0-M2-sources.jar[0m
2026.04.13 21:21:34 WARN  unexpected dependency with absolute path: /home/nullstarfish/.cache/coursier/v1/https/repo1.maven.org/maven2/org/apache/commons/commons-text/1.12.0/commons-text-1.12.0-sources.jar[0m
2026.04.13 21:21:34 WARN  unexpected dependency with absolute path: /home/nullstarfish/.cache/coursier/v1/https/repo1.maven.org/maven2/com/fasterxml/jackson/core/jackson-core/2.12.7/jackson-core-2.12.7-sources.jar[0m
2026.04.13 21:21:34 WARN  unexpected dependency with absolute path: /home/nullstarfish/.cache/coursier/v1/https/repo1.maven.org/maven2/io/github/alexarchambault/data-class_2.13/0.2.6/data-class_2.13-0.2.6-sources.jar[0m
2026.04.13 21:21:34 WARN  unexpected dependency with absolute path: /home/nullstarfish/.cache/coursier/v1/https/repo1.maven.org/maven2/com/lihaoyi/upickle_2.13/3.3.0/upickle_2.13-3.3.0-sources.jar[0m
2026.04.13 21:21:34 WARN  unexpected dependency with absolute path: /home/nullstarfish/.cache/coursier/v1/https/repo1.maven.org/maven2/org/chipsalliance/firtool-resolver_2.13/2.0.0/firtool-resolver_2.13-2.0.0-sources.jar[0m
2026.04.13 21:21:34 WARN  unexpected dependency with absolute path: /home/nullstarfish/.cache/coursier/v1/https/repo1.maven.org/maven2/org/scala-lang/scala-library/2.13.14/scala-library-2.13.14-sources.jar[0m
2026.04.13 21:21:34 WARN  unexpected dependency with absolute path: /home/nullstarfish/.cache/coursier/v1/https/repo1.maven.org/maven2/org/json4s/json4s-jackson_2.13/4.0.6/json4s-jackson_2.13-4.0.6-sources.jar[0m
2026.04.13 21:21:34 WARN  unexpected dependency with absolute path: /home/nullstarfish/.cache/coursier/v1/https/repo1.maven.org/maven2/com/fasterxml/jackson/core/jackson-annotations/2.12.7/jackson-annotations-2.12.7-sources.jar[0m
2026.04.13 21:21:34 WARN  unexpected dependency with absolute path: /home/nullstarfish/.cache/coursier/v1/https/repo1.maven.org/maven2/com/lihaoyi/upickle-implicits_2.13/3.3.0/upickle-implicits_2.13-3.3.0-sources.jar[0m
2026.04.13 21:21:34 WARN  unexpected dependency with absolute path: /home/nullstarfish/.cache/coursier/v1/https/repo1.maven.org/maven2/org/scala-lang/modules/scala-parallel-collections_2.13/1.0.4/scala-parallel-collections_2.13-1.0.4-sources.jar[0m
2026.04.13 21:21:34 WARN  unexpected dependency with absolute path: /home/nullstarfish/.cache/coursier/v1/https/repo1.maven.org/maven2/com/lihaoyi/upickle-core_2.13/3.3.0/upickle-core_2.13-3.3.0-sources.jar[0m
2026.04.13 21:21:34 WARN  unexpected dependency with absolute path: /home/nullstarfish/.cache/coursier/v1/https/repo1.maven.org/maven2/org/scala-lang/scala-library/2.13.15/scala-library-2.13.15-sources.jar[0m
2026.04.13 21:21:34 WARN  unexpected dependency with absolute path: /home/nullstarfish/.cache/coursier/v1/https/repo1.maven.org/maven2/com/lihaoyi/mill-moduledefs_2.13/0.11.1/mill-moduledefs_2.13-0.11.1-sources.jar[0m
2026.04.13 21:21:34 WARN  unexpected dependency with absolute path: /home/nullstarfish/.cache/coursier/v1/https/repo1.maven.org/maven2/com/lihaoyi/mainargs_2.13/0.5.4/mainargs_2.13-0.5.4-sources.jar[0m
2026.04.13 21:21:34 WARN  unexpected dependency with absolute path: /home/nullstarfish/.cache/coursier/v1/https/repo1.maven.org/maven2/com/fasterxml/jackson/core/jackson-databind/2.12.7/jackson-databind-2.12.7-sources.jar[0m
2026.04.13 21:21:34 WARN  unexpected dependency with absolute path: /home/nullstarfish/.cache/coursier/v1/https/repo1.maven.org/maven2/com/lihaoyi/upack_2.13/3.3.0/upack_2.13-3.3.0-sources.jar[0m
2026.04.13 21:21:34 WARN  unexpected dependency with absolute path: /home/nullstarfish/.cache/coursier/v1/https/repo1.maven.org/maven2/org/scala-lang/scala-reflect/2.13.14/scala-reflect-2.13.14-sources.jar[0m
2026.04.13 21:21:34 WARN  unexpected dependency with absolute path: /home/nullstarfish/.cache/coursier/v1/https/repo1.maven.org/maven2/com/lihaoyi/os-lib_2.13/0.10.0/os-lib_2.13-0.10.0-sources.jar[0m
2026.04.13 21:21:34 WARN  unexpected dependency with absolute path: /home/nullstarfish/.cache/coursier/v1/https/repo1.maven.org/maven2/org/apache/commons/commons-lang3/3.14.0/commons-lang3-3.14.0-sources.jar[0m
2026.04.13 21:21:34 WARN  unexpected dependency with absolute path: /home/nullstarfish/.cache/coursier/v1/https/repo1.maven.org/maven2/com/lihaoyi/sourcecode_2.13/0.3.1/sourcecode_2.13-0.3.1-sources.jar[0m
2026.04.13 21:21:34 WARN  unexpected dependency with absolute path: /home/nullstarfish/.cache/coursier/v1/https/repo1.maven.org/maven2/com/lihaoyi/geny_2.13/1.1.0/geny_2.13-1.1.0-sources.jar[0m
2026.04.13 21:21:34 WARN  unexpected dependency with absolute path: /home/nullstarfish/.cache/coursier/v1/https/repo1.maven.org/maven2/org/json4s/json4s-jackson-core_2.13/4.0.6/json4s-jackson-core_2.13-4.0.6-sources.jar[0m
2026.04.13 21:21:34 WARN  unexpected dependency with absolute path: /home/nullstarfish/.cache/coursier/v1/https/repo1.maven.org/maven2/com/lihaoyi/ujson_2.13/3.3.0/ujson_2.13-3.3.0-sources.jar[0m
2026.04.13 21:21:34 WARN  unexpected dependency with absolute path: /home/nullstarfish/.cache/coursier/v1/https/repo1.maven.org/maven2/org/chipsalliance/chisel_2.13/7.0.0-M2/chisel_2.13-7.0.0-M2-sources.jar[0m
2026.04.13 21:21:34 WARN  unexpected dependency with absolute path: /home/nullstarfish/.cache/coursier/v1/https/repo1.maven.org/maven2/org/apache/commons/commons-text/1.12.0/commons-text-1.12.0-sources.jar[0m
2026.04.13 21:21:34 WARN  unexpected dependency with absolute path: /home/nullstarfish/.cache/coursier/v1/https/repo1.maven.org/maven2/com/fasterxml/jackson/core/jackson-core/2.12.7/jackson-core-2.12.7-sources.jar[0m
2026.04.13 21:21:34 WARN  unexpected dependency with absolute path: /home/nullstarfish/.cache/coursier/v1/https/repo1.maven.org/maven2/io/github/alexarchambault/data-class_2.13/0.2.6/data-class_2.13-0.2.6-sources.jar[0m
2026.04.13 21:21:34 WARN  unexpected dependency with absolute path: /home/nullstarfish/.cache/coursier/v1/https/repo1.maven.org/maven2/com/lihaoyi/upickle_2.13/3.3.0/upickle_2.13-3.3.0-sources.jar[0m
2026.04.13 21:21:34 WARN  unexpected dependency with absolute path: /home/nullstarfish/.cache/coursier/v1/https/repo1.maven.org/maven2/org/chipsalliance/firtool-resolver_2.13/2.0.0/firtool-resolver_2.13-2.0.0-sources.jar[0m
2026.04.13 21:21:34 WARN  unexpected dependency with absolute path: /home/nullstarfish/.cache/coursier/v1/https/repo1.maven.org/maven2/org/scala-lang/scala-library/2.13.14/scala-library-2.13.14-sources.jar[0m
2026.04.13 21:21:34 WARN  unexpected dependency with absolute path: /home/nullstarfish/.cache/coursier/v1/https/repo1.maven.org/maven2/org/json4s/json4s-jackson_2.13/4.0.6/json4s-jackson_2.13-4.0.6-sources.jar[0m
2026.04.13 21:21:34 WARN  unexpected dependency with absolute path: /home/nullstarfish/.cache/coursier/v1/https/repo1.maven.org/maven2/com/fasterxml/jackson/core/jackson-annotations/2.12.7/jackson-annotations-2.12.7-sources.jar[0m
2026.04.13 21:21:34 WARN  unexpected dependency with absolute path: /home/nullstarfish/.cache/coursier/v1/https/repo1.maven.org/maven2/com/lihaoyi/upickle-implicits_2.13/3.3.0/upickle-implicits_2.13-3.3.0-sources.jar[0m
2026.04.13 21:21:34 WARN  unexpected dependency with absolute path: /home/nullstarfish/.cache/coursier/v1/https/repo1.maven.org/maven2/org/scala-lang/modules/scala-parallel-collections_2.13/1.0.4/scala-parallel-collections_2.13-1.0.4-sources.jar[0m
2026.04.13 21:21:34 WARN  unexpected dependency with absolute path: /home/nullstarfish/.cache/coursier/v1/https/repo1.maven.org/maven2/com/lihaoyi/upickle-core_2.13/3.3.0/upickle-core_2.13-3.3.0-sources.jar[0m
2026.04.13 21:21:34 WARN  unexpected dependency with absolute path: /home/nullstarfish/.cache/coursier/v1/https/repo1.maven.org/maven2/org/scala-lang/scala-library/2.13.15/scala-library-2.13.15-sources.jar[0m
2026.04.13 21:21:34 WARN  unexpected dependency with absolute path: /home/nullstarfish/.cache/coursier/v1/https/repo1.maven.org/maven2/com/lihaoyi/mill-moduledefs_2.13/0.11.1/mill-moduledefs_2.13-0.11.1-sources.jar[0m
2026.04.13 21:21:34 INFO  time: indexed workspace in 25s[0m
2026.04.13 21:21:34 INFO  compiling rocketchip.hardfloat (20 scala sources)[0m
2026.04.13 21:21:34 INFO  compiling rocketchip.cde (1 scala source)[0m
2026.04.13 21:21:34 INFO  compiling rocketchip.macros (1 scala source)[0m
2026.04.13 21:21:39 INFO  compiling rocketchip.diplomacy (36 scala sources)[0m
2026.04.13 21:21:39 INFO  time: compiled rocketchip.macros in 4.88s[0m
2026.04.13 21:21:39 INFO  time: compiled rocketchip.cde in 4.88s[0m
2026.04.13 21:21:46 INFO  time: compiled rocketchip.diplomacy in 6.67s[0m
2026.04.13 21:21:46 INFO  time: compiled rocketchip.hardfloat in 11s[0m
2026.04.13 21:21:46 INFO  compiling rocketchip (317 scala sources)[0m
2026.04.13 21:22:35 WARN  7 deprecations[0m
2026.04.13 21:22:35 WARN  78 deprecations (since 2.13.0)[0m
2026.04.13 21:22:35 WARN  1 deprecation (since 2.13.7)[0m
2026.04.13 21:22:35 WARN  1 deprecation (since 9)[0m
2026.04.13 21:22:35 WARN  27 deprecations (since CDE 0.1)[0m
2026.04.13 21:22:35 WARN  10 deprecations (since diplomacy 1.0.0)[0m
2026.04.13 21:22:35 WARN  1 deprecation (since rocket-chip 1.2)[0m
2026.04.13 21:22:35 WARN  36 deprecations (since rocketchip 2.0.0)[0m
2026.04.13 21:22:35 WARN  161 deprecations in total; re-run with -deprecation for details[0m
2026.04.13 21:22:35 WARN  20 feature warnings; re-run with -feature for details[0m
2026.04.13 21:22:35 INFO  compiling ysyxsoc (37 scala sources)[0m
2026.04.13 21:22:37 INFO  time: compiled rocketchip in 50s[0m
2026.04.13 21:22:37 INFO  time: compiled ysyxsoc in 1.94s[0m
2026.04.13 21:32:26 INFO  compiling ysyxsoc (37 scala sources)[0m
2026.04.13 21:32:29 INFO  time: compiled ysyxsoc in 2.73s[0m
2026.04.13 21:32:43 INFO  compiling ysyxsoc (37 scala sources)[0m
2026.04.13 21:32:49 WARN  Could not find semantic tokens for: file:///home/nullstarfish/personal-ysyx-workbench/ysyxSoC/src/device/PSRAM.scala[0m
2026.04.13 21:32:50 WARN  1 deprecation (since 2.13.0)[0m
2026.04.13 21:32:50 WARN  1 deprecation (since 2.13.3)[0m
2026.04.13 21:32:50 WARN  90 deprecations (since rocketchip 2.0.0)[0m
2026.04.13 21:32:50 WARN  92 deprecations in total; re-run with -deprecation for details[0m
2026.04.13 21:32:50 INFO  time: compiled ysyxsoc in 7.2s[0m
Apr 13, 2026 9:33:03 PM org.eclipse.lsp4j.jsonrpc.RemoteEndpoint handleCancellation
WARNING: Unmatched cancel notification for request id 267
2026.04.13 21:33:06 WARN  Could not find semantic tokens for: file:///home/nullstarfish/personal-ysyx-workbench/ysyxSoC/src/device/PSRAM.scala[0m
Apr 13, 2026 9:33:27 PM org.eclipse.lsp4j.jsonrpc.RemoteEndpoint handleCancellation
WARNING: Unmatched cancel notification for request id 419
2026.04.13 21:34:58 WARN  Could not find semantic tokens for: file:///home/nullstarfish/personal-ysyx-workbench/ysyxSoC/src/device/PSRAM.scala[0m
2026.04.13 21:35:13 INFO  compiling ysyxsoc (1 scala source)[0m
2026.04.13 21:35:13 INFO  time: compiled ysyxsoc in 0.77s[0m
2026.04.13 21:35:17 INFO  compiling ysyxsoc (1 scala source)[0m
2026.04.13 21:35:17 INFO  time: compiled ysyxsoc in 0.33s[0m
2026.04.13 21:35:44 INFO  compiling ysyxsoc (1 scala source)[0m
Apr 13, 2026 9:35:45 PM scala.meta.internal.pc.CompletionProvider expected$1
WARNING: Range [1571, 1571 + -1) out of bounds for length 2299
2026.04.13 21:35:46 WARN  2 deprecations (since rocketchip 2.0.0); re-run with -deprecation for details[0m
2026.04.13 21:35:46 INFO  time: compiled ysyxsoc in 1.85s[0m
2026.04.13 21:35:59 WARN  Could not find semantic tokens for: file:///home/nullstarfish/personal-ysyx-workbench/ysyxSoC/src/device/PSRAM.scala[0m
Apr 13, 2026 9:36:16 PM org.eclipse.lsp4j.jsonrpc.RemoteEndpoint handleCancellation
WARNING: Unmatched cancel notification for request id 1050
Apr 13, 2026 9:36:16 PM org.eclipse.lsp4j.jsonrpc.RemoteEndpoint handleCancellation
WARNING: Unmatched cancel notification for request id 1054
2026.04.13 21:36:22 INFO  compiling ysyxsoc (1 scala source)[0m
2026.04.13 21:36:22 INFO  time: compiled ysyxsoc in 0.3s[0m
2026.04.13 21:36:51 INFO  compiling ysyxsoc (1 scala source)[0m
2026.04.13 21:36:51 INFO  time: compiled ysyxsoc in 0.2s[0m
2026.04.13 21:37:04 INFO  compiling ysyxsoc (1 scala source)[0m
2026.04.13 21:37:05 WARN  2 deprecations (since rocketchip 2.0.0); re-run with -deprecation for details[0m
2026.04.13 21:37:05 INFO  time: compiled ysyxsoc in 1.48s[0m
2026.04.13 21:37:12 INFO  compiling ysyxsoc (1 scala source)[0m
2026.04.13 21:37:12 WARN  2 deprecations (since rocketchip 2.0.0); re-run with -deprecation for details[0m
2026.04.13 21:37:13 INFO  time: compiled ysyxsoc in 1.08s[0m
Apr 13, 2026 9:37:25 PM org.eclipse.lsp4j.jsonrpc.RemoteEndpoint handleCancellation
WARNING: Unmatched cancel notification for request id 1376
Apr 13, 2026 9:37:41 PM org.eclipse.lsp4j.jsonrpc.RemoteEndpoint handleCancellation
WARNING: Unmatched cancel notification for request id 1539
2026.04.13 21:37:59 WARN  Could not find semantic tokens for: file:///home/nullstarfish/personal-ysyx-workbench/ysyxSoC/src/device/PSRAM.scala[0m
2026.04.13 21:38:04 WARN  Could not find semantic tokens for: file:///home/nullstarfish/personal-ysyx-workbench/ysyxSoC/src/device/PSRAM.scala[0m
2026.04.13 21:38:10 INFO  compiling ysyxsoc (1 scala source)[0m
2026.04.13 21:38:12 WARN  2 deprecations (since rocketchip 2.0.0); re-run with -deprecation for details[0m
2026.04.13 21:38:12 INFO  time: compiled ysyxsoc in 2.48s[0m
2026.04.13 21:38:28 WARN  Could not find semantic tokens for: file:///home/nullstarfish/personal-ysyx-workbench/ysyxSoC/src/device/PSRAM.scala[0m
2026.04.13 21:38:29 WARN  Could not find semantic tokens for: file:///home/nullstarfish/personal-ysyx-workbench/ysyxSoC/src/device/PSRAM.scala[0m
2026.04.13 21:39:02 WARN  Could not find semantic tokens for: file:///home/nullstarfish/personal-ysyx-workbench/ysyxSoC/src/device/PSRAM.scala[0m
2026.04.13 21:39:37 WARN  Could not find semantic tokens for: file:///home/nullstarfish/personal-ysyx-workbench/ysyxSoC/src/device/PSRAM.scala[0m
Apr 13, 2026 9:39:45 PM org.eclipse.lsp4j.jsonrpc.RemoteEndpoint handleCancellation
WARNING: Unmatched cancel notification for request id 2753
Apr 13, 2026 9:39:47 PM org.eclipse.lsp4j.jsonrpc.RemoteEndpoint handleCancellation
WARNING: Unmatched cancel notification for request id 2767
Apr 13, 2026 9:39:47 PM org.eclipse.lsp4j.jsonrpc.RemoteEndpoint handleCancellation
WARNING: Unmatched cancel notification for request id 2769
Apr 13, 2026 9:40:13 PM org.eclipse.lsp4j.jsonrpc.RemoteEndpoint handleCancellation
WARNING: Unmatched cancel notification for request id 2899
2026.04.13 21:40:13 INFO  Created report: Optional[file:///home/nullstarfish/personal-ysyx-workbench/ysyxSoC/src/device/PSRAM.scala][0m
2026.04.13 21:40:13 INFO  java.lang.IndexOutOfBoundsException: -1 is out of bounds (min 0, max 2) (full report at: "/home/nullstarfish/personal-ysyx-workbench/ysyxSoC/.metals/.reports/metals-full/2026-04-13/r_compiler-error_(ysyxsoc)_21-40-13-537.md")[0m
2026.04.13 21:40:13 WARN  Could not find semantic tokens for: file:///home/nullstarfish/personal-ysyx-workbench/ysyxSoC/src/device/PSRAM.scala[0m
2026.04.13 21:40:14 WARN  Could not find semantic tokens for: file:///home/nullstarfish/personal-ysyx-workbench/ysyxSoC/src/device/PSRAM.scala[0m
2026.04.13 21:40:21 INFO  compiling ysyxsoc (1 scala source)[0m
2026.04.13 21:40:24 WARN  2 deprecations (since rocketchip 2.0.0); re-run with -deprecation for details[0m
2026.04.13 21:40:24 INFO  time: compiled ysyxsoc in 2.37s[0m
2026.04.13 21:40:53 INFO  compiling ysyxsoc (1 scala source)[0m
2026.04.13 21:40:55 WARN  2 deprecations (since rocketchip 2.0.0); re-run with -deprecation for details[0m
2026.04.13 21:40:55 INFO  time: compiled ysyxsoc in 1.4s[0m
Exception in thread "pool-10-thread-1" java.lang.InterruptedException
	at scala.meta.internal.metals.FutureCancelToken.checkCanceled(FutureCancelToken.scala:29)
	at scala.meta.internal.pc.CompilerAccess.$anonfun$onCompilerJobQueue$1(CompilerAccess.scala:207)
	at scala.meta.internal.pc.CompilerJobQueue$Job.run(CompilerJobQueue.scala:152)
	at java.base/java.util.concurrent.ThreadPoolExecutor.runWorker(ThreadPoolExecutor.java:1144)
	at java.base/java.util.concurrent.ThreadPoolExecutor$Worker.run(ThreadPoolExecutor.java:642)
	at java.base/java.lang.Thread.run(Thread.java:1583)
Exception in thread "pool-10-thread-2" java.lang.InterruptedException
	at scala.meta.internal.metals.FutureCancelToken.checkCanceled(FutureCancelToken.scala:29)
	at scala.meta.internal.pc.CompilerAccess.$anonfun$onCompilerJobQueue$1(CompilerAccess.scala:207)
	at scala.meta.internal.pc.CompilerJobQueue$Job.run(CompilerJobQueue.scala:152)
	at java.base/java.util.concurrent.ThreadPoolExecutor.runWorker(ThreadPoolExecutor.java:1144)
	at java.base/java.util.concurrent.ThreadPoolExecutor$Worker.run(ThreadPoolExecutor.java:642)
	at java.base/java.lang.Thread.run(Thread.java:1583)
2026.04.13 21:41:13 INFO  Created report: Optional[file:///home/nullstarfish/personal-ysyx-workbench/ysyxSoC/src/device/PSRAM.scala][0m
2026.04.13 21:41:13 INFO  empty definition using pc, found symbol in pc: chisel3/RegInit.apply(+1). (full report at: "/home/nullstarfish/personal-ysyx-workbench/ysyxSoC/.metals/.reports/metals-full/2026-04-13/r_empty-definition_(ysyxsoc)_21-41-13-982.md")[0m
2026.04.13 21:42:28 WARN  Could not find semantic tokens for: file:///home/nullstarfish/personal-ysyx-workbench/ysyxSoC/src/device/PSRAM.scala[0m
2026.04.13 21:42:33 INFO  compiling ysyxsoc (1 scala source)[0m
2026.04.13 21:42:35 WARN  2 deprecations (since rocketchip 2.0.0); re-run with -deprecation for details[0m
2026.04.13 21:42:35 INFO  time: compiled ysyxsoc in 2.37s[0m
Apr 13, 2026 9:43:39 PM org.eclipse.lsp4j.jsonrpc.RemoteEndpoint handleCancellation
WARNING: Unmatched cancel notification for request id 3388
Apr 13, 2026 9:43:49 PM org.eclipse.lsp4j.jsonrpc.RemoteEndpoint handleCancellation
WARNING: Unmatched cancel notification for request id 3492
2026.04.13 21:43:55 INFO  Created report: Optional[file:///home/nullstarfish/personal-ysyx-workbench/ysyxSoC/src/device/PSRAM.scala][0m
2026.04.13 21:43:55 INFO  java.lang.IndexOutOfBoundsException: -1 is out of bounds (min 0, max 2) (full report at: "/home/nullstarfish/personal-ysyx-workbench/ysyxSoC/.metals/.reports/metals-full/2026-04-13/r_compiler-error_(ysyxsoc)_21-43-55-574.md")[0m
2026.04.13 21:43:55 WARN  Could not find semantic tokens for: file:///home/nullstarfish/personal-ysyx-workbench/ysyxSoC/src/device/PSRAM.scala[0m
Apr 13, 2026 9:43:58 PM org.eclipse.lsp4j.jsonrpc.RemoteEndpoint handleCancellation
WARNING: Unmatched cancel notification for request id 3597
2026.04.13 21:44:00 WARN  Could not find semantic tokens for: file:///home/nullstarfish/personal-ysyx-workbench/ysyxSoC/src/device/PSRAM.scala[0m
Apr 13, 2026 9:44:04 PM scala.meta.internal.pc.MetalsGlobal inverseSemanticdbSymbols
SEVERE: invalid SemanticDB symbol: freechips/rocketchip/tile/BusErrorUnit#Impl#reg().
illegal cyclic inheritance involving class Module
Apr 13, 2026 9:44:04 PM scala.meta.internal.pc.MetalsGlobal inverseSemanticdbSymbols
SEVERE: invalid SemanticDB symbol: freechips/rocketchip/tile/BusErrorUnit#Impl#reg(+1).
illegal cyclic reference involving class Impl
Apr 13, 2026 9:44:04 PM scala.meta.internal.pc.MetalsGlobal inverseSemanticdbSymbols
SEVERE: invalid SemanticDB symbol: freechips/rocketchip/tile/BusErrorUnit#Impl#reg().
illegal cyclic reference involving class Impl
Apr 13, 2026 9:44:04 PM scala.meta.internal.pc.MetalsGlobal inverseSemanticdbSymbols
SEVERE: invalid SemanticDB symbol: freechips/rocketchip/tile/BusErrorUnit#Impl#reg(+1).
illegal cyclic reference involving class Impl
Apr 13, 2026 9:44:05 PM scala.meta.internal.pc.MetalsGlobal inverseSemanticdbSymbols
SEVERE: invalid SemanticDB symbol: freechips/rocketchip/tile/BusErrorUnit#Impl#reg().
illegal cyclic reference involving class Impl
Apr 13, 2026 9:44:05 PM scala.meta.internal.pc.MetalsGlobal inverseSemanticdbSymbols
SEVERE: invalid SemanticDB symbol: freechips/rocketchip/tile/BusErrorUnit#Impl#reg(+1).
illegal cyclic reference involving class Impl
Apr 13, 2026 9:44:05 PM scala.meta.internal.pc.MetalsGlobal inverseSemanticdbSymbols
SEVERE: invalid SemanticDB symbol: freechips/rocketchip/tile/BusErrorUnit#Impl#reg().
illegal cyclic reference involving class Impl
Apr 13, 2026 9:44:05 PM scala.meta.internal.pc.MetalsGlobal inverseSemanticdbSymbols
SEVERE: invalid SemanticDB symbol: freechips/rocketchip/tile/BusErrorUnit#Impl#reg(+1).
illegal cyclic reference involving class Impl
Apr 13, 2026 9:44:05 PM scala.meta.internal.pc.MetalsGlobal inverseSemanticdbSymbols
SEVERE: invalid SemanticDB symbol: freechips/rocketchip/tile/BusErrorUnit#Impl#reg().
illegal cyclic reference involving class Impl
Apr 13, 2026 9:44:05 PM scala.meta.internal.pc.MetalsGlobal inverseSemanticdbSymbols
SEVERE: invalid SemanticDB symbol: freechips/rocketchip/tile/BusErrorUnit#Impl#reg(+1).
illegal cyclic reference involving class Impl
Apr 13, 2026 9:44:05 PM scala.meta.internal.pc.MetalsGlobal inverseSemanticdbSymbols
SEVERE: invalid SemanticDB symbol: freechips/rocketchip/tile/BusErrorUnit#Impl#reg().
illegal cyclic reference involving class Impl
Apr 13, 2026 9:44:05 PM scala.meta.internal.pc.MetalsGlobal inverseSemanticdbSymbols
SEVERE: invalid SemanticDB symbol: freechips/rocketchip/tile/BusErrorUnit#Impl#reg(+1).
illegal cyclic reference involving class Impl
Apr 13, 2026 9:44:12 PM org.eclipse.lsp4j.jsonrpc.RemoteEndpoint handleCancellation
WARNING: Unmatched cancel notification for request id 3745
2026.04.13 21:44:12 WARN  Could not find semantic tokens for: file:///home/nullstarfish/personal-ysyx-workbench/ysyxSoC/src/device/PSRAM.scala[0m
2026.04.13 21:44:16 WARN  Could not find semantic tokens for: file:///home/nullstarfish/personal-ysyx-workbench/ysyxSoC/src/device/PSRAM.scala[0m
2026.04.13 21:45:20 INFO  compiling ysyxsoc (1 scala source)[0m
2026.04.13 21:45:22 INFO  Created report: Optional[file:///home/nullstarfish/personal-ysyx-workbench/ysyxSoC/src/device/PSRAM.scala][0m
2026.04.13 21:45:22 INFO  empty definition using pc, found symbol in pc: chisel3/withClockAndReset.apply(). (full report at: "/home/nullstarfish/personal-ysyx-workbench/ysyxSoC/.metals/.reports/metals-full/2026-04-13/r_empty-definition_(ysyxsoc)_21-45-22-483.md")[0m
2026.04.13 21:45:22 WARN  2 deprecations (since rocketchip 2.0.0); re-run with -deprecation for details[0m
2026.04.13 21:45:22 INFO  time: compiled ysyxsoc in 2.85s[0m
2026.04.13 21:45:27 INFO  Created report: Optional[file:///home/nullstarfish/personal-ysyx-workbench/ysyxSoC/src/device/PSRAM.scala][0m
2026.04.13 21:45:27 INFO  empty definition using pc, found symbol in pc: chisel3/package.fromBigIntToLiteral#U(). (full report at: "/home/nullstarfish/personal-ysyx-workbench/ysyxSoC/.metals/.reports/metals-full/2026-04-13/r_empty-definition_(ysyxsoc)_21-45-27-815.md")[0m
2026.04.13 21:45:56 INFO  compiling ysyxsoc (1 scala source)[0m
2026.04.13 21:45:57 WARN  2 deprecations (since rocketchip 2.0.0); re-run with -deprecation for details[0m
2026.04.13 21:45:57 INFO  time: compiled ysyxsoc in 1.44s[0m
2026.04.13 21:46:04 INFO  compiling ysyxsoc (1 scala source)[0m
2026.04.13 21:46:04 WARN  2 deprecations (since rocketchip 2.0.0); re-run with -deprecation for details[0m
2026.04.13 21:46:04 INFO  time: compiled ysyxsoc in 0.97s[0m
2026.04.13 21:46:13 INFO  compiling ysyxsoc (1 scala source)[0m
2026.04.13 21:46:13 WARN  2 deprecations (since rocketchip 2.0.0); re-run with -deprecation for details[0m
2026.04.13 21:46:14 INFO  time: compiled ysyxsoc in 1.03s[0m
Apr 13, 2026 9:47:01 PM org.eclipse.lsp4j.jsonrpc.RemoteEndpoint handleCancellation
WARNING: Unmatched cancel notification for request id 4684
2026.04.13 21:47:25 INFO  compiling ysyxsoc (1 scala source)[0m
2026.04.13 21:47:27 WARN  2 deprecations (since rocketchip 2.0.0); re-run with -deprecation for details[0m
2026.04.13 21:47:27 INFO  time: compiled ysyxsoc in 2.6s[0m
2026.04.13 21:47:51 WARN  Could not find semantic tokens for: file:///home/nullstarfish/personal-ysyx-workbench/ysyxSoC/src/device/PSRAM.scala[0m
Apr 13, 2026 9:47:56 PM org.eclipse.lsp4j.jsonrpc.RemoteEndpoint handleCancellation
WARNING: Unmatched cancel notification for request id 5250
Apr 13, 2026 9:48:35 PM org.eclipse.lsp4j.jsonrpc.RemoteEndpoint handleCancellation
WARNING: Unmatched cancel notification for request id 5428
2026.04.13 21:49:05 WARN  Could not find semantic tokens for: file:///home/nullstarfish/personal-ysyx-workbench/ysyxSoC/src/device/PSRAM.scala[0m
Apr 13, 2026 9:49:13 PM org.eclipse.lsp4j.jsonrpc.RemoteEndpoint handleCancellation
WARNING: Unmatched cancel notification for request id 5648
Apr 13, 2026 9:49:25 PM org.eclipse.lsp4j.jsonrpc.RemoteEndpoint handleCancellation
WARNING: Unmatched cancel notification for request id 5700
2026.04.13 21:49:26 INFO  compiling ysyxsoc (1 scala source)[0m
2026.04.13 21:49:28 WARN  2 deprecations (since rocketchip 2.0.0); re-run with -deprecation for details[0m
2026.04.13 21:49:28 INFO  time: compiled ysyxsoc in 2.77s[0m
2026.04.13 21:50:56 WARN  Could not find semantic tokens for: file:///home/nullstarfish/personal-ysyx-workbench/ysyxSoC/src/device/PSRAM.scala[0m
2026.04.13 21:51:22 WARN  Could not find semantic tokens for: file:///home/nullstarfish/personal-ysyx-workbench/ysyxSoC/src/device/PSRAM.scala[0m
Apr 13, 2026 9:51:28 PM org.eclipse.lsp4j.jsonrpc.RemoteEndpoint handleCancellation
WARNING: Unmatched cancel notification for request id 6022
Apr 13, 2026 10:01:27 PM org.eclipse.lsp4j.jsonrpc.RemoteEndpoint handleCancellation
WARNING: Unmatched cancel notification for request id 6329
Apr 13, 2026 10:01:43 PM org.eclipse.lsp4j.jsonrpc.RemoteEndpoint handleCancellation
WARNING: Unmatched cancel notification for request id 6492
Apr 13, 2026 10:01:43 PM org.eclipse.lsp4j.jsonrpc.RemoteEndpoint handleCancellation
WARNING: Unmatched cancel notification for request id 6497
Apr 13, 2026 10:01:43 PM org.eclipse.lsp4j.jsonrpc.RemoteEndpoint handleCancellation
WARNING: Unmatched cancel notification for request id 6500
2026.04.13 22:01:55 WARN  Could not find semantic tokens for: file:///home/nullstarfish/personal-ysyx-workbench/ysyxSoC/src/device/PSRAM.scala[0m
2026.04.13 22:01:55 WARN  Could not find semantic tokens for: file:///home/nullstarfish/personal-ysyx-workbench/ysyxSoC/src/device/PSRAM.scala[0m
Apr 13, 2026 10:02:02 PM org.eclipse.lsp4j.jsonrpc.RemoteEndpoint handleCancellation
WARNING: Unmatched cancel notification for request id 6772
2026.04.13 22:02:06 WARN  Could not find semantic tokens for: file:///home/nullstarfish/personal-ysyx-workbench/ysyxSoC/src/device/PSRAM.scala[0m
Apr 13, 2026 10:03:06 PM org.eclipse.lsp4j.jsonrpc.RemoteEndpoint handleCancellation
WARNING: Unmatched cancel notification for request id 7279
2026.04.13 22:03:06 WARN  Could not find semantic tokens for: file:///home/nullstarfish/personal-ysyx-workbench/ysyxSoC/src/device/PSRAM.scala[0m
2026.04.13 22:03:07 WARN  Could not find semantic tokens for: file:///home/nullstarfish/personal-ysyx-workbench/ysyxSoC/src/device/PSRAM.scala[0m
Apr 13, 2026 10:03:07 PM org.eclipse.lsp4j.jsonrpc.RemoteEndpoint handleCancellation
WARNING: Unmatched cancel notification for request id 7291
2026.04.13 22:03:31 WARN  Could not find semantic tokens for: file:///home/nullstarfish/personal-ysyx-workbench/ysyxSoC/src/device/PSRAM.scala[0m
Apr 13, 2026 10:03:33 PM org.eclipse.lsp4j.jsonrpc.RemoteEndpoint handleCancellation
WARNING: Unmatched cancel notification for request id 7567
Apr 13, 2026 10:03:42 PM org.eclipse.lsp4j.jsonrpc.RemoteEndpoint handleCancellation
WARNING: Unmatched cancel notification for request id 7670
2026.04.13 22:03:44 WARN  Could not find semantic tokens for: file:///home/nullstarfish/personal-ysyx-workbench/ysyxSoC/src/device/PSRAM.scala[0m
2026.04.13 22:04:14 WARN  Could not find semantic tokens for: file:///home/nullstarfish/personal-ysyx-workbench/ysyxSoC/src/device/PSRAM.scala[0m
2026.04.13 22:04:46 WARN  Could not find semantic tokens for: file:///home/nullstarfish/personal-ysyx-workbench/ysyxSoC/src/device/PSRAM.scala[0m
Apr 13, 2026 10:05:13 PM org.eclipse.lsp4j.jsonrpc.RemoteEndpoint handleCancellation
WARNING: Unmatched cancel notification for request id 8683
2026.04.13 22:05:30 WARN  Could not find semantic tokens for: file:///home/nullstarfish/personal-ysyx-workbench/ysyxSoC/src/device/PSRAM.scala[0m
Apr 13, 2026 10:05:32 PM org.eclipse.lsp4j.jsonrpc.RemoteEndpoint handleCancellation
WARNING: Unmatched cancel notification for request id 8984
2026.04.13 22:06:00 INFO  compiling ysyxsoc (1 scala source)[0m
2026.04.13 22:06:02 WARN  2 deprecations (since rocketchip 2.0.0); re-run with -deprecation for details[0m
2026.04.13 22:06:02 INFO  time: compiled ysyxsoc in 2.69s[0m
Apr 13, 2026 10:06:12 PM org.eclipse.lsp4j.jsonrpc.RemoteEndpoint handleCancellation
WARNING: Unmatched cancel notification for request id 9255
Apr 13, 2026 10:06:20 PM org.eclipse.lsp4j.jsonrpc.RemoteEndpoint handleCancellation
WARNING: Unmatched cancel notification for request id 9414
Apr 13, 2026 10:07:10 PM org.eclipse.lsp4j.jsonrpc.RemoteEndpoint handleCancellation
WARNING: Unmatched cancel notification for request id 9848
Apr 13, 2026 10:07:10 PM org.eclipse.lsp4j.jsonrpc.RemoteEndpoint handleCancellation
WARNING: Unmatched cancel notification for request id 9853
Apr 13, 2026 10:07:10 PM org.eclipse.lsp4j.jsonrpc.RemoteEndpoint handleCancellation
WARNING: Unmatched cancel notification for request id 9856
Apr 13, 2026 10:07:10 PM org.eclipse.lsp4j.jsonrpc.RemoteEndpoint handleCancellation
WARNING: Unmatched cancel notification for request id 9859
2026.04.13 22:07:17 WARN  Could not find semantic tokens for: file:///home/nullstarfish/personal-ysyx-workbench/ysyxSoC/src/device/PSRAM.scala[0m
2026.04.13 22:07:18 WARN  Could not find semantic tokens for: file:///home/nullstarfish/personal-ysyx-workbench/ysyxSoC/src/device/PSRAM.scala[0m
2026.04.13 22:07:21 INFO  compiling ysyxsoc (1 scala source)[0m
2026.04.13 22:07:21 INFO  time: compiled ysyxsoc in 0.44s[0m
2026.04.13 22:07:25 INFO  compiling ysyxsoc (1 scala source)[0m
2026.04.13 22:07:27 WARN  2 deprecations (since rocketchip 2.0.0); re-run with -deprecation for details[0m
2026.04.13 22:07:27 INFO  time: compiled ysyxsoc in 1.72s[0m
2026.04.13 22:09:38 INFO  compiling ysyxsoc (1 scala source)[0m
2026.04.13 22:09:40 WARN  2 deprecations (since rocketchip 2.0.0); re-run with -deprecation for details[0m
2026.04.13 22:09:40 INFO  time: compiled ysyxsoc in 2.88s[0m
2026.04.13 22:10:00 INFO  compiling ysyxsoc (1 scala source)[0m
2026.04.13 22:10:02 WARN  2 deprecations (since rocketchip 2.0.0); re-run with -deprecation for details[0m
2026.04.13 22:10:02 INFO  time: compiled ysyxsoc in 1.54s[0m
2026.04.13 22:10:06 INFO  compiling ysyxsoc (1 scala source)[0m
2026.04.13 22:10:07 WARN  2 deprecations (since rocketchip 2.0.0); re-run with -deprecation for details[0m
2026.04.13 22:10:07 INFO  time: compiled ysyxsoc in 1.16s[0m
Apr 13, 2026 11:10:43 PM org.eclipse.lsp4j.jsonrpc.RemoteEndpoint handleCancellation
WARNING: Unmatched cancel notification for request id 10312
Apr 13, 2026 11:12:08 PM org.eclipse.lsp4j.jsonrpc.RemoteEndpoint handleCancellation
WARNING: Unmatched cancel notification for request id 11040
Apr 13, 2026 11:12:48 PM org.eclipse.lsp4j.jsonrpc.RemoteEndpoint handleCancellation
WARNING: Unmatched cancel notification for request id 11711
2026.04.14 00:22:46 INFO  compiling ysyxsoc (1 scala source)[0m
2026.04.14 00:22:46 INFO  time: compiled ysyxsoc in 0.44s[0m
2026.04.14 00:22:47 WARN  Could not load snapshot text for /home/nullstarfish/personal-ysyx-workbench/ysyxSoC/src/device/PSRAM.scala[0m
2026.04.14 00:22:47 INFO  Shutting down server[0m
2026.04.14 00:22:47 INFO  Memory monitor stopped[0m
2026.04.14 00:22:47 INFO  shutting down Metals[0m
2026.04.14 00:22:47 INFO  Shut down connection with build server.[0m
2026.04.14 00:22:47 INFO  Exiting server[0m
2026.04.14 11:19:03 INFO  tracing is disabled for protocol LSP, to enable tracing of incoming and outgoing JSON messages create an empty file at /home/nullstarfish/personal-ysyx-workbench/ysyxSoC/.metals/lsp.trace.json[0m
2026.04.14 11:19:04 INFO  logging to files /home/nullstarfish/personal-ysyx-workbench/ysyxSoC/.metals/metals.log[0m
2026.04.14 11:19:04 INFO  Started: Metals version 1.6.7 in folders '/home/nullstarfish/personal-ysyx-workbench/ysyxSoC' for client Visual Studio Code 1.115.0.[0m
2026.04.14 11:19:04 INFO  Memory monitor started[0m
2026.04.14 11:19:04 WARN  Using H2 2.4.240 which is newer than the version Flyway has been verified with. The latest verified version of H2 is 2.3.232.[0m
2026.04.14 11:19:04 INFO  no build target found for /home/nullstarfish/personal-ysyx-workbench/ysyxSoC/src/device/PSRAM.scala. Using presentation compiler with project's scala-library version: 3.3.7[0m
2026.04.14 11:19:05 INFO  Attempting to connect to the build server...[0m
2026.04.14 11:19:05 INFO  Found a Bloop server running[0m
2026.04.14 11:19:05 INFO  tracing is disabled for protocol BSP, to enable tracing of incoming and outgoing JSON messages create an empty file at /home/nullstarfish/personal-ysyx-workbench/ysyxSoC/.metals/bsp.trace.json[0m
2026.04.14 11:19:06 INFO  no build target found for /home/nullstarfish/personal-ysyx-workbench/ysyxSoC/src/device/PSRAM.scala. Using presentation compiler with project's scala-library version: 3.3.7[0m
Apr 14, 2026 11:19:06 AM org.eclipse.lsp4j.jsonrpc.RemoteEndpoint handleCancellation
WARNING: Unmatched cancel notification for request id 2
2026.04.14 11:19:06 INFO  no build target found for /home/nullstarfish/personal-ysyx-workbench/ysyxSoC/src/device/PSRAM.scala. Using presentation compiler with project's scala-library version: 3.3.7[0m
Apr 14, 2026 11:19:06 AM org.eclipse.lsp4j.jsonrpc.RemoteEndpoint handleCancellation
WARNING: Unmatched cancel notification for request id 8
2026.04.14 11:19:06 INFO  no build target found for /home/nullstarfish/personal-ysyx-workbench/ysyxSoC/src/device/PSRAM.scala. Using presentation compiler with project's scala-library version: 3.3.7[0m
2026.04.14 11:19:06 INFO  no build target found for /home/nullstarfish/personal-ysyx-workbench/ysyxSoC/src/device/PSRAM.scala. Using presentation compiler with project's scala-library version: 3.3.7[0m
2026.04.14 11:19:07 INFO  no build target found for /home/nullstarfish/personal-ysyx-workbench/ysyxSoC/src/device/PSRAM.scala. Using presentation compiler with project's scala-library version: 3.3.7[0m
Apr 14, 2026 11:19:08 AM org.eclipse.lsp4j.jsonrpc.services.GenericEndpoint notify
INFO: Unsupported notification method: $/setTrace
Apr 14, 2026 11:19:08 AM org.eclipse.lsp4j.jsonrpc.services.GenericEndpoint notify
INFO: Unsupported notification method: $/setTrace
Apr 14, 2026 11:19:08 AM org.eclipse.lsp4j.jsonrpc.services.GenericEndpoint notify
INFO: Unsupported notification method: $/setTrace
Apr 14, 2026 11:19:08 AM org.eclipse.lsp4j.jsonrpc.services.GenericEndpoint notify
INFO: Unsupported notification method: $/setTrace
2026.04.14 11:19:07 INFO  no build target found for /home/nullstarfish/personal-ysyx-workbench/ysyxSoC/src/device/PSRAM.scala. Using presentation compiler with project's scala-library version: 3.3.7[0m
2026.04.14 11:19:10 INFO  no build target found for /home/nullstarfish/personal-ysyx-workbench/ysyxSoC/src/device/PSRAM.scala. Using presentation compiler with project's scala-library version: 3.3.7[0m
2026.04.14 11:19:10 INFO  no build target found for /home/nullstarfish/personal-ysyx-workbench/ysyxSoC/src/device/PSRAM.scala. Using presentation compiler with project's scala-library version: 3.3.7[0m
2026.04.14 11:19:10 INFO  no build target found for /home/nullstarfish/personal-ysyx-workbench/ysyxSoC/src/device/PSRAM.scala. Using presentation compiler with project's scala-library version: 3.3.7[0m
2026.04.14 11:19:10 INFO  no build target found for /home/nullstarfish/personal-ysyx-workbench/ysyxSoC/src/device/PSRAM.scala. Using presentation compiler with project's scala-library version: 3.3.7[0m
2026.04.14 11:19:10 INFO  no build target found for /home/nullstarfish/personal-ysyx-workbench/ysyxSoC/src/device/PSRAM.scala. Using presentation compiler with project's scala-library version: 3.3.7[0m
2026.04.14 11:19:10 INFO  no build target found for /home/nullstarfish/personal-ysyx-workbench/ysyxSoC/src/device/PSRAM.scala. Using presentation compiler with project's scala-library version: 3.3.7[0m
2026.04.14 11:19:10 INFO  no build target found for /home/nullstarfish/personal-ysyx-workbench/ysyxSoC/src/device/PSRAM.scala. Using presentation compiler with project's scala-library version: 3.3.7[0m
2026.04.14 11:19:10 INFO  no build target found for /home/nullstarfish/personal-ysyx-workbench/ysyxSoC/src/device/PSRAM.scala. Using presentation compiler with project's scala-library version: 3.3.7[0m
2026.04.14 11:19:11 INFO  no build target found for /home/nullstarfish/personal-ysyx-workbench/ysyxSoC/src/device/PSRAM.scala. Using presentation compiler with project's scala-library version: 3.3.7[0m
2026.04.14 11:19:11 INFO  no build target found for /home/nullstarfish/personal-ysyx-workbench/ysyxSoC/src/device/PSRAM.scala. Using presentation compiler with project's scala-library version: 3.3.7[0m
2026.04.14 11:19:11 INFO  no build target found for /home/nullstarfish/personal-ysyx-workbench/ysyxSoC/src/device/PSRAM.scala. Using presentation compiler with project's scala-library version: 3.3.7[0m
2026.04.14 11:19:11 INFO  no build target found for /home/nullstarfish/personal-ysyx-workbench/ysyxSoC/src/device/PSRAM.scala. Using presentation compiler with project's scala-library version: 3.3.7[0m
2026.04.14 11:19:11 INFO  no build target found for /home/nullstarfish/personal-ysyx-workbench/ysyxSoC/src/device/PSRAM.scala. Using presentation compiler with project's scala-library version: 3.3.7[0m
2026.04.14 11:19:11 INFO  no build target found for /home/nullstarfish/personal-ysyx-workbench/ysyxSoC/src/device/PSRAM.scala. Using presentation compiler with project's scala-library version: 3.3.7[0m
2026.04.14 11:19:11 INFO  no build target found for /home/nullstarfish/personal-ysyx-workbench/ysyxSoC/src/device/PSRAM.scala. Using presentation compiler with project's scala-library version: 3.3.7[0m
2026.04.14 11:19:12 INFO  no build target found for /home/nullstarfish/personal-ysyx-workbench/ysyxSoC/src/device/PSRAM.scala. Using presentation compiler with project's scala-library version: 3.3.7[0m
2026.04.14 11:19:11 INFO  no build target found for /home/nullstarfish/personal-ysyx-workbench/ysyxSoC/src/device/PSRAM.scala. Using presentation compiler with project's scala-library version: 3.3.7[0m
2026.04.14 11:19:11 INFO  no build target found for /home/nullstarfish/personal-ysyx-workbench/ysyxSoC/src/device/PSRAM.scala. Using presentation compiler with project's scala-library version: 3.3.7[0m
2026.04.14 11:19:13 INFO  no build target found for /home/nullstarfish/personal-ysyx-workbench/ysyxSoC/src/device/PSRAM.scala. Using presentation compiler with project's scala-library version: 3.3.7[0m
2026.04.14 11:19:13 INFO  no build target found for /home/nullstarfish/personal-ysyx-workbench/ysyxSoC/src/device/PSRAM.scala. Using presentation compiler with project's scala-library version: 3.3.7[0m
2026.04.14 11:19:13 INFO  no build target found for /home/nullstarfish/personal-ysyx-workbench/ysyxSoC/src/device/PSRAM.scala. Using presentation compiler with project's scala-library version: 3.3.7[0m
2026.04.14 11:19:14 INFO  no build target found for /home/nullstarfish/personal-ysyx-workbench/ysyxSoC/src/device/PSRAM.scala. Using presentation compiler with project's scala-library version: 3.3.7[0m
2026.04.14 11:19:13 INFO  no build target found for /home/nullstarfish/personal-ysyx-workbench/ysyxSoC/src/device/PSRAM.scala. Using presentation compiler with project's scala-library version: 3.3.7[0m
2026.04.14 11:19:14 INFO  no build target found for /home/nullstarfish/personal-ysyx-workbench/ysyxSoC/src/device/PSRAM.scala. Using presentation compiler with project's scala-library version: 3.3.7[0m
2026.04.14 11:19:14 INFO  no build target found for /home/nullstarfish/personal-ysyx-workbench/ysyxSoC/src/device/PSRAM.scala. Using presentation compiler with project's scala-library version: 3.3.7[0m
2026.04.14 11:19:14 INFO  no build target found for /home/nullstarfish/personal-ysyx-workbench/ysyxSoC/src/device/PSRAM.scala. Using presentation compiler with project's scala-library version: 3.3.7[0m
2026.04.14 11:19:14 INFO  no build target found for /home/nullstarfish/personal-ysyx-workbench/ysyxSoC/src/device/PSRAM.scala. Using presentation compiler with project's scala-library version: 3.3.7[0m
2026.04.14 11:19:14 INFO  no build target found for /home/nullstarfish/personal-ysyx-workbench/ysyxSoC/src/device/PSRAM.scala. Using presentation compiler with project's scala-library version: 3.3.7[0m
2026.04.14 11:19:14 INFO  no build target found for /home/nullstarfish/personal-ysyx-workbench/ysyxSoC/src/device/PSRAM.scala. Using presentation compiler with project's scala-library version: 3.3.7[0m
2026.04.14 11:19:15 INFO  no build target found for /home/nullstarfish/personal-ysyx-workbench/ysyxSoC/src/device/PSRAM.scala. Using presentation compiler with project's scala-library version: 3.3.7[0m
2026.04.14 11:19:15 INFO  no build target found for /home/nullstarfish/personal-ysyx-workbench/ysyxSoC/src/device/PSRAM.scala. Using presentation compiler with project's scala-library version: 3.3.7[0m
2026.04.14 11:19:15 INFO  no build target found for /home/nullstarfish/personal-ysyx-workbench/ysyxSoC/src/device/PSRAM.scala. Using presentation compiler with project's scala-library version: 3.3.7[0m
2026.04.14 11:19:15 INFO  no build target found for /home/nullstarfish/personal-ysyx-workbench/ysyxSoC/src/device/PSRAM.scala. Using presentation compiler with project's scala-library version: 3.3.7[0m
2026.04.14 11:19:15 INFO  no build target found for /home/nullstarfish/personal-ysyx-workbench/ysyxSoC/src/device/PSRAM.scala. Using presentation compiler with project's scala-library version: 3.3.7[0m
2026.04.14 11:19:15 INFO  no build target found for /home/nullstarfish/personal-ysyx-workbench/ysyxSoC/src/device/PSRAM.scala. Using presentation compiler with project's scala-library version: 3.3.7[0m
2026.04.14 11:19:15 INFO  no build target found for /home/nullstarfish/personal-ysyx-workbench/ysyxSoC/src/device/PSRAM.scala. Using presentation compiler with project's scala-library version: 3.3.7[0m
2026.04.14 11:19:15 INFO  no build target found for /home/nullstarfish/personal-ysyx-workbench/ysyxSoC/src/device/PSRAM.scala. Using presentation compiler with project's scala-library version: 3.3.7[0m
2026.04.14 11:19:15 INFO  no build target found for /home/nullstarfish/personal-ysyx-workbench/ysyxSoC/src/device/PSRAM.scala. Using presentation compiler with project's scala-library version: 3.3.7[0m
2026.04.14 11:19:15 INFO  no build target found for /home/nullstarfish/personal-ysyx-workbench/ysyxSoC/src/device/PSRAM.scala. Using presentation compiler with project's scala-library version: 3.3.7[0m
2026.04.14 11:19:16 INFO  no build target found for /home/nullstarfish/personal-ysyx-workbench/ysyxSoC/src/device/PSRAM.scala. Using presentation compiler with project's scala-library version: 3.3.7[0m
2026.04.14 11:19:16 INFO  no build target found for /home/nullstarfish/personal-ysyx-workbench/ysyxSoC/src/device/PSRAM.scala. Using presentation compiler with project's scala-library version: 3.3.7[0m
2026.04.14 11:19:16 INFO  no build target found for /home/nullstarfish/personal-ysyx-workbench/ysyxSoC/src/device/PSRAM.scala. Using presentation compiler with project's scala-library version: 3.3.7[0m
2026.04.14 11:19:16 INFO  no build target found for /home/nullstarfish/personal-ysyx-workbench/ysyxSoC/src/device/PSRAM.scala. Using presentation compiler with project's scala-library version: 3.3.7[0m
2026.04.14 11:19:16 INFO  no build target found for /home/nullstarfish/personal-ysyx-workbench/ysyxSoC/src/device/PSRAM.scala. Using presentation compiler with project's scala-library version: 3.3.7[0m
2026.04.14 11:19:16 INFO  no build target found for /home/nullstarfish/personal-ysyx-workbench/ysyxSoC/src/device/PSRAM.scala. Using presentation compiler with project's scala-library version: 3.3.7[0m
2026.04.14 11:19:16 INFO  no build target found for /home/nullstarfish/personal-ysyx-workbench/ysyxSoC/src/device/PSRAM.scala. Using presentation compiler with project's scala-library version: 3.3.7[0m
2026.04.14 11:19:16 INFO  no build target found for /home/nullstarfish/personal-ysyx-workbench/ysyxSoC/src/device/PSRAM.scala. Using presentation compiler with project's scala-library version: 3.3.7[0m
2026.04.14 11:19:16 INFO  no build target found for /home/nullstarfish/personal-ysyx-workbench/ysyxSoC/src/device/PSRAM.scala. Using presentation compiler with project's scala-library version: 3.3.7[0m
2026.04.14 11:19:16 INFO  no build target found for /home/nullstarfish/personal-ysyx-workbench/ysyxSoC/src/device/PSRAM.scala. Using presentation compiler with project's scala-library version: 3.3.7[0m
2026.04.14 11:19:16 INFO  no build target found for /home/nullstarfish/personal-ysyx-workbench/ysyxSoC/src/device/PSRAM.scala. Using presentation compiler with project's scala-library version: 3.3.7[0m
2026.04.14 11:19:16 INFO  no build target found for /home/nullstarfish/personal-ysyx-workbench/ysyxSoC/src/device/PSRAM.scala. Using presentation compiler with project's scala-library version: 3.3.7[0m
2026.04.14 11:19:16 INFO  no build target found for /home/nullstarfish/personal-ysyx-workbench/ysyxSoC/src/device/PSRAM.scala. Using presentation compiler with project's scala-library version: 3.3.7[0m
2026.04.14 11:19:16 INFO  no build target found for /home/nullstarfish/personal-ysyx-workbench/ysyxSoC/src/device/PSRAM.scala. Using presentation compiler with project's scala-library version: 3.3.7[0m
2026.04.14 11:19:16 INFO  no build target found for /home/nullstarfish/personal-ysyx-workbench/ysyxSoC/src/device/PSRAM.scala. Using presentation compiler with project's scala-library version: 3.3.7[0m
2026.04.14 11:19:16 INFO  no build target found for /home/nullstarfish/personal-ysyx-workbench/ysyxSoC/src/device/PSRAM.scala. Using presentation compiler with project's scala-library version: 3.3.7[0m
2026.04.14 11:19:16 INFO  no build target found for /home/nullstarfish/personal-ysyx-workbench/ysyxSoC/src/device/PSRAM.scala. Using presentation compiler with project's scala-library version: 3.3.7[0m
2026.04.14 11:19:16 INFO  no build target found for /home/nullstarfish/personal-ysyx-workbench/ysyxSoC/src/device/PSRAM.scala. Using presentation compiler with project's scala-library version: 3.3.7[0m
2026.04.14 11:19:16 INFO  no build target found for /home/nullstarfish/personal-ysyx-workbench/ysyxSoC/src/device/PSRAM.scala. Using presentation compiler with project's scala-library version: 3.3.7[0m
2026.04.14 11:19:17 INFO  no build target found for /home/nullstarfish/personal-ysyx-workbench/ysyxSoC/src/device/PSRAM.scala. Using presentation compiler with project's scala-library version: 3.3.7[0m
2026.04.14 11:19:17 INFO  no build target found for /home/nullstarfish/personal-ysyx-workbench/ysyxSoC/src/device/PSRAM.scala. Using presentation compiler with project's scala-library version: 3.3.7[0m
2026.04.14 11:19:17 INFO  no build target found for /home/nullstarfish/personal-ysyx-workbench/ysyxSoC/src/device/PSRAM.scala. Using presentation compiler with project's scala-library version: 3.3.7[0m
2026.04.14 11:19:17 INFO  no build target found for /home/nullstarfish/personal-ysyx-workbench/ysyxSoC/src/device/PSRAM.scala. Using presentation compiler with project's scala-library version: 3.3.7[0m
2026.04.14 11:19:17 INFO  no build target found for /home/nullstarfish/personal-ysyx-workbench/ysyxSoC/src/device/PSRAM.scala. Using presentation compiler with project's scala-library version: 3.3.7[0m
2026.04.14 11:19:17 INFO  no build target found for /home/nullstarfish/personal-ysyx-workbench/ysyxSoC/src/device/PSRAM.scala. Using presentation compiler with project's scala-library version: 3.3.7[0m
2026.04.14 11:19:17 INFO  no build target found for /home/nullstarfish/personal-ysyx-workbench/ysyxSoC/src/device/PSRAM.scala. Using presentation compiler with project's scala-library version: 3.3.7[0m
2026.04.14 11:19:17 INFO  no build target found for /home/nullstarfish/personal-ysyx-workbench/ysyxSoC/src/device/PSRAM.scala. Using presentation compiler with project's scala-library version: 3.3.7[0m
2026.04.14 11:19:17 INFO  no build target found for /home/nullstarfish/personal-ysyx-workbench/ysyxSoC/src/device/PSRAM.scala. Using presentation compiler with project's scala-library version: 3.3.7[0m
2026.04.14 11:19:17 INFO  no build target found for /home/nullstarfish/personal-ysyx-workbench/ysyxSoC/src/device/PSRAM.scala. Using presentation compiler with project's scala-library version: 3.3.7[0m
2026.04.14 11:19:18 INFO  no build target found for /home/nullstarfish/personal-ysyx-workbench/ysyxSoC/src/device/PSRAM.scala. Using presentation compiler with project's scala-library version: 3.3.7[0m
2026.04.14 11:19:18 INFO  no build target found for /home/nullstarfish/personal-ysyx-workbench/ysyxSoC/src/device/PSRAM.scala. Using presentation compiler with project's scala-library version: 3.3.7[0m
2026.04.14 11:19:18 INFO  no build target found for /home/nullstarfish/personal-ysyx-workbench/ysyxSoC/src/device/PSRAM.scala. Using presentation compiler with project's scala-library version: 3.3.7[0m
2026.04.14 11:19:18 INFO  no build target found for /home/nullstarfish/personal-ysyx-workbench/ysyxSoC/src/device/PSRAM.scala. Using presentation compiler with project's scala-library version: 3.3.7[0m
2026.04.14 11:19:18 INFO  no build target found for /home/nullstarfish/personal-ysyx-workbench/ysyxSoC/src/device/PSRAM.scala. Using presentation compiler with project's scala-library version: 3.3.7[0m
2026.04.14 11:19:18 INFO  no build target found for /home/nullstarfish/personal-ysyx-workbench/ysyxSoC/src/device/PSRAM.scala. Using presentation compiler with project's scala-library version: 3.3.7[0m
2026.04.14 11:19:18 INFO  no build target found for /home/nullstarfish/personal-ysyx-workbench/ysyxSoC/src/device/PSRAM.scala. Using presentation compiler with project's scala-library version: 3.3.7[0m
2026.04.14 11:19:18 INFO  no build target found for /home/nullstarfish/personal-ysyx-workbench/ysyxSoC/src/device/PSRAM.scala. Using presentation compiler with project's scala-library version: 3.3.7[0m
2026.04.14 11:19:18 INFO  no build target found for /home/nullstarfish/personal-ysyx-workbench/ysyxSoC/src/device/PSRAM.scala. Using presentation compiler with project's scala-library version: 3.3.7[0m
2026.04.14 11:19:18 INFO  no build target found for /home/nullstarfish/personal-ysyx-workbench/ysyxSoC/src/device/PSRAM.scala. Using presentation compiler with project's scala-library version: 3.3.7[0m
2026.04.14 11:19:18 INFO  no build target found for /home/nullstarfish/personal-ysyx-workbench/ysyxSoC/src/device/PSRAM.scala. Using presentation compiler with project's scala-library version: 3.3.7[0m
2026.04.14 11:19:19 INFO  no build target found for /home/nullstarfish/personal-ysyx-workbench/ysyxSoC/src/device/PSRAM.scala. Using presentation compiler with project's scala-library version: 3.3.7[0m
2026.04.14 11:19:19 INFO  no build target found for /home/nullstarfish/personal-ysyx-workbench/ysyxSoC/src/device/PSRAM.scala. Using presentation compiler with project's scala-library version: 3.3.7[0m
2026.04.14 11:19:19 INFO  no build target found for /home/nullstarfish/personal-ysyx-workbench/ysyxSoC/src/device/PSRAM.scala. Using presentation compiler with project's scala-library version: 3.3.7[0m
2026.04.14 11:19:19 INFO  no build target found for /home/nullstarfish/personal-ysyx-workbench/ysyxSoC/src/device/PSRAM.scala. Using presentation compiler with project's scala-library version: 3.3.7[0m
2026.04.14 11:19:19 INFO  no build target found for /home/nullstarfish/personal-ysyx-workbench/ysyxSoC/src/device/PSRAM.scala. Using presentation compiler with project's scala-library version: 3.3.7[0m
2026.04.14 11:19:19 INFO  no build target found for /home/nullstarfish/personal-ysyx-workbench/ysyxSoC/src/device/PSRAM.scala. Using presentation compiler with project's scala-library version: 3.3.7[0m
2026.04.14 11:19:19 INFO  no build target found for /home/nullstarfish/personal-ysyx-workbench/ysyxSoC/src/device/PSRAM.scala. Using presentation compiler with project's scala-library version: 3.3.7[0m
2026.04.14 11:19:19 INFO  no build target found for /home/nullstarfish/personal-ysyx-workbench/ysyxSoC/src/device/PSRAM.scala. Using presentation compiler with project's scala-library version: 3.3.7[0m
2026.04.14 11:19:19 INFO  no build target found for /home/nullstarfish/personal-ysyx-workbench/ysyxSoC/src/device/PSRAM.scala. Using presentation compiler with project's scala-library version: 3.3.7[0m
2026.04.14 11:19:19 INFO  no build target found for /home/nullstarfish/personal-ysyx-workbench/ysyxSoC/src/device/PSRAM.scala. Using presentation compiler with project's scala-library version: 3.3.7[0m
2026.04.14 11:19:19 INFO  no build target found for /home/nullstarfish/personal-ysyx-workbench/ysyxSoC/src/device/PSRAM.scala. Using presentation compiler with project's scala-library version: 3.3.7[0m
2026.04.14 11:19:20 INFO  no build target found for /home/nullstarfish/personal-ysyx-workbench/ysyxSoC/src/device/PSRAM.scala. Using presentation compiler with project's scala-library version: 3.3.7[0m
2026.04.14 11:19:21 INFO  no build target found for /home/nullstarfish/personal-ysyx-workbench/ysyxSoC/src/device/PSRAM.scala. Using presentation compiler with project's scala-library version: 3.3.7[0m
2026.04.14 11:19:21 INFO  no build target found for /home/nullstarfish/personal-ysyx-workbench/ysyxSoC/src/device/PSRAM.scala. Using presentation compiler with project's scala-library version: 3.3.7[0m
2026.04.14 11:19:21 INFO  no build target found for /home/nullstarfish/personal-ysyx-workbench/ysyxSoC/src/device/PSRAM.scala. Using presentation compiler with project's scala-library version: 3.3.7[0m
2026.04.14 11:19:23 INFO  no build target found for /home/nullstarfish/personal-ysyx-workbench/ysyxSoC/src/device/PSRAM.scala. Using presentation compiler with project's scala-library version: 3.3.7[0m
2026.04.14 11:19:23 INFO  no build target found for /home/nullstarfish/personal-ysyx-workbench/ysyxSoC/src/device/PSRAM.scala. Using presentation compiler with project's scala-library version: 3.3.7[0m
2026.04.14 11:19:23 INFO  no build target found for /home/nullstarfish/personal-ysyx-workbench/ysyxSoC/src/device/PSRAM.scala. Using presentation compiler with project's scala-library version: 3.3.7[0m
2026.04.14 11:19:23 INFO  no build target found for /home/nullstarfish/personal-ysyx-workbench/ysyxSoC/src/device/PSRAM.scala. Using presentation compiler with project's scala-library version: 3.3.7[0m
2026.04.14 11:19:23 INFO  no build target found for /home/nullstarfish/personal-ysyx-workbench/ysyxSoC/src/device/PSRAM.scala. Using presentation compiler with project's scala-library version: 3.3.7[0m
2026.04.14 11:19:23 INFO  no build target found for /home/nullstarfish/personal-ysyx-workbench/ysyxSoC/src/device/PSRAM.scala. Using presentation compiler with project's scala-library version: 3.3.7[0m
2026.04.14 11:19:23 INFO  no build target found for /home/nullstarfish/personal-ysyx-workbench/ysyxSoC/src/device/PSRAM.scala. Using presentation compiler with project's scala-library version: 3.3.7[0m
2026.04.14 11:19:23 INFO  no build target found for /home/nullstarfish/personal-ysyx-workbench/ysyxSoC/src/device/PSRAM.scala. Using presentation compiler with project's scala-library version: 3.3.7[0m
2026.04.14 11:19:23 INFO  no build target found for /home/nullstarfish/personal-ysyx-workbench/ysyxSoC/src/device/PSRAM.scala. Using presentation compiler with project's scala-library version: 3.3.7[0m
2026.04.14 11:19:23 INFO  no build target found for /home/nullstarfish/personal-ysyx-workbench/ysyxSoC/src/device/PSRAM.scala. Using presentation compiler with project's scala-library version: 3.3.7[0m
2026.04.14 11:19:23 INFO  no build target found for /home/nullstarfish/personal-ysyx-workbench/ysyxSoC/src/device/PSRAM.scala. Using presentation compiler with project's scala-library version: 3.3.7[0m
2026.04.14 11:19:23 INFO  no build target found for /home/nullstarfish/personal-ysyx-workbench/ysyxSoC/src/device/PSRAM.scala. Using presentation compiler with project's scala-library version: 3.3.7[0m
2026.04.14 11:19:23 INFO  no build target found for /home/nullstarfish/personal-ysyx-workbench/ysyxSoC/src/device/PSRAM.scala. Using presentation compiler with project's scala-library version: 3.3.7[0m
2026.04.14 11:19:23 INFO  no build target found for /home/nullstarfish/personal-ysyx-workbench/ysyxSoC/src/device/PSRAM.scala. Using presentation compiler with project's scala-library version: 3.3.7[0m
2026.04.14 11:19:23 INFO  no build target found for /home/nullstarfish/personal-ysyx-workbench/ysyxSoC/src/device/PSRAM.scala. Using presentation compiler with project's scala-library version: 3.3.7[0m
2026.04.14 11:19:23 INFO  no build target found for /home/nullstarfish/personal-ysyx-workbench/ysyxSoC/src/device/PSRAM.scala. Using presentation compiler with project's scala-library version: 3.3.7[0m
2026.04.14 11:19:23 INFO  no build target found for /home/nullstarfish/personal-ysyx-workbench/ysyxSoC/src/device/PSRAM.scala. Using presentation compiler with project's scala-library version: 3.3.7[0m
2026.04.14 11:19:23 INFO  no build target found for /home/nullstarfish/personal-ysyx-workbench/ysyxSoC/src/device/PSRAM.scala. Using presentation compiler with project's scala-library version: 3.3.7[0m
2026.04.14 11:19:23 INFO  no build target found for /home/nullstarfish/personal-ysyx-workbench/ysyxSoC/src/device/PSRAM.scala. Using presentation compiler with project's scala-library version: 3.3.7[0m
2026.04.14 11:19:23 INFO  no build target found for /home/nullstarfish/personal-ysyx-workbench/ysyxSoC/src/device/PSRAM.scala. Using presentation compiler with project's scala-library version: 3.3.7[0m
2026.04.14 11:19:23 INFO  no build target found for /home/nullstarfish/personal-ysyx-workbench/ysyxSoC/src/device/PSRAM.scala. Using presentation compiler with project's scala-library version: 3.3.7[0m
2026.04.14 11:19:23 INFO  no build target found for /home/nullstarfish/personal-ysyx-workbench/ysyxSoC/src/device/PSRAM.scala. Using presentation compiler with project's scala-library version: 3.3.7[0m
2026.04.14 11:19:23 INFO  no build target found for /home/nullstarfish/personal-ysyx-workbench/ysyxSoC/src/device/PSRAM.scala. Using presentation compiler with project's scala-library version: 3.3.7[0m
2026.04.14 11:19:24 INFO  no build target found for /home/nullstarfish/personal-ysyx-workbench/ysyxSoC/src/device/PSRAM.scala. Using presentation compiler with project's scala-library version: 3.3.7[0m
2026.04.14 11:19:24 INFO  no build target found for /home/nullstarfish/personal-ysyx-workbench/ysyxSoC/src/device/PSRAM.scala. Using presentation compiler with project's scala-library version: 3.3.7[0m
2026.04.14 11:19:24 INFO  no build target found for /home/nullstarfish/personal-ysyx-workbench/ysyxSoC/src/device/PSRAM.scala. Using presentation compiler with project's scala-library version: 3.3.7[0m
2026.04.14 11:19:24 INFO  no build target found for /home/nullstarfish/personal-ysyx-workbench/ysyxSoC/src/device/PSRAM.scala. Using presentation compiler with project's scala-library version: 3.3.7[0m
2026.04.14 11:19:24 INFO  no build target found for /home/nullstarfish/personal-ysyx-workbench/ysyxSoC/src/device/PSRAM.scala. Using presentation compiler with project's scala-library version: 3.3.7[0m
2026.04.14 11:19:24 INFO  no build target found for /home/nullstarfish/personal-ysyx-workbench/ysyxSoC/src/device/PSRAM.scala. Using presentation compiler with project's scala-library version: 3.3.7[0m
2026.04.14 11:19:24 INFO  no build target found for /home/nullstarfish/personal-ysyx-workbench/ysyxSoC/src/device/PSRAM.scala. Using presentation compiler with project's scala-library version: 3.3.7[0m
2026.04.14 11:19:24 INFO  no build target found for /home/nullstarfish/personal-ysyx-workbench/ysyxSoC/src/device/PSRAM.scala. Using presentation compiler with project's scala-library version: 3.3.7[0m
2026.04.14 11:19:24 INFO  no build target found for /home/nullstarfish/personal-ysyx-workbench/ysyxSoC/src/device/PSRAM.scala. Using presentation compiler with project's scala-library version: 3.3.7[0m
2026.04.14 11:19:24 INFO  no build target found for /home/nullstarfish/personal-ysyx-workbench/ysyxSoC/src/device/PSRAM.scala. Using presentation compiler with project's scala-library version: 3.3.7[0m
2026.04.14 11:19:24 INFO  no build target found for /home/nullstarfish/personal-ysyx-workbench/ysyxSoC/src/device/PSRAM.scala. Using presentation compiler with project's scala-library version: 3.3.7[0m
2026.04.14 11:19:24 INFO  no build target found for /home/nullstarfish/personal-ysyx-workbench/ysyxSoC/src/device/PSRAM.scala. Using presentation compiler with project's scala-library version: 3.3.7[0m
2026.04.14 11:19:24 INFO  no build target found for /home/nullstarfish/personal-ysyx-workbench/ysyxSoC/src/device/PSRAM.scala. Using presentation compiler with project's scala-library version: 3.3.7[0m
2026.04.14 11:19:24 INFO  no build target found for /home/nullstarfish/personal-ysyx-workbench/ysyxSoC/src/device/PSRAM.scala. Using presentation compiler with project's scala-library version: 3.3.7[0m
2026.04.14 11:19:24 INFO  no build target found for /home/nullstarfish/personal-ysyx-workbench/ysyxSoC/src/device/PSRAM.scala. Using presentation compiler with project's scala-library version: 3.3.7[0m
2026.04.14 11:19:24 INFO  no build target found for /home/nullstarfish/personal-ysyx-workbench/ysyxSoC/src/device/PSRAM.scala. Using presentation compiler with project's scala-library version: 3.3.7[0m
2026.04.14 11:19:24 INFO  no build target found for /home/nullstarfish/personal-ysyx-workbench/ysyxSoC/src/device/PSRAM.scala. Using presentation compiler with project's scala-library version: 3.3.7[0m
2026.04.14 11:19:25 INFO  no build target found for /home/nullstarfish/personal-ysyx-workbench/ysyxSoC/src/device/PSRAM.scala. Using presentation compiler with project's scala-library version: 3.3.7[0m
2026.04.14 11:19:25 INFO  no build target found for /home/nullstarfish/personal-ysyx-workbench/ysyxSoC/src/device/PSRAM.scala. Using presentation compiler with project's scala-library version: 3.3.7[0m
2026.04.14 11:19:25 INFO  no build target found for /home/nullstarfish/personal-ysyx-workbench/ysyxSoC/src/device/PSRAM.scala. Using presentation compiler with project's scala-library version: 3.3.7[0m
2026.04.14 11:19:25 INFO  no build target found for /home/nullstarfish/personal-ysyx-workbench/ysyxSoC/src/device/PSRAM.scala. Using presentation compiler with project's scala-library version: 3.3.7[0m
2026.04.14 11:19:25 INFO  no build target found for /home/nullstarfish/personal-ysyx-workbench/ysyxSoC/src/device/PSRAM.scala. Using presentation compiler with project's scala-library version: 3.3.7[0m
2026.04.14 11:19:25 INFO  no build target found for /home/nullstarfish/personal-ysyx-workbench/ysyxSoC/src/device/PSRAM.scala. Using presentation compiler with project's scala-library version: 3.3.7[0m
2026.04.14 11:19:25 INFO  no build target found for /home/nullstarfish/personal-ysyx-workbench/ysyxSoC/src/device/PSRAM.scala. Using presentation compiler with project's scala-library version: 3.3.7[0m
2026.04.14 11:19:25 INFO  no build target found for /home/nullstarfish/personal-ysyx-workbench/ysyxSoC/src/device/PSRAM.scala. Using presentation compiler with project's scala-library version: 3.3.7[0m
2026.04.14 11:19:25 INFO  no build target found for /home/nullstarfish/personal-ysyx-workbench/ysyxSoC/src/device/PSRAM.scala. Using presentation compiler with project's scala-library version: 3.3.7[0m
2026.04.14 11:19:25 INFO  no build target found for /home/nullstarfish/personal-ysyx-workbench/ysyxSoC/src/device/PSRAM.scala. Using presentation compiler with project's scala-library version: 3.3.7[0m
2026.04.14 11:19:25 INFO  no build target found for /home/nullstarfish/personal-ysyx-workbench/ysyxSoC/src/device/PSRAM.scala. Using presentation compiler with project's scala-library version: 3.3.7[0m
2026.04.14 11:19:25 ERROR Timeout waiting for 'build/initialize' response[0m
2026.04.14 11:19:25 WARN  Retrying connection to the build server Bloop[0m
2026.04.14 11:19:25 INFO  Found a Bloop server running[0m
2026.04.14 11:19:25 INFO  no build target found for /home/nullstarfish/personal-ysyx-workbench/ysyxSoC/src/device/PSRAM.scala. Using presentation compiler with project's scala-library version: 3.3.7[0m
2026.04.14 11:19:25 INFO  tracing is disabled for protocol BSP, to enable tracing of incoming and outgoing JSON messages create an empty file at /home/nullstarfish/personal-ysyx-workbench/ysyxSoC/.metals/bsp.trace.json[0m
2026.04.14 11:19:25 INFO  no build target found for /home/nullstarfish/personal-ysyx-workbench/ysyxSoC/src/device/PSRAM.scala. Using presentation compiler with project's scala-library version: 3.3.7[0m
2026.04.14 11:19:26 INFO  no build target found for /home/nullstarfish/personal-ysyx-workbench/ysyxSoC/src/device/PSRAM.scala. Using presentation compiler with project's scala-library version: 3.3.7[0m
2026.04.14 11:19:25 INFO  no build target found for /home/nullstarfish/personal-ysyx-workbench/ysyxSoC/src/device/PSRAM.scala. Using presentation compiler with project's scala-library version: 3.3.7[0m
2026.04.14 11:19:25 INFO  no build target found for /home/nullstarfish/personal-ysyx-workbench/ysyxSoC/src/device/PSRAM.scala. Using presentation compiler with project's scala-library version: 3.3.7[0m
2026.04.14 11:19:25 INFO  no build target found for /home/nullstarfish/personal-ysyx-workbench/ysyxSoC/src/device/PSRAM.scala. Using presentation compiler with project's scala-library version: 3.3.7[0m
2026.04.14 11:19:25 INFO  no build target found for /home/nullstarfish/personal-ysyx-workbench/ysyxSoC/src/device/PSRAM.scala. Using presentation compiler with project's scala-library version: 3.3.7[0m
2026.04.14 11:19:25 INFO  no build target found for /home/nullstarfish/personal-ysyx-workbench/ysyxSoC/src/device/PSRAM.scala. Using presentation compiler with project's scala-library version: 3.3.7[0m
2026.04.14 11:19:25 INFO  no build target found for /home/nullstarfish/personal-ysyx-workbench/ysyxSoC/src/device/PSRAM.scala. Using presentation compiler with project's scala-library version: 3.3.7[0m
2026.04.14 11:19:26 INFO  no build target found for /home/nullstarfish/personal-ysyx-workbench/ysyxSoC/src/device/PSRAM.scala. Using presentation compiler with project's scala-library version: 3.3.7[0m
2026.04.14 11:19:25 INFO  no build target found for /home/nullstarfish/personal-ysyx-workbench/ysyxSoC/src/device/PSRAM.scala. Using presentation compiler with project's scala-library version: 3.3.7[0m
2026.04.14 11:19:26 INFO  no build target found for /home/nullstarfish/personal-ysyx-workbench/ysyxSoC/src/device/PSRAM.scala. Using presentation compiler with project's scala-library version: 3.3.7[0m
2026.04.14 11:19:26 INFO  no build target found for /home/nullstarfish/personal-ysyx-workbench/ysyxSoC/src/device/PSRAM.scala. Using presentation compiler with project's scala-library version: 3.3.7[0m
2026.04.14 11:19:27 INFO  no build target found for /home/nullstarfish/personal-ysyx-workbench/ysyxSoC/src/device/PSRAM.scala. Using presentation compiler with project's scala-library version: 3.3.7[0m
2026.04.14 11:19:27 INFO  no build target found for /home/nullstarfish/personal-ysyx-workbench/ysyxSoC/src/device/PSRAM.scala. Using presentation compiler with project's scala-library version: 3.3.7[0m
2026.04.14 11:19:27 INFO  no build target found for /home/nullstarfish/personal-ysyx-workbench/ysyxSoC/src/device/PSRAM.scala. Using presentation compiler with project's scala-library version: 3.3.7[0m
2026.04.14 11:19:27 INFO  no build target found for /home/nullstarfish/personal-ysyx-workbench/ysyxSoC/src/device/PSRAM.scala. Using presentation compiler with project's scala-library version: 3.3.7[0m
2026.04.14 11:19:27 INFO  no build target found for /home/nullstarfish/personal-ysyx-workbench/ysyxSoC/src/device/PSRAM.scala. Using presentation compiler with project's scala-library version: 3.3.7[0m
2026.04.14 11:19:27 INFO  no build target found for /home/nullstarfish/personal-ysyx-workbench/ysyxSoC/src/device/PSRAM.scala. Using presentation compiler with project's scala-library version: 3.3.7[0m
2026.04.14 11:19:27 INFO  no build target found for /home/nullstarfish/personal-ysyx-workbench/ysyxSoC/src/device/PSRAM.scala. Using presentation compiler with project's scala-library version: 3.3.7[0m
2026.04.14 11:19:28 INFO  no build target found for /home/nullstarfish/personal-ysyx-workbench/ysyxSoC/src/device/PSRAM.scala. Using presentation compiler with project's scala-library version: 3.3.7[0m
2026.04.14 11:19:28 INFO  no build target found for /home/nullstarfish/personal-ysyx-workbench/ysyxSoC/src/device/PSRAM.scala. Using presentation compiler with project's scala-library version: 3.3.7[0m
2026.04.14 11:19:28 INFO  no build target found for /home/nullstarfish/personal-ysyx-workbench/ysyxSoC/src/device/PSRAM.scala. Using presentation compiler with project's scala-library version: 3.3.7[0m
2026.04.14 11:19:28 INFO  no build target found for /home/nullstarfish/personal-ysyx-workbench/ysyxSoC/src/device/PSRAM.scala. Using presentation compiler with project's scala-library version: 3.3.7[0m
2026.04.14 11:19:28 INFO  no build target found for /home/nullstarfish/personal-ysyx-workbench/ysyxSoC/src/device/PSRAM.scala. Using presentation compiler with project's scala-library version: 3.3.7[0m
2026.04.14 11:19:28 INFO  no build target found for /home/nullstarfish/personal-ysyx-workbench/ysyxSoC/src/device/PSRAM.scala. Using presentation compiler with project's scala-library version: 3.3.7[0m
2026.04.14 11:19:28 INFO  no build target found for /home/nullstarfish/personal-ysyx-workbench/ysyxSoC/src/device/PSRAM.scala. Using presentation compiler with project's scala-library version: 3.3.7[0m
2026.04.14 11:19:28 INFO  no build target found for /home/nullstarfish/personal-ysyx-workbench/ysyxSoC/src/device/PSRAM.scala. Using presentation compiler with project's scala-library version: 3.3.7[0m
2026.04.14 11:19:28 INFO  no build target found for /home/nullstarfish/personal-ysyx-workbench/ysyxSoC/src/device/PSRAM.scala. Using presentation compiler with project's scala-library version: 3.3.7[0m
2026.04.14 11:19:28 INFO  no build target found for /home/nullstarfish/personal-ysyx-workbench/ysyxSoC/src/device/PSRAM.scala. Using presentation compiler with project's scala-library version: 3.3.7[0m
2026.04.14 11:19:29 INFO  no build target found for /home/nullstarfish/personal-ysyx-workbench/ysyxSoC/src/device/PSRAM.scala. Using presentation compiler with project's scala-library version: 3.3.7[0m
2026.04.14 11:19:28 INFO  no build target found for /home/nullstarfish/personal-ysyx-workbench/ysyxSoC/src/device/PSRAM.scala. Using presentation compiler with project's scala-library version: 3.3.7[0m
2026.04.14 11:19:29 INFO  no build target found for /home/nullstarfish/personal-ysyx-workbench/ysyxSoC/src/device/PSRAM.scala. Using presentation compiler with project's scala-library version: 3.3.7[0m
2026.04.14 11:19:30 INFO  no build target found for /home/nullstarfish/personal-ysyx-workbench/ysyxSoC/src/device/PSRAM.scala. Using presentation compiler with project's scala-library version: 3.3.7[0m
2026.04.14 11:19:31 INFO  no build target found for /home/nullstarfish/personal-ysyx-workbench/ysyxSoC/src/device/PSRAM.scala. Using presentation compiler with project's scala-library version: 3.3.7[0m
2026.04.14 11:19:31 INFO  no build target found for /home/nullstarfish/personal-ysyx-workbench/ysyxSoC/src/device/PSRAM.scala. Using presentation compiler with project's scala-library version: 3.3.7[0m
2026.04.14 11:19:31 INFO  no build target found for /home/nullstarfish/personal-ysyx-workbench/ysyxSoC/src/device/PSRAM.scala. Using presentation compiler with project's scala-library version: 3.3.7[0m
2026.04.14 11:19:31 INFO  no build target found for /home/nullstarfish/personal-ysyx-workbench/ysyxSoC/src/device/PSRAM.scala. Using presentation compiler with project's scala-library version: 3.3.7[0m
2026.04.14 11:19:31 INFO  no build target found for /home/nullstarfish/personal-ysyx-workbench/ysyxSoC/src/device/PSRAM.scala. Using presentation compiler with project's scala-library version: 3.3.7[0m
2026.04.14 11:19:31 INFO  no build target found for /home/nullstarfish/personal-ysyx-workbench/ysyxSoC/src/device/PSRAM.scala. Using presentation compiler with project's scala-library version: 3.3.7[0m
2026.04.14 11:19:31 INFO  no build target found for /home/nullstarfish/personal-ysyx-workbench/ysyxSoC/src/device/PSRAM.scala. Using presentation compiler with project's scala-library version: 3.3.7[0m
2026.04.14 11:19:31 INFO  no build target found for /home/nullstarfish/personal-ysyx-workbench/ysyxSoC/src/device/PSRAM.scala. Using presentation compiler with project's scala-library version: 3.3.7[0m
2026.04.14 11:19:31 INFO  no build target found for /home/nullstarfish/personal-ysyx-workbench/ysyxSoC/src/device/PSRAM.scala. Using presentation compiler with project's scala-library version: 3.3.7[0m
2026.04.14 11:19:31 INFO  no build target found for /home/nullstarfish/personal-ysyx-workbench/ysyxSoC/src/device/PSRAM.scala. Using presentation compiler with project's scala-library version: 3.3.7[0m
2026.04.14 11:19:31 INFO  no build target found for /home/nullstarfish/personal-ysyx-workbench/ysyxSoC/src/device/PSRAM.scala. Using presentation compiler with project's scala-library version: 3.3.7[0m
2026.04.14 11:19:31 INFO  no build target found for /home/nullstarfish/personal-ysyx-workbench/ysyxSoC/src/device/PSRAM.scala. Using presentation compiler with project's scala-library version: 3.3.7[0m
2026.04.14 11:19:31 INFO  no build target found for /home/nullstarfish/personal-ysyx-workbench/ysyxSoC/src/device/PSRAM.scala. Using presentation compiler with project's scala-library version: 3.3.7[0m
2026.04.14 11:19:31 INFO  no build target found for /home/nullstarfish/personal-ysyx-workbench/ysyxSoC/src/device/PSRAM.scala. Using presentation compiler with project's scala-library version: 3.3.7[0m
2026.04.14 11:19:31 INFO  no build target found for /home/nullstarfish/personal-ysyx-workbench/ysyxSoC/src/device/PSRAM.scala. Using presentation compiler with project's scala-library version: 3.3.7[0m
2026.04.14 11:19:31 INFO  no build target found for /home/nullstarfish/personal-ysyx-workbench/ysyxSoC/src/device/PSRAM.scala. Using presentation compiler with project's scala-library version: 3.3.7[0m
2026.04.14 11:19:31 INFO  no build target found for /home/nullstarfish/personal-ysyx-workbench/ysyxSoC/src/device/PSRAM.scala. Using presentation compiler with project's scala-library version: 3.3.7[0m
2026.04.14 11:19:31 INFO  no build target found for /home/nullstarfish/personal-ysyx-workbench/ysyxSoC/src/device/PSRAM.scala. Using presentation compiler with project's scala-library version: 3.3.7[0m
2026.04.14 11:19:32 INFO  no build target found for /home/nullstarfish/personal-ysyx-workbench/ysyxSoC/src/device/PSRAM.scala. Using presentation compiler with project's scala-library version: 3.3.7[0m
2026.04.14 11:19:32 INFO  no build target found for /home/nullstarfish/personal-ysyx-workbench/ysyxSoC/src/device/PSRAM.scala. Using presentation compiler with project's scala-library version: 3.3.7[0m
2026.04.14 11:19:32 INFO  no build target found for /home/nullstarfish/personal-ysyx-workbench/ysyxSoC/src/device/PSRAM.scala. Using presentation compiler with project's scala-library version: 3.3.7[0m
2026.04.14 11:19:33 INFO  no build target found for /home/nullstarfish/personal-ysyx-workbench/ysyxSoC/src/device/PSRAM.scala. Using presentation compiler with project's scala-library version: 3.3.7[0m
2026.04.14 11:19:33 INFO  no build target found for /home/nullstarfish/personal-ysyx-workbench/ysyxSoC/src/device/PSRAM.scala. Using presentation compiler with project's scala-library version: 3.3.7[0m
2026.04.14 11:19:33 INFO  no build target found for /home/nullstarfish/personal-ysyx-workbench/ysyxSoC/src/device/PSRAM.scala. Using presentation compiler with project's scala-library version: 3.3.7[0m
2026.04.14 11:19:34 INFO  no build target found for /home/nullstarfish/personal-ysyx-workbench/ysyxSoC/src/device/PSRAM.scala. Using presentation compiler with project's scala-library version: 3.3.7[0m
2026.04.14 11:19:34 INFO  no build target found for /home/nullstarfish/personal-ysyx-workbench/ysyxSoC/src/device/PSRAM.scala. Using presentation compiler with project's scala-library version: 3.3.7[0m
2026.04.14 11:19:34 INFO  no build target found for /home/nullstarfish/personal-ysyx-workbench/ysyxSoC/src/device/PSRAM.scala. Using presentation compiler with project's scala-library version: 3.3.7[0m
2026.04.14 11:19:34 INFO  no build target found for /home/nullstarfish/personal-ysyx-workbench/ysyxSoC/src/device/PSRAM.scala. Using presentation compiler with project's scala-library version: 3.3.7[0m
2026.04.14 11:19:35 INFO  no build target found for /home/nullstarfish/personal-ysyx-workbench/ysyxSoC/src/device/PSRAM.scala. Using presentation compiler with project's scala-library version: 3.3.7[0m
2026.04.14 11:19:35 INFO  no build target found for /home/nullstarfish/personal-ysyx-workbench/ysyxSoC/src/device/PSRAM.scala. Using presentation compiler with project's scala-library version: 3.3.7[0m
2026.04.14 11:19:35 INFO  no build target found for /home/nullstarfish/personal-ysyx-workbench/ysyxSoC/src/device/PSRAM.scala. Using presentation compiler with project's scala-library version: 3.3.7[0m
2026.04.14 11:19:35 INFO  no build target found for /home/nullstarfish/personal-ysyx-workbench/ysyxSoC/src/device/PSRAM.scala. Using presentation compiler with project's scala-library version: 3.3.7[0m
2026.04.14 11:19:35 INFO  no build target found for /home/nullstarfish/personal-ysyx-workbench/ysyxSoC/src/device/PSRAM.scala. Using presentation compiler with project's scala-library version: 3.3.7[0m
2026.04.14 11:19:35 INFO  no build target found for /home/nullstarfish/personal-ysyx-workbench/ysyxSoC/src/device/PSRAM.scala. Using presentation compiler with project's scala-library version: 3.3.7[0m
2026.04.14 11:19:36 INFO  no build target found for /home/nullstarfish/personal-ysyx-workbench/ysyxSoC/src/device/PSRAM.scala. Using presentation compiler with project's scala-library version: 3.3.7[0m
2026.04.14 11:19:36 INFO  no build target found for /home/nullstarfish/personal-ysyx-workbench/ysyxSoC/src/device/PSRAM.scala. Using presentation compiler with project's scala-library version: 3.3.7[0m
2026.04.14 11:19:36 INFO  no build target found for /home/nullstarfish/personal-ysyx-workbench/ysyxSoC/src/device/PSRAM.scala. Using presentation compiler with project's scala-library version: 3.3.7[0m
2026.04.14 11:19:36 INFO  no build target found for /home/nullstarfish/personal-ysyx-workbench/ysyxSoC/src/device/PSRAM.scala. Using presentation compiler with project's scala-library version: 3.3.7[0m
2026.04.14 11:19:37 INFO  no build target found for /home/nullstarfish/personal-ysyx-workbench/ysyxSoC/src/device/PSRAM.scala. Using presentation compiler with project's scala-library version: 3.3.7[0m
2026.04.14 11:19:37 INFO  no build target found for /home/nullstarfish/personal-ysyx-workbench/ysyxSoC/src/device/PSRAM.scala. Using presentation compiler with project's scala-library version: 3.3.7[0m
2026.04.14 11:19:37 INFO  no build target found for /home/nullstarfish/personal-ysyx-workbench/ysyxSoC/src/device/PSRAM.scala. Using presentation compiler with project's scala-library version: 3.3.7[0m
2026.04.14 11:19:37 INFO  no build target found for /home/nullstarfish/personal-ysyx-workbench/ysyxSoC/src/device/PSRAM.scala. Using presentation compiler with project's scala-library version: 3.3.7[0m
2026.04.14 11:19:37 INFO  no build target found for /home/nullstarfish/personal-ysyx-workbench/ysyxSoC/src/device/PSRAM.scala. Using presentation compiler with project's scala-library version: 3.3.7[0m
2026.04.14 11:19:39 INFO  no build target found for /home/nullstarfish/personal-ysyx-workbench/ysyxSoC/src/device/PSRAM.scala. Using presentation compiler with project's scala-library version: 3.3.7[0m
2026.04.14 11:19:39 INFO  no build target found for /home/nullstarfish/personal-ysyx-workbench/ysyxSoC/src/device/PSRAM.scala. Using presentation compiler with project's scala-library version: 3.3.7[0m
2026.04.14 11:19:39 INFO  no build target found for /home/nullstarfish/personal-ysyx-workbench/ysyxSoC/src/device/PSRAM.scala. Using presentation compiler with project's scala-library version: 3.3.7[0m
2026.04.14 11:19:39 INFO  no build target found for /home/nullstarfish/personal-ysyx-workbench/ysyxSoC/src/device/PSRAM.scala. Using presentation compiler with project's scala-library version: 3.3.7[0m
2026.04.14 11:19:39 INFO  no build target found for /home/nullstarfish/personal-ysyx-workbench/ysyxSoC/src/device/PSRAM.scala. Using presentation compiler with project's scala-library version: 3.3.7[0m
2026.04.14 11:19:39 INFO  no build target found for /home/nullstarfish/personal-ysyx-workbench/ysyxSoC/src/device/PSRAM.scala. Using presentation compiler with project's scala-library version: 3.3.7[0m
2026.04.14 11:19:39 INFO  no build target found for /home/nullstarfish/personal-ysyx-workbench/ysyxSoC/src/device/PSRAM.scala. Using presentation compiler with project's scala-library version: 3.3.7[0m
2026.04.14 11:19:39 INFO  no build target found for /home/nullstarfish/personal-ysyx-workbench/ysyxSoC/src/device/PSRAM.scala. Using presentation compiler with project's scala-library version: 3.3.7[0m
2026.04.14 11:19:41 INFO  no build target found for /home/nullstarfish/personal-ysyx-workbench/ysyxSoC/src/device/PSRAM.scala. Using presentation compiler with project's scala-library version: 3.3.7[0m
2026.04.14 11:19:41 INFO  no build target found for /home/nullstarfish/personal-ysyx-workbench/ysyxSoC/src/device/PSRAM.scala. Using presentation compiler with project's scala-library version: 3.3.7[0m
2026.04.14 11:19:41 INFO  no build target found for /home/nullstarfish/personal-ysyx-workbench/ysyxSoC/src/device/PSRAM.scala. Using presentation compiler with project's scala-library version: 3.3.7[0m
2026.04.14 11:19:41 INFO  no build target found for /home/nullstarfish/personal-ysyx-workbench/ysyxSoC/src/device/PSRAM.scala. Using presentation compiler with project's scala-library version: 3.3.7[0m
2026.04.14 11:19:41 INFO  no build target found for /home/nullstarfish/personal-ysyx-workbench/ysyxSoC/src/device/PSRAM.scala. Using presentation compiler with project's scala-library version: 3.3.7[0m
2026.04.14 11:19:42 INFO  no build target found for /home/nullstarfish/personal-ysyx-workbench/ysyxSoC/src/device/PSRAM.scala. Using presentation compiler with project's scala-library version: 3.3.7[0m
2026.04.14 11:19:42 INFO  no build target found for /home/nullstarfish/personal-ysyx-workbench/ysyxSoC/src/device/PSRAM.scala. Using presentation compiler with project's scala-library version: 3.3.7[0m
2026.04.14 11:19:42 INFO  no build target found for /home/nullstarfish/personal-ysyx-workbench/ysyxSoC/src/device/PSRAM.scala. Using presentation compiler with project's scala-library version: 3.3.7[0m
2026.04.14 11:19:42 INFO  no build target found for /home/nullstarfish/personal-ysyx-workbench/ysyxSoC/src/device/PSRAM.scala. Using presentation compiler with project's scala-library version: 3.3.7[0m
2026.04.14 11:19:42 INFO  no build target found for /home/nullstarfish/personal-ysyx-workbench/ysyxSoC/src/device/PSRAM.scala. Using presentation compiler with project's scala-library version: 3.3.7[0m
2026.04.14 11:19:43 INFO  no build target found for /home/nullstarfish/personal-ysyx-workbench/ysyxSoC/src/device/PSRAM.scala. Using presentation compiler with project's scala-library version: 3.3.7[0m
2026.04.14 11:19:42 INFO  no build target found for /home/nullstarfish/personal-ysyx-workbench/ysyxSoC/src/device/PSRAM.scala. Using presentation compiler with project's scala-library version: 3.3.7[0m
2026.04.14 11:19:42 INFO  no build target found for /home/nullstarfish/personal-ysyx-workbench/ysyxSoC/src/device/PSRAM.scala. Using presentation compiler with project's scala-library version: 3.3.7[0m
2026.04.14 11:19:42 INFO  no build target found for /home/nullstarfish/personal-ysyx-workbench/ysyxSoC/src/device/PSRAM.scala. Using presentation compiler with project's scala-library version: 3.3.7[0m
2026.04.14 11:19:42 INFO  no build target found for /home/nullstarfish/personal-ysyx-workbench/ysyxSoC/src/device/PSRAM.scala. Using presentation compiler with project's scala-library version: 3.3.7[0m
2026.04.14 11:19:42 INFO  no build target found for /home/nullstarfish/personal-ysyx-workbench/ysyxSoC/src/device/PSRAM.scala. Using presentation compiler with project's scala-library version: 3.3.7[0m
2026.04.14 11:19:42 INFO  no build target found for /home/nullstarfish/personal-ysyx-workbench/ysyxSoC/src/device/PSRAM.scala. Using presentation compiler with project's scala-library version: 3.3.7[0m
2026.04.14 11:19:42 INFO  no build target found for /home/nullstarfish/personal-ysyx-workbench/ysyxSoC/src/device/PSRAM.scala. Using presentation compiler with project's scala-library version: 3.3.7[0m
2026.04.14 11:19:42 INFO  no build target found for /home/nullstarfish/personal-ysyx-workbench/ysyxSoC/src/device/PSRAM.scala. Using presentation compiler with project's scala-library version: 3.3.7[0m
2026.04.14 11:19:42 INFO  no build target found for /home/nullstarfish/personal-ysyx-workbench/ysyxSoC/src/device/PSRAM.scala. Using presentation compiler with project's scala-library version: 3.3.7[0m
2026.04.14 11:19:43 INFO  no build target found for /home/nullstarfish/personal-ysyx-workbench/ysyxSoC/src/device/PSRAM.scala. Using presentation compiler with project's scala-library version: 3.3.7[0m
2026.04.14 11:19:42 INFO  no build target found for /home/nullstarfish/personal-ysyx-workbench/ysyxSoC/src/device/PSRAM.scala. Using presentation compiler with project's scala-library version: 3.3.7[0m
2026.04.14 11:19:42 INFO  no build target found for /home/nullstarfish/personal-ysyx-workbench/ysyxSoC/src/device/PSRAM.scala. Using presentation compiler with project's scala-library version: 3.3.7[0m
2026.04.14 11:19:42 INFO  no build target found for /home/nullstarfish/personal-ysyx-workbench/ysyxSoC/src/device/PSRAM.scala. Using presentation compiler with project's scala-library version: 3.3.7[0m
2026.04.14 11:19:42 INFO  no build target found for /home/nullstarfish/personal-ysyx-workbench/ysyxSoC/src/device/PSRAM.scala. Using presentation compiler with project's scala-library version: 3.3.7[0m
2026.04.14 11:19:42 INFO  no build target found for /home/nullstarfish/personal-ysyx-workbench/ysyxSoC/src/device/PSRAM.scala. Using presentation compiler with project's scala-library version: 3.3.7[0m
2026.04.14 11:19:42 INFO  no build target found for /home/nullstarfish/personal-ysyx-workbench/ysyxSoC/src/device/PSRAM.scala. Using presentation compiler with project's scala-library version: 3.3.7[0m
2026.04.14 11:19:43 INFO  no build target found for /home/nullstarfish/personal-ysyx-workbench/ysyxSoC/src/device/PSRAM.scala. Using presentation compiler with project's scala-library version: 3.3.7[0m
2026.04.14 11:19:43 INFO  no build target found for /home/nullstarfish/personal-ysyx-workbench/ysyxSoC/src/device/PSRAM.scala. Using presentation compiler with project's scala-library version: 3.3.7[0m
2026.04.14 11:19:43 INFO  no build target found for /home/nullstarfish/personal-ysyx-workbench/ysyxSoC/src/device/PSRAM.scala. Using presentation compiler with project's scala-library version: 3.3.7[0m
2026.04.14 11:19:43 INFO  no build target found for /home/nullstarfish/personal-ysyx-workbench/ysyxSoC/src/device/PSRAM.scala. Using presentation compiler with project's scala-library version: 3.3.7[0m
2026.04.14 11:19:43 INFO  no build target found for /home/nullstarfish/personal-ysyx-workbench/ysyxSoC/src/device/PSRAM.scala. Using presentation compiler with project's scala-library version: 3.3.7[0m
2026.04.14 11:19:44 INFO  no build target found for /home/nullstarfish/personal-ysyx-workbench/ysyxSoC/src/device/PSRAM.scala. Using presentation compiler with project's scala-library version: 3.3.7[0m
2026.04.14 11:19:43 INFO  no build target found for /home/nullstarfish/personal-ysyx-workbench/ysyxSoC/src/device/PSRAM.scala. Using presentation compiler with project's scala-library version: 3.3.7[0m
2026.04.14 11:19:43 INFO  no build target found for /home/nullstarfish/personal-ysyx-workbench/ysyxSoC/src/device/PSRAM.scala. Using presentation compiler with project's scala-library version: 3.3.7[0m
2026.04.14 11:19:44 INFO  no build target found for /home/nullstarfish/personal-ysyx-workbench/ysyxSoC/src/device/PSRAM.scala. Using presentation compiler with project's scala-library version: 3.3.7[0m
2026.04.14 11:19:44 INFO  no build target found for /home/nullstarfish/personal-ysyx-workbench/ysyxSoC/src/device/PSRAM.scala. Using presentation compiler with project's scala-library version: 3.3.7[0m
2026.04.14 11:19:44 INFO  no build target found for /home/nullstarfish/personal-ysyx-workbench/ysyxSoC/src/device/PSRAM.scala. Using presentation compiler with project's scala-library version: 3.3.7[0m
2026.04.14 11:19:44 INFO  no build target found for /home/nullstarfish/personal-ysyx-workbench/ysyxSoC/src/device/PSRAM.scala. Using presentation compiler with project's scala-library version: 3.3.7[0m
2026.04.14 11:19:45 INFO  no build target found for /home/nullstarfish/personal-ysyx-workbench/ysyxSoC/src/device/PSRAM.scala. Using presentation compiler with project's scala-library version: 3.3.7[0m
2026.04.14 11:19:44 INFO  no build target found for /home/nullstarfish/personal-ysyx-workbench/ysyxSoC/src/device/PSRAM.scala. Using presentation compiler with project's scala-library version: 3.3.7[0m
2026.04.14 11:19:44 INFO  no build target found for /home/nullstarfish/personal-ysyx-workbench/ysyxSoC/src/device/PSRAM.scala. Using presentation compiler with project's scala-library version: 3.3.7[0m
2026.04.14 11:19:44 INFO  no build target found for /home/nullstarfish/personal-ysyx-workbench/ysyxSoC/src/device/PSRAM.scala. Using presentation compiler with project's scala-library version: 3.3.7[0m
2026.04.14 11:19:44 INFO  no build target found for /home/nullstarfish/personal-ysyx-workbench/ysyxSoC/src/device/PSRAM.scala. Using presentation compiler with project's scala-library version: 3.3.7[0m
2026.04.14 11:19:44 INFO  no build target found for /home/nullstarfish/personal-ysyx-workbench/ysyxSoC/src/device/PSRAM.scala. Using presentation compiler with project's scala-library version: 3.3.7[0m
2026.04.14 11:19:44 INFO  no build target found for /home/nullstarfish/personal-ysyx-workbench/ysyxSoC/src/device/PSRAM.scala. Using presentation compiler with project's scala-library version: 3.3.7[0m
2026.04.14 11:19:44 INFO  no build target found for /home/nullstarfish/personal-ysyx-workbench/ysyxSoC/src/device/PSRAM.scala. Using presentation compiler with project's scala-library version: 3.3.7[0m
2026.04.14 11:19:44 INFO  no build target found for /home/nullstarfish/personal-ysyx-workbench/ysyxSoC/src/device/PSRAM.scala. Using presentation compiler with project's scala-library version: 3.3.7[0m
2026.04.14 11:19:44 INFO  no build target found for /home/nullstarfish/personal-ysyx-workbench/ysyxSoC/src/device/PSRAM.scala. Using presentation compiler with project's scala-library version: 3.3.7[0m
2026.04.14 11:19:45 INFO  no build target found for /home/nullstarfish/personal-ysyx-workbench/ysyxSoC/src/device/PSRAM.scala. Using presentation compiler with project's scala-library version: 3.3.7[0m
2026.04.14 11:19:44 INFO  no build target found for /home/nullstarfish/personal-ysyx-workbench/ysyxSoC/src/device/PSRAM.scala. Using presentation compiler with project's scala-library version: 3.3.7[0m
2026.04.14 11:19:44 INFO  no build target found for /home/nullstarfish/personal-ysyx-workbench/ysyxSoC/src/device/PSRAM.scala. Using presentation compiler with project's scala-library version: 3.3.7[0m
2026.04.14 11:19:45 INFO  no build target found for /home/nullstarfish/personal-ysyx-workbench/ysyxSoC/src/device/PSRAM.scala. Using presentation compiler with project's scala-library version: 3.3.7[0m
2026.04.14 11:19:45 INFO  no build target found for /home/nullstarfish/personal-ysyx-workbench/ysyxSoC/src/device/PSRAM.scala. Using presentation compiler with project's scala-library version: 3.3.7[0m
2026.04.14 11:19:45 INFO  no build target found for /home/nullstarfish/personal-ysyx-workbench/ysyxSoC/src/device/PSRAM.scala. Using presentation compiler with project's scala-library version: 3.3.7[0m
2026.04.14 11:19:45 INFO  no build target found for /home/nullstarfish/personal-ysyx-workbench/ysyxSoC/src/device/PSRAM.scala. Using presentation compiler with project's scala-library version: 3.3.7[0m
2026.04.14 11:19:46 ERROR Timeout waiting for 'build/initialize' response[0m
2026.04.14 11:19:46 WARN  Retrying connection to the build server Bloop[0m
2026.04.14 11:19:46 INFO  Found a Bloop server running[0m
2026.04.14 11:19:46 INFO  tracing is disabled for protocol BSP, to enable tracing of incoming and outgoing JSON messages create an empty file at /home/nullstarfish/personal-ysyx-workbench/ysyxSoC/.metals/bsp.trace.json[0m
2026.04.14 11:19:45 INFO  no build target found for /home/nullstarfish/personal-ysyx-workbench/ysyxSoC/src/device/PSRAM.scala. Using presentation compiler with project's scala-library version: 3.3.7[0m
2026.04.14 11:19:46 INFO  no build target found for /home/nullstarfish/personal-ysyx-workbench/ysyxSoC/src/device/PSRAM.scala. Using presentation compiler with project's scala-library version: 3.3.7[0m
2026.04.14 11:19:45 INFO  no build target found for /home/nullstarfish/personal-ysyx-workbench/ysyxSoC/src/device/PSRAM.scala. Using presentation compiler with project's scala-library version: 3.3.7[0m
2026.04.14 11:19:45 INFO  no build target found for /home/nullstarfish/personal-ysyx-workbench/ysyxSoC/src/device/PSRAM.scala. Using presentation compiler with project's scala-library version: 3.3.7[0m
2026.04.14 11:19:46 INFO  no build target found for /home/nullstarfish/personal-ysyx-workbench/ysyxSoC/src/device/PSRAM.scala. Using presentation compiler with project's scala-library version: 3.3.7[0m
2026.04.14 11:19:47 INFO  no build target found for /home/nullstarfish/personal-ysyx-workbench/ysyxSoC/src/device/PSRAM.scala. Using presentation compiler with project's scala-library version: 3.3.7[0m
2026.04.14 11:19:47 INFO  no build target found for /home/nullstarfish/personal-ysyx-workbench/ysyxSoC/src/device/PSRAM.scala. Using presentation compiler with project's scala-library version: 3.3.7[0m
2026.04.14 11:19:47 INFO  no build target found for /home/nullstarfish/personal-ysyx-workbench/ysyxSoC/src/device/PSRAM.scala. Using presentation compiler with project's scala-library version: 3.3.7[0m
2026.04.14 11:19:47 INFO  no build target found for /home/nullstarfish/personal-ysyx-workbench/ysyxSoC/src/device/PSRAM.scala. Using presentation compiler with project's scala-library version: 3.3.7[0m
2026.04.14 11:19:47 INFO  no build target found for /home/nullstarfish/personal-ysyx-workbench/ysyxSoC/src/device/PSRAM.scala. Using presentation compiler with project's scala-library version: 3.3.7[0m
2026.04.14 11:19:47 INFO  no build target found for /home/nullstarfish/personal-ysyx-workbench/ysyxSoC/src/device/PSRAM.scala. Using presentation compiler with project's scala-library version: 3.3.7[0m
2026.04.14 11:19:47 INFO  no build target found for /home/nullstarfish/personal-ysyx-workbench/ysyxSoC/src/device/PSRAM.scala. Using presentation compiler with project's scala-library version: 3.3.7[0m
2026.04.14 11:19:47 INFO  no build target found for /home/nullstarfish/personal-ysyx-workbench/ysyxSoC/src/device/PSRAM.scala. Using presentation compiler with project's scala-library version: 3.3.7[0m
2026.04.14 11:19:47 INFO  no build target found for /home/nullstarfish/personal-ysyx-workbench/ysyxSoC/src/device/PSRAM.scala. Using presentation compiler with project's scala-library version: 3.3.7[0m
2026.04.14 11:19:47 INFO  no build target found for /home/nullstarfish/personal-ysyx-workbench/ysyxSoC/src/device/PSRAM.scala. Using presentation compiler with project's scala-library version: 3.3.7[0m
2026.04.14 11:19:47 INFO  no build target found for /home/nullstarfish/personal-ysyx-workbench/ysyxSoC/src/device/PSRAM.scala. Using presentation compiler with project's scala-library version: 3.3.7[0m
2026.04.14 11:19:47 INFO  no build target found for /home/nullstarfish/personal-ysyx-workbench/ysyxSoC/src/device/PSRAM.scala. Using presentation compiler with project's scala-library version: 3.3.7[0m
2026.04.14 11:19:47 INFO  no build target found for /home/nullstarfish/personal-ysyx-workbench/ysyxSoC/src/device/PSRAM.scala. Using presentation compiler with project's scala-library version: 3.3.7[0m
2026.04.14 11:19:47 INFO  no build target found for /home/nullstarfish/personal-ysyx-workbench/ysyxSoC/src/device/PSRAM.scala. Using presentation compiler with project's scala-library version: 3.3.7[0m
2026.04.14 11:19:48 INFO  no build target found for /home/nullstarfish/personal-ysyx-workbench/ysyxSoC/src/device/PSRAM.scala. Using presentation compiler with project's scala-library version: 3.3.7[0m
2026.04.14 11:19:47 INFO  no build target found for /home/nullstarfish/personal-ysyx-workbench/ysyxSoC/src/device/PSRAM.scala. Using presentation compiler with project's scala-library version: 3.3.7[0m
2026.04.14 11:19:47 INFO  no build target found for /home/nullstarfish/personal-ysyx-workbench/ysyxSoC/src/device/PSRAM.scala. Using presentation compiler with project's scala-library version: 3.3.7[0m
2026.04.14 11:19:47 INFO  no build target found for /home/nullstarfish/personal-ysyx-workbench/ysyxSoC/src/device/PSRAM.scala. Using presentation compiler with project's scala-library version: 3.3.7[0m
2026.04.14 11:19:48 INFO  no build target found for /home/nullstarfish/personal-ysyx-workbench/ysyxSoC/src/device/PSRAM.scala. Using presentation compiler with project's scala-library version: 3.3.7[0m
2026.04.14 11:19:48 INFO  no build target found for /home/nullstarfish/personal-ysyx-workbench/ysyxSoC/src/device/PSRAM.scala. Using presentation compiler with project's scala-library version: 3.3.7[0m
2026.04.14 11:19:48 INFO  no build target found for /home/nullstarfish/personal-ysyx-workbench/ysyxSoC/src/device/PSRAM.scala. Using presentation compiler with project's scala-library version: 3.3.7[0m
2026.04.14 11:19:48 INFO  no build target found for /home/nullstarfish/personal-ysyx-workbench/ysyxSoC/src/device/PSRAM.scala. Using presentation compiler with project's scala-library version: 3.3.7[0m
2026.04.14 11:19:48 INFO  no build target found for /home/nullstarfish/personal-ysyx-workbench/ysyxSoC/src/device/PSRAM.scala. Using presentation compiler with project's scala-library version: 3.3.7[0m
2026.04.14 11:19:48 INFO  no build target found for /home/nullstarfish/personal-ysyx-workbench/ysyxSoC/src/device/PSRAM.scala. Using presentation compiler with project's scala-library version: 3.3.7[0m
2026.04.14 11:19:48 INFO  no build target found for /home/nullstarfish/personal-ysyx-workbench/ysyxSoC/src/device/PSRAM.scala. Using presentation compiler with project's scala-library version: 3.3.7[0m
2026.04.14 11:19:48 INFO  no build target found for /home/nullstarfish/personal-ysyx-workbench/ysyxSoC/src/device/PSRAM.scala. Using presentation compiler with project's scala-library version: 3.3.7[0m
2026.04.14 11:19:49 INFO  no build target found for /home/nullstarfish/personal-ysyx-workbench/ysyxSoC/src/device/PSRAM.scala. Using presentation compiler with project's scala-library version: 3.3.7[0m
2026.04.14 11:19:50 INFO  no build target found for /home/nullstarfish/personal-ysyx-workbench/ysyxSoC/src/device/PSRAM.scala. Using presentation compiler with project's scala-library version: 3.3.7[0m
2026.04.14 11:19:50 INFO  no build target found for /home/nullstarfish/personal-ysyx-workbench/ysyxSoC/src/device/PSRAM.scala. Using presentation compiler with project's scala-library version: 3.3.7[0m
2026.04.14 11:19:50 INFO  no build target found for /home/nullstarfish/personal-ysyx-workbench/ysyxSoC/src/device/PSRAM.scala. Using presentation compiler with project's scala-library version: 3.3.7[0m
2026.04.14 11:19:50 INFO  no build target found for /home/nullstarfish/personal-ysyx-workbench/ysyxSoC/src/device/PSRAM.scala. Using presentation compiler with project's scala-library version: 3.3.7[0m
2026.04.14 11:19:50 INFO  no build target found for /home/nullstarfish/personal-ysyx-workbench/ysyxSoC/src/device/PSRAM.scala. Using presentation compiler with project's scala-library version: 3.3.7[0m
2026.04.14 11:19:50 INFO  no build target found for /home/nullstarfish/personal-ysyx-workbench/ysyxSoC/src/device/PSRAM.scala. Using presentation compiler with project's scala-library version: 3.3.7[0m
2026.04.14 11:19:50 INFO  no build target found for /home/nullstarfish/personal-ysyx-workbench/ysyxSoC/src/device/PSRAM.scala. Using presentation compiler with project's scala-library version: 3.3.7[0m
2026.04.14 11:19:50 INFO  no build target found for /home/nullstarfish/personal-ysyx-workbench/ysyxSoC/src/device/PSRAM.scala. Using presentation compiler with project's scala-library version: 3.3.7[0m
2026.04.14 11:19:50 INFO  no build target found for /home/nullstarfish/personal-ysyx-workbench/ysyxSoC/src/device/PSRAM.scala. Using presentation compiler with project's scala-library version: 3.3.7[0m
2026.04.14 11:19:50 INFO  no build target found for /home/nullstarfish/personal-ysyx-workbench/ysyxSoC/src/device/PSRAM.scala. Using presentation compiler with project's scala-library version: 3.3.7[0m
2026.04.14 11:19:51 INFO  no build target found for /home/nullstarfish/personal-ysyx-workbench/ysyxSoC/src/device/PSRAM.scala. Using presentation compiler with project's scala-library version: 3.3.7[0m
2026.04.14 11:19:51 INFO  no build target found for /home/nullstarfish/personal-ysyx-workbench/ysyxSoC/src/device/PSRAM.scala. Using presentation compiler with project's scala-library version: 3.3.7[0m
2026.04.14 11:19:51 INFO  no build target found for /home/nullstarfish/personal-ysyx-workbench/ysyxSoC/src/device/PSRAM.scala. Using presentation compiler with project's scala-library version: 3.3.7[0m
2026.04.14 11:19:51 INFO  no build target found for /home/nullstarfish/personal-ysyx-workbench/ysyxSoC/src/device/PSRAM.scala. Using presentation compiler with project's scala-library version: 3.3.7[0m
2026.04.14 11:19:51 INFO  no build target found for /home/nullstarfish/personal-ysyx-workbench/ysyxSoC/src/device/PSRAM.scala. Using presentation compiler with project's scala-library version: 3.3.7[0m
2026.04.14 11:19:51 INFO  no build target found for /home/nullstarfish/personal-ysyx-workbench/ysyxSoC/src/device/PSRAM.scala. Using presentation compiler with project's scala-library version: 3.3.7[0m
2026.04.14 11:19:51 INFO  no build target found for /home/nullstarfish/personal-ysyx-workbench/ysyxSoC/src/device/PSRAM.scala. Using presentation compiler with project's scala-library version: 3.3.7[0m
2026.04.14 11:19:52 INFO  no build target found for /home/nullstarfish/personal-ysyx-workbench/ysyxSoC/src/device/PSRAM.scala. Using presentation compiler with project's scala-library version: 3.3.7[0m
2026.04.14 11:19:52 INFO  no build target found for /home/nullstarfish/personal-ysyx-workbench/ysyxSoC/src/device/PSRAM.scala. Using presentation compiler with project's scala-library version: 3.3.7[0m
2026.04.14 11:19:52 INFO  no build target found for /home/nullstarfish/personal-ysyx-workbench/ysyxSoC/src/device/PSRAM.scala. Using presentation compiler with project's scala-library version: 3.3.7[0m
2026.04.14 11:19:52 INFO  no build target found for /home/nullstarfish/personal-ysyx-workbench/ysyxSoC/src/device/PSRAM.scala. Using presentation compiler with project's scala-library version: 3.3.7[0m
2026.04.14 11:19:52 INFO  no build target found for /home/nullstarfish/personal-ysyx-workbench/ysyxSoC/src/device/PSRAM.scala. Using presentation compiler with project's scala-library version: 3.3.7[0m
2026.04.14 11:19:52 INFO  no build target found for /home/nullstarfish/personal-ysyx-workbench/ysyxSoC/src/device/PSRAM.scala. Using presentation compiler with project's scala-library version: 3.3.7[0m
2026.04.14 11:19:52 INFO  no build target found for /home/nullstarfish/personal-ysyx-workbench/ysyxSoC/src/device/PSRAM.scala. Using presentation compiler with project's scala-library version: 3.3.7[0m
2026.04.14 11:19:52 INFO  no build target found for /home/nullstarfish/personal-ysyx-workbench/ysyxSoC/src/device/PSRAM.scala. Using presentation compiler with project's scala-library version: 3.3.7[0m
2026.04.14 11:19:52 INFO  no build target found for /home/nullstarfish/personal-ysyx-workbench/ysyxSoC/src/device/PSRAM.scala. Using presentation compiler with project's scala-library version: 3.3.7[0m
2026.04.14 11:19:52 INFO  no build target found for /home/nullstarfish/personal-ysyx-workbench/ysyxSoC/src/device/PSRAM.scala. Using presentation compiler with project's scala-library version: 3.3.7[0m
2026.04.14 11:19:52 INFO  no build target found for /home/nullstarfish/personal-ysyx-workbench/ysyxSoC/src/device/PSRAM.scala. Using presentation compiler with project's scala-library version: 3.3.7[0m
2026.04.14 11:19:52 INFO  no build target found for /home/nullstarfish/personal-ysyx-workbench/ysyxSoC/src/device/PSRAM.scala. Using presentation compiler with project's scala-library version: 3.3.7[0m
2026.04.14 11:19:52 INFO  no build target found for /home/nullstarfish/personal-ysyx-workbench/ysyxSoC/src/device/PSRAM.scala. Using presentation compiler with project's scala-library version: 3.3.7[0m
2026.04.14 11:19:52 INFO  no build target found for /home/nullstarfish/personal-ysyx-workbench/ysyxSoC/src/device/PSRAM.scala. Using presentation compiler with project's scala-library version: 3.3.7[0m
2026.04.14 11:19:52 INFO  no build target found for /home/nullstarfish/personal-ysyx-workbench/ysyxSoC/src/device/PSRAM.scala. Using presentation compiler with project's scala-library version: 3.3.7[0m
2026.04.14 11:19:52 INFO  no build target found for /home/nullstarfish/personal-ysyx-workbench/ysyxSoC/src/device/PSRAM.scala. Using presentation compiler with project's scala-library version: 3.3.7[0m
2026.04.14 11:19:52 INFO  no build target found for /home/nullstarfish/personal-ysyx-workbench/ysyxSoC/src/device/PSRAM.scala. Using presentation compiler with project's scala-library version: 3.3.7[0m
2026.04.14 11:19:53 INFO  no build target found for /home/nullstarfish/personal-ysyx-workbench/ysyxSoC/src/device/PSRAM.scala. Using presentation compiler with project's scala-library version: 3.3.7[0m
2026.04.14 11:19:53 INFO  no build target found for /home/nullstarfish/personal-ysyx-workbench/ysyxSoC/src/device/PSRAM.scala. Using presentation compiler with project's scala-library version: 3.3.7[0m
2026.04.14 11:19:53 INFO  no build target found for /home/nullstarfish/personal-ysyx-workbench/ysyxSoC/src/device/PSRAM.scala. Using presentation compiler with project's scala-library version: 3.3.7[0m
2026.04.14 11:19:53 INFO  no build target found for /home/nullstarfish/personal-ysyx-workbench/ysyxSoC/src/device/PSRAM.scala. Using presentation compiler with project's scala-library version: 3.3.7[0m
2026.04.14 11:19:53 INFO  no build target found for /home/nullstarfish/personal-ysyx-workbench/ysyxSoC/src/device/PSRAM.scala. Using presentation compiler with project's scala-library version: 3.3.7[0m
2026.04.14 11:19:52 INFO  no build target found for /home/nullstarfish/personal-ysyx-workbench/ysyxSoC/src/device/PSRAM.scala. Using presentation compiler with project's scala-library version: 3.3.7[0m
2026.04.14 11:19:53 INFO  no build target found for /home/nullstarfish/personal-ysyx-workbench/ysyxSoC/src/device/PSRAM.scala. Using presentation compiler with project's scala-library version: 3.3.7[0m
2026.04.14 11:19:53 INFO  no build target found for /home/nullstarfish/personal-ysyx-workbench/ysyxSoC/src/device/PSRAM.scala. Using presentation compiler with project's scala-library version: 3.3.7[0m
2026.04.14 11:19:53 INFO  no build target found for /home/nullstarfish/personal-ysyx-workbench/ysyxSoC/src/device/PSRAM.scala. Using presentation compiler with project's scala-library version: 3.3.7[0m
2026.04.14 11:19:54 INFO  no build target found for /home/nullstarfish/personal-ysyx-workbench/ysyxSoC/src/device/PSRAM.scala. Using presentation compiler with project's scala-library version: 3.3.7[0m
2026.04.14 11:19:54 INFO  no build target found for /home/nullstarfish/personal-ysyx-workbench/ysyxSoC/src/device/PSRAM.scala. Using presentation compiler with project's scala-library version: 3.3.7[0m
2026.04.14 11:19:54 INFO  no build target found for /home/nullstarfish/personal-ysyx-workbench/ysyxSoC/src/device/PSRAM.scala. Using presentation compiler with project's scala-library version: 3.3.7[0m
2026.04.14 11:19:54 INFO  no build target found for /home/nullstarfish/personal-ysyx-workbench/ysyxSoC/src/device/PSRAM.scala. Using presentation compiler with project's scala-library version: 3.3.7[0m
2026.04.14 11:19:54 INFO  no build target found for /home/nullstarfish/personal-ysyx-workbench/ysyxSoC/src/device/PSRAM.scala. Using presentation compiler with project's scala-library version: 3.3.7[0m
2026.04.14 11:19:54 INFO  no build target found for /home/nullstarfish/personal-ysyx-workbench/ysyxSoC/src/device/PSRAM.scala. Using presentation compiler with project's scala-library version: 3.3.7[0m
2026.04.14 11:19:54 INFO  no build target found for /home/nullstarfish/personal-ysyx-workbench/ysyxSoC/src/device/PSRAM.scala. Using presentation compiler with project's scala-library version: 3.3.7[0m
2026.04.14 11:19:55 INFO  no build target found for /home/nullstarfish/personal-ysyx-workbench/ysyxSoC/src/device/PSRAM.scala. Using presentation compiler with project's scala-library version: 3.3.7[0m
2026.04.14 11:19:54 INFO  no build target found for /home/nullstarfish/personal-ysyx-workbench/ysyxSoC/src/device/PSRAM.scala. Using presentation compiler with project's scala-library version: 3.3.7[0m
2026.04.14 11:19:54 INFO  no build target found for /home/nullstarfish/personal-ysyx-workbench/ysyxSoC/src/device/PSRAM.scala. Using presentation compiler with project's scala-library version: 3.3.7[0m
2026.04.14 11:19:54 INFO  no build target found for /home/nullstarfish/personal-ysyx-workbench/ysyxSoC/src/device/PSRAM.scala. Using presentation compiler with project's scala-library version: 3.3.7[0m
2026.04.14 11:19:54 INFO  no build target found for /home/nullstarfish/personal-ysyx-workbench/ysyxSoC/src/device/PSRAM.scala. Using presentation compiler with project's scala-library version: 3.3.7[0m
2026.04.14 11:19:55 INFO  no build target found for /home/nullstarfish/personal-ysyx-workbench/ysyxSoC/src/device/PSRAM.scala. Using presentation compiler with project's scala-library version: 3.3.7[0m
2026.04.14 11:19:54 INFO  no build target found for /home/nullstarfish/personal-ysyx-workbench/ysyxSoC/src/device/PSRAM.scala. Using presentation compiler with project's scala-library version: 3.3.7[0m
2026.04.14 11:19:54 INFO  no build target found for /home/nullstarfish/personal-ysyx-workbench/ysyxSoC/src/device/PSRAM.scala. Using presentation compiler with project's scala-library version: 3.3.7[0m
2026.04.14 11:19:55 INFO  no build target found for /home/nullstarfish/personal-ysyx-workbench/ysyxSoC/src/device/PSRAM.scala. Using presentation compiler with project's scala-library version: 3.3.7[0m
2026.04.14 11:19:55 INFO  no build target found for /home/nullstarfish/personal-ysyx-workbench/ysyxSoC/src/device/PSRAM.scala. Using presentation compiler with project's scala-library version: 3.3.7[0m
2026.04.14 11:19:55 INFO  no build target found for /home/nullstarfish/personal-ysyx-workbench/ysyxSoC/src/device/PSRAM.scala. Using presentation compiler with project's scala-library version: 3.3.7[0m
2026.04.14 11:19:55 INFO  no build target found for /home/nullstarfish/personal-ysyx-workbench/ysyxSoC/src/device/PSRAM.scala. Using presentation compiler with project's scala-library version: 3.3.7[0m
2026.04.14 11:19:55 INFO  no build target found for /home/nullstarfish/personal-ysyx-workbench/ysyxSoC/src/device/PSRAM.scala. Using presentation compiler with project's scala-library version: 3.3.7[0m
2026.04.14 11:19:56 INFO  no build target found for /home/nullstarfish/personal-ysyx-workbench/ysyxSoC/src/device/PSRAM.scala. Using presentation compiler with project's scala-library version: 3.3.7[0m
2026.04.14 11:19:55 INFO  no build target found for /home/nullstarfish/personal-ysyx-workbench/ysyxSoC/src/device/PSRAM.scala. Using presentation compiler with project's scala-library version: 3.3.7[0m
2026.04.14 11:19:56 INFO  no build target found for /home/nullstarfish/personal-ysyx-workbench/ysyxSoC/src/device/PSRAM.scala. Using presentation compiler with project's scala-library version: 3.3.7[0m
2026.04.14 11:19:56 INFO  no build target found for /home/nullstarfish/personal-ysyx-workbench/ysyxSoC/src/device/PSRAM.scala. Using presentation compiler with project's scala-library version: 3.3.7[0m
2026.04.14 11:19:56 INFO  no build target found for /home/nullstarfish/personal-ysyx-workbench/ysyxSoC/src/device/PSRAM.scala. Using presentation compiler with project's scala-library version: 3.3.7[0m
2026.04.14 11:19:58 INFO  no build target found for /home/nullstarfish/personal-ysyx-workbench/ysyxSoC/src/device/PSRAM.scala. Using presentation compiler with project's scala-library version: 3.3.7[0m
2026.04.14 11:19:58 INFO  no build target found for /home/nullstarfish/personal-ysyx-workbench/ysyxSoC/src/device/PSRAM.scala. Using presentation compiler with project's scala-library version: 3.3.7[0m
2026.04.14 11:19:58 INFO  no build target found for /home/nullstarfish/personal-ysyx-workbench/ysyxSoC/src/device/PSRAM.scala. Using presentation compiler with project's scala-library version: 3.3.7[0m
2026.04.14 11:19:58 INFO  no build target found for /home/nullstarfish/personal-ysyx-workbench/ysyxSoC/src/device/PSRAM.scala. Using presentation compiler with project's scala-library version: 3.3.7[0m
2026.04.14 11:19:58 INFO  no build target found for /home/nullstarfish/personal-ysyx-workbench/ysyxSoC/src/device/PSRAM.scala. Using presentation compiler with project's scala-library version: 3.3.7[0m
2026.04.14 11:19:58 INFO  no build target found for /home/nullstarfish/personal-ysyx-workbench/ysyxSoC/src/device/PSRAM.scala. Using presentation compiler with project's scala-library version: 3.3.7[0m
2026.04.14 11:19:58 INFO  no build target found for /home/nullstarfish/personal-ysyx-workbench/ysyxSoC/src/device/PSRAM.scala. Using presentation compiler with project's scala-library version: 3.3.7[0m
2026.04.14 11:19:58 INFO  no build target found for /home/nullstarfish/personal-ysyx-workbench/ysyxSoC/src/device/PSRAM.scala. Using presentation compiler with project's scala-library version: 3.3.7[0m
2026.04.14 11:19:58 INFO  no build target found for /home/nullstarfish/personal-ysyx-workbench/ysyxSoC/src/device/PSRAM.scala. Using presentation compiler with project's scala-library version: 3.3.7[0m
2026.04.14 11:19:58 INFO  no build target found for /home/nullstarfish/personal-ysyx-workbench/ysyxSoC/src/device/PSRAM.scala. Using presentation compiler with project's scala-library version: 3.3.7[0m
2026.04.14 11:19:58 INFO  no build target found for /home/nullstarfish/personal-ysyx-workbench/ysyxSoC/src/device/PSRAM.scala. Using presentation compiler with project's scala-library version: 3.3.7[0m
2026.04.14 11:19:58 INFO  no build target found for /home/nullstarfish/personal-ysyx-workbench/ysyxSoC/src/device/PSRAM.scala. Using presentation compiler with project's scala-library version: 3.3.7[0m
2026.04.14 11:19:58 INFO  no build target found for /home/nullstarfish/personal-ysyx-workbench/ysyxSoC/src/device/PSRAM.scala. Using presentation compiler with project's scala-library version: 3.3.7[0m
2026.04.14 11:19:58 INFO  no build target found for /home/nullstarfish/personal-ysyx-workbench/ysyxSoC/src/device/PSRAM.scala. Using presentation compiler with project's scala-library version: 3.3.7[0m
2026.04.14 11:19:58 INFO  no build target found for /home/nullstarfish/personal-ysyx-workbench/ysyxSoC/src/device/PSRAM.scala. Using presentation compiler with project's scala-library version: 3.3.7[0m
2026.04.14 11:19:58 INFO  no build target found for /home/nullstarfish/personal-ysyx-workbench/ysyxSoC/src/device/PSRAM.scala. Using presentation compiler with project's scala-library version: 3.3.7[0m
2026.04.14 11:19:58 INFO  no build target found for /home/nullstarfish/personal-ysyx-workbench/ysyxSoC/src/device/PSRAM.scala. Using presentation compiler with project's scala-library version: 3.3.7[0m
2026.04.14 11:19:58 INFO  no build target found for /home/nullstarfish/personal-ysyx-workbench/ysyxSoC/src/device/PSRAM.scala. Using presentation compiler with project's scala-library version: 3.3.7[0m
2026.04.14 11:19:58 INFO  no build target found for /home/nullstarfish/personal-ysyx-workbench/ysyxSoC/src/device/PSRAM.scala. Using presentation compiler with project's scala-library version: 3.3.7[0m
2026.04.14 11:19:58 INFO  no build target found for /home/nullstarfish/personal-ysyx-workbench/ysyxSoC/src/device/PSRAM.scala. Using presentation compiler with project's scala-library version: 3.3.7[0m
2026.04.14 11:19:59 INFO  no build target found for /home/nullstarfish/personal-ysyx-workbench/ysyxSoC/src/device/PSRAM.scala. Using presentation compiler with project's scala-library version: 3.3.7[0m
2026.04.14 11:19:59 INFO  no build target found for /home/nullstarfish/personal-ysyx-workbench/ysyxSoC/src/device/PSRAM.scala. Using presentation compiler with project's scala-library version: 3.3.7[0m
2026.04.14 11:19:59 INFO  no build target found for /home/nullstarfish/personal-ysyx-workbench/ysyxSoC/src/device/PSRAM.scala. Using presentation compiler with project's scala-library version: 3.3.7[0m
2026.04.14 11:19:59 INFO  no build target found for /home/nullstarfish/personal-ysyx-workbench/ysyxSoC/src/device/PSRAM.scala. Using presentation compiler with project's scala-library version: 3.3.7[0m
2026.04.14 11:19:59 INFO  no build target found for /home/nullstarfish/personal-ysyx-workbench/ysyxSoC/src/device/PSRAM.scala. Using presentation compiler with project's scala-library version: 3.3.7[0m
Apr 14, 2026 11:19:59 AM org.eclipse.lsp4j.jsonrpc.RemoteEndpoint handleCancellation
WARNING: Unmatched cancel notification for request id 675
2026.04.14 11:19:59 INFO  no build target found for /home/nullstarfish/personal-ysyx-workbench/ysyxSoC/src/device/PSRAM.scala. Using presentation compiler with project's scala-library version: 3.3.7[0m
2026.04.14 11:19:59 INFO  no build target found for /home/nullstarfish/personal-ysyx-workbench/ysyxSoC/src/device/PSRAM.scala. Using presentation compiler with project's scala-library version: 3.3.7[0m
2026.04.14 11:19:59 INFO  no build target found for /home/nullstarfish/personal-ysyx-workbench/ysyxSoC/src/device/PSRAM.scala. Using presentation compiler with project's scala-library version: 3.3.7[0m
2026.04.14 11:19:59 INFO  no build target found for /home/nullstarfish/personal-ysyx-workbench/ysyxSoC/src/device/PSRAM.scala. Using presentation compiler with project's scala-library version: 3.3.7[0m
2026.04.14 11:19:59 INFO  no build target found for /home/nullstarfish/personal-ysyx-workbench/ysyxSoC/src/device/PSRAM.scala. Using presentation compiler with project's scala-library version: 3.3.7[0m
2026.04.14 11:19:59 INFO  no build target found for /home/nullstarfish/personal-ysyx-workbench/ysyxSoC/src/device/PSRAM.scala. Using presentation compiler with project's scala-library version: 3.3.7[0m
2026.04.14 11:19:59 INFO  no build target found for /home/nullstarfish/personal-ysyx-workbench/ysyxSoC/src/device/PSRAM.scala. Using presentation compiler with project's scala-library version: 3.3.7[0m
2026.04.14 11:19:59 INFO  no build target found for /home/nullstarfish/personal-ysyx-workbench/ysyxSoC/src/device/PSRAM.scala. Using presentation compiler with project's scala-library version: 3.3.7[0m
2026.04.14 11:19:59 INFO  no build target found for /home/nullstarfish/personal-ysyx-workbench/ysyxSoC/src/device/PSRAM.scala. Using presentation compiler with project's scala-library version: 3.3.7[0m
2026.04.14 11:19:59 INFO  no build target found for /home/nullstarfish/personal-ysyx-workbench/ysyxSoC/src/device/PSRAM.scala. Using presentation compiler with project's scala-library version: 3.3.7[0m
2026.04.14 11:19:59 INFO  no build target found for /home/nullstarfish/personal-ysyx-workbench/ysyxSoC/src/device/PSRAM.scala. Using presentation compiler with project's scala-library version: 3.3.7[0m
2026.04.14 11:19:59 INFO  no build target found for /home/nullstarfish/personal-ysyx-workbench/ysyxSoC/src/device/PSRAM.scala. Using presentation compiler with project's scala-library version: 3.3.7[0m
2026.04.14 11:19:59 INFO  no build target found for /home/nullstarfish/personal-ysyx-workbench/ysyxSoC/src/device/PSRAM.scala. Using presentation compiler with project's scala-library version: 3.3.7[0m
2026.04.14 11:19:59 INFO  no build target found for /home/nullstarfish/personal-ysyx-workbench/ysyxSoC/src/device/PSRAM.scala. Using presentation compiler with project's scala-library version: 3.3.7[0m
2026.04.14 11:20:00 INFO  no build target found for /home/nullstarfish/personal-ysyx-workbench/ysyxSoC/src/device/PSRAM.scala. Using presentation compiler with project's scala-library version: 3.3.7[0m
2026.04.14 11:19:59 INFO  no build target found for /home/nullstarfish/personal-ysyx-workbench/ysyxSoC/src/device/PSRAM.scala. Using presentation compiler with project's scala-library version: 3.3.7[0m
2026.04.14 11:20:00 INFO  no build target found for /home/nullstarfish/personal-ysyx-workbench/ysyxSoC/src/device/PSRAM.scala. Using presentation compiler with project's scala-library version: 3.3.7[0m
2026.04.14 11:20:00 INFO  no build target found for /home/nullstarfish/personal-ysyx-workbench/ysyxSoC/src/device/PSRAM.scala. Using presentation compiler with project's scala-library version: 3.3.7[0m
2026.04.14 11:20:00 INFO  no build target found for /home/nullstarfish/personal-ysyx-workbench/ysyxSoC/src/device/PSRAM.scala. Using presentation compiler with project's scala-library version: 3.3.7[0m
2026.04.14 11:20:00 INFO  no build target found for /home/nullstarfish/personal-ysyx-workbench/ysyxSoC/src/device/PSRAM.scala. Using presentation compiler with project's scala-library version: 3.3.7[0m
2026.04.14 11:20:00 INFO  no build target found for /home/nullstarfish/personal-ysyx-workbench/ysyxSoC/src/device/PSRAM.scala. Using presentation compiler with project's scala-library version: 3.3.7[0m
2026.04.14 11:20:00 INFO  no build target found for /home/nullstarfish/personal-ysyx-workbench/ysyxSoC/src/device/PSRAM.scala. Using presentation compiler with project's scala-library version: 3.3.7[0m
2026.04.14 11:20:00 INFO  no build target found for /home/nullstarfish/personal-ysyx-workbench/ysyxSoC/src/device/PSRAM.scala. Using presentation compiler with project's scala-library version: 3.3.7[0m
2026.04.14 11:20:00 INFO  no build target found for /home/nullstarfish/personal-ysyx-workbench/ysyxSoC/src/device/PSRAM.scala. Using presentation compiler with project's scala-library version: 3.3.7[0m
2026.04.14 11:20:00 INFO  no build target found for /home/nullstarfish/personal-ysyx-workbench/ysyxSoC/src/device/PSRAM.scala. Using presentation compiler with project's scala-library version: 3.3.7[0m
2026.04.14 11:20:00 INFO  no build target found for /home/nullstarfish/personal-ysyx-workbench/ysyxSoC/src/device/PSRAM.scala. Using presentation compiler with project's scala-library version: 3.3.7[0m
2026.04.14 11:20:00 INFO  no build target found for /home/nullstarfish/personal-ysyx-workbench/ysyxSoC/src/device/PSRAM.scala. Using presentation compiler with project's scala-library version: 3.3.7[0m
2026.04.14 11:20:00 INFO  no build target found for /home/nullstarfish/personal-ysyx-workbench/ysyxSoC/src/device/PSRAM.scala. Using presentation compiler with project's scala-library version: 3.3.7[0m
2026.04.14 11:20:01 INFO  no build target found for /home/nullstarfish/personal-ysyx-workbench/ysyxSoC/src/device/PSRAM.scala. Using presentation compiler with project's scala-library version: 3.3.7[0m
2026.04.14 11:20:01 INFO  no build target found for /home/nullstarfish/personal-ysyx-workbench/ysyxSoC/src/device/PSRAM.scala. Using presentation compiler with project's scala-library version: 3.3.7[0m
2026.04.14 11:20:01 INFO  no build target found for /home/nullstarfish/personal-ysyx-workbench/ysyxSoC/src/device/PSRAM.scala. Using presentation compiler with project's scala-library version: 3.3.7[0m
2026.04.14 11:20:01 INFO  no build target found for /home/nullstarfish/personal-ysyx-workbench/ysyxSoC/src/device/PSRAM.scala. Using presentation compiler with project's scala-library version: 3.3.7[0m
2026.04.14 11:20:01 INFO  no build target found for /home/nullstarfish/personal-ysyx-workbench/ysyxSoC/src/device/PSRAM.scala. Using presentation compiler with project's scala-library version: 3.3.7[0m
2026.04.14 11:20:01 INFO  no build target found for /home/nullstarfish/personal-ysyx-workbench/ysyxSoC/src/device/PSRAM.scala. Using presentation compiler with project's scala-library version: 3.3.7[0m
2026.04.14 11:20:01 INFO  no build target found for /home/nullstarfish/personal-ysyx-workbench/ysyxSoC/src/device/PSRAM.scala. Using presentation compiler with project's scala-library version: 3.3.7[0m
2026.04.14 11:20:01 INFO  no build target found for /home/nullstarfish/personal-ysyx-workbench/ysyxSoC/src/device/PSRAM.scala. Using presentation compiler with project's scala-library version: 3.3.7[0m
2026.04.14 11:20:01 INFO  no build target found for /home/nullstarfish/personal-ysyx-workbench/ysyxSoC/src/device/PSRAM.scala. Using presentation compiler with project's scala-library version: 3.3.7[0m
2026.04.14 11:20:01 INFO  no build target found for /home/nullstarfish/personal-ysyx-workbench/ysyxSoC/src/device/PSRAM.scala. Using presentation compiler with project's scala-library version: 3.3.7[0m
2026.04.14 11:20:01 INFO  no build target found for /home/nullstarfish/personal-ysyx-workbench/ysyxSoC/src/device/PSRAM.scala. Using presentation compiler with project's scala-library version: 3.3.7[0m
2026.04.14 11:20:01 INFO  no build target found for /home/nullstarfish/personal-ysyx-workbench/ysyxSoC/src/device/PSRAM.scala. Using presentation compiler with project's scala-library version: 3.3.7[0m
2026.04.14 11:20:01 INFO  no build target found for /home/nullstarfish/personal-ysyx-workbench/ysyxSoC/src/device/PSRAM.scala. Using presentation compiler with project's scala-library version: 3.3.7[0m
2026.04.14 11:20:01 INFO  no build target found for /home/nullstarfish/personal-ysyx-workbench/ysyxSoC/src/device/PSRAM.scala. Using presentation compiler with project's scala-library version: 3.3.7[0m
2026.04.14 11:20:01 INFO  no build target found for /home/nullstarfish/personal-ysyx-workbench/ysyxSoC/src/device/PSRAM.scala. Using presentation compiler with project's scala-library version: 3.3.7[0m
2026.04.14 11:20:02 INFO  no build target found for /home/nullstarfish/personal-ysyx-workbench/ysyxSoC/src/device/PSRAM.scala. Using presentation compiler with project's scala-library version: 3.3.7[0m
2026.04.14 11:20:01 INFO  no build target found for /home/nullstarfish/personal-ysyx-workbench/ysyxSoC/src/device/PSRAM.scala. Using presentation compiler with project's scala-library version: 3.3.7[0m
2026.04.14 11:20:01 INFO  no build target found for /home/nullstarfish/personal-ysyx-workbench/ysyxSoC/src/device/PSRAM.scala. Using presentation compiler with project's scala-library version: 3.3.7[0m
2026.04.14 11:20:01 INFO  no build target found for /home/nullstarfish/personal-ysyx-workbench/ysyxSoC/src/device/PSRAM.scala. Using presentation compiler with project's scala-library version: 3.3.7[0m
2026.04.14 11:20:01 INFO  no build target found for /home/nullstarfish/personal-ysyx-workbench/ysyxSoC/src/device/PSRAM.scala. Using presentation compiler with project's scala-library version: 3.3.7[0m
2026.04.14 11:20:01 INFO  no build target found for /home/nullstarfish/personal-ysyx-workbench/ysyxSoC/src/device/PSRAM.scala. Using presentation compiler with project's scala-library version: 3.3.7[0m
2026.04.14 11:20:02 INFO  no build target found for /home/nullstarfish/personal-ysyx-workbench/ysyxSoC/src/device/PSRAM.scala. Using presentation compiler with project's scala-library version: 3.3.7[0m
2026.04.14 11:20:02 INFO  no build target found for /home/nullstarfish/personal-ysyx-workbench/ysyxSoC/src/device/PSRAM.scala. Using presentation compiler with project's scala-library version: 3.3.7[0m
2026.04.14 11:20:02 INFO  no build target found for /home/nullstarfish/personal-ysyx-workbench/ysyxSoC/src/device/PSRAM.scala. Using presentation compiler with project's scala-library version: 3.3.7[0m
2026.04.14 11:20:02 INFO  no build target found for /home/nullstarfish/personal-ysyx-workbench/ysyxSoC/src/device/PSRAM.scala. Using presentation compiler with project's scala-library version: 3.3.7[0m
2026.04.14 11:20:02 INFO  no build target found for /home/nullstarfish/personal-ysyx-workbench/ysyxSoC/src/device/PSRAM.scala. Using presentation compiler with project's scala-library version: 3.3.7[0m
2026.04.14 11:20:02 INFO  no build target found for /home/nullstarfish/personal-ysyx-workbench/ysyxSoC/src/device/PSRAM.scala. Using presentation compiler with project's scala-library version: 3.3.7[0m
2026.04.14 11:20:03 INFO  no build target found for /home/nullstarfish/personal-ysyx-workbench/ysyxSoC/src/device/PSRAM.scala. Using presentation compiler with project's scala-library version: 3.3.7[0m
2026.04.14 11:20:02 INFO  no build target found for /home/nullstarfish/personal-ysyx-workbench/ysyxSoC/src/device/PSRAM.scala. Using presentation compiler with project's scala-library version: 3.3.7[0m
2026.04.14 11:20:04 INFO  no build target found for /home/nullstarfish/personal-ysyx-workbench/ysyxSoC/src/device/PSRAM.scala. Using presentation compiler with project's scala-library version: 3.3.7[0m
2026.04.14 11:20:04 INFO  no build target found for /home/nullstarfish/personal-ysyx-workbench/ysyxSoC/src/device/PSRAM.scala. Using presentation compiler with project's scala-library version: 3.3.7[0m
2026.04.14 11:20:04 INFO  no build target found for /home/nullstarfish/personal-ysyx-workbench/ysyxSoC/src/device/PSRAM.scala. Using presentation compiler with project's scala-library version: 3.3.7[0m
2026.04.14 11:20:04 INFO  no build target found for /home/nullstarfish/personal-ysyx-workbench/ysyxSoC/src/device/PSRAM.scala. Using presentation compiler with project's scala-library version: 3.3.7[0m
2026.04.14 11:20:04 INFO  no build target found for /home/nullstarfish/personal-ysyx-workbench/ysyxSoC/src/device/PSRAM.scala. Using presentation compiler with project's scala-library version: 3.3.7[0m
2026.04.14 11:20:04 INFO  no build target found for /home/nullstarfish/personal-ysyx-workbench/ysyxSoC/src/device/PSRAM.scala. Using presentation compiler with project's scala-library version: 3.3.7[0m
2026.04.14 11:20:05 INFO  no build target found for /home/nullstarfish/personal-ysyx-workbench/ysyxSoC/src/device/PSRAM.scala. Using presentation compiler with project's scala-library version: 3.3.7[0m
2026.04.14 11:20:05 INFO  no build target found for /home/nullstarfish/personal-ysyx-workbench/ysyxSoC/src/device/PSRAM.scala. Using presentation compiler with project's scala-library version: 3.3.7[0m
2026.04.14 11:20:05 INFO  no build target found for /home/nullstarfish/personal-ysyx-workbench/ysyxSoC/src/device/PSRAM.scala. Using presentation compiler with project's scala-library version: 3.3.7[0m
2026.04.14 11:20:05 INFO  no build target found for /home/nullstarfish/personal-ysyx-workbench/ysyxSoC/src/device/PSRAM.scala. Using presentation compiler with project's scala-library version: 3.3.7[0m
2026.04.14 11:20:06 ERROR Timeout waiting for 'build/initialize' response[0m
2026.04.14 11:20:06 WARN  Retrying connection to the build server Bloop[0m
2026.04.14 11:20:06 INFO  Found a Bloop server running[0m
2026.04.14 11:20:06 INFO  tracing is disabled for protocol BSP, to enable tracing of incoming and outgoing JSON messages create an empty file at /home/nullstarfish/personal-ysyx-workbench/ysyxSoC/.metals/bsp.trace.json[0m
2026.04.14 11:20:06 INFO  time: Connected to build server in 1m[0m
2026.04.14 11:20:06 INFO  Connected to Build server: Bloop v2.0.19[0m
2026.04.14 11:20:05 INFO  no build target found for /home/nullstarfish/personal-ysyx-workbench/ysyxSoC/src/device/PSRAM.scala. Using presentation compiler with project's scala-library version: 3.3.7[0m
2026.04.14 11:20:06 WARN  2.13.14 is no longer supported in the current Metals versions, using the last known supported version 1.6.3[0m
2026.04.14 11:20:08 INFO  Created report: Optional[file:///home/nullstarfish/personal-ysyx-workbench/ysyxSoC/file:/home/nullstarfish/personal-ysyx-workbench/ysyxSoC/rocket-chip/src/main/scala/prci/ClockDomain.scala][0m
2026.04.14 11:20:08 INFO  expected identifier; obtained this (full report at: "/home/nullstarfish/personal-ysyx-workbench/ysyxSoC/.metals/.reports/metals/2026-04-14/r_scala-toplevel-mtags_11-20-08-333.md")[0m
2026.04.14 11:20:08 WARN  Could not find java sources in /usr/lib/jvm/src.zip, /usr/lib/jvm/lib/src.zip, /usr/lib/jvm/java-21-openjdk-amd64/src.zip, /usr/lib/jvm/java-21-openjdk-amd64/lib/src.zip. Java symbols will not be available.[0m
2026.04.14 11:20:08 WARN  unexpected dependency with absolute path: /home/nullstarfish/.cache/coursier/v1/https/repo1.maven.org/maven2/com/lihaoyi/mainargs_2.13/0.5.4/mainargs_2.13-0.5.4-sources.jar[0m
2026.04.14 11:20:08 WARN  unexpected dependency with absolute path: /home/nullstarfish/.cache/coursier/v1/https/repo1.maven.org/maven2/com/fasterxml/jackson/core/jackson-databind/2.12.7/jackson-databind-2.12.7-sources.jar[0m
2026.04.14 11:20:08 WARN  unexpected dependency with absolute path: /home/nullstarfish/.cache/coursier/v1/https/repo1.maven.org/maven2/com/lihaoyi/upack_2.13/3.3.0/upack_2.13-3.3.0-sources.jar[0m
2026.04.14 11:20:08 WARN  unexpected dependency with absolute path: /home/nullstarfish/.cache/coursier/v1/https/repo1.maven.org/maven2/org/scala-lang/scala-reflect/2.13.14/scala-reflect-2.13.14-sources.jar[0m
2026.04.14 11:20:08 WARN  unexpected dependency with absolute path: /home/nullstarfish/.cache/coursier/v1/https/repo1.maven.org/maven2/com/lihaoyi/os-lib_2.13/0.10.0/os-lib_2.13-0.10.0-sources.jar[0m
2026.04.14 11:20:08 WARN  unexpected dependency with absolute path: /home/nullstarfish/.cache/coursier/v1/https/repo1.maven.org/maven2/org/apache/commons/commons-lang3/3.14.0/commons-lang3-3.14.0-sources.jar[0m
2026.04.14 11:20:08 WARN  unexpected dependency with absolute path: /home/nullstarfish/.cache/coursier/v1/https/repo1.maven.org/maven2/com/lihaoyi/sourcecode_2.13/0.3.1/sourcecode_2.13-0.3.1-sources.jar[0m
2026.04.14 11:20:08 WARN  unexpected dependency with absolute path: /home/nullstarfish/.cache/coursier/v1/https/repo1.maven.org/maven2/com/lihaoyi/geny_2.13/1.1.0/geny_2.13-1.1.0-sources.jar[0m
2026.04.14 11:20:08 WARN  unexpected dependency with absolute path: /home/nullstarfish/.cache/coursier/v1/https/repo1.maven.org/maven2/org/json4s/json4s-jackson-core_2.13/4.0.6/json4s-jackson-core_2.13-4.0.6-sources.jar[0m
2026.04.14 11:20:08 WARN  unexpected dependency with absolute path: /home/nullstarfish/.cache/coursier/v1/https/repo1.maven.org/maven2/com/lihaoyi/ujson_2.13/3.3.0/ujson_2.13-3.3.0-sources.jar[0m
2026.04.14 11:20:08 WARN  unexpected dependency with absolute path: /home/nullstarfish/.cache/coursier/v1/https/repo1.maven.org/maven2/org/chipsalliance/chisel_2.13/7.0.0-M2/chisel_2.13-7.0.0-M2-sources.jar[0m
2026.04.14 11:20:08 WARN  unexpected dependency with absolute path: /home/nullstarfish/.cache/coursier/v1/https/repo1.maven.org/maven2/org/apache/commons/commons-text/1.12.0/commons-text-1.12.0-sources.jar[0m
2026.04.14 11:20:08 WARN  unexpected dependency with absolute path: /home/nullstarfish/.cache/coursier/v1/https/repo1.maven.org/maven2/com/fasterxml/jackson/core/jackson-core/2.12.7/jackson-core-2.12.7-sources.jar[0m
2026.04.14 11:20:08 WARN  unexpected dependency with absolute path: /home/nullstarfish/.cache/coursier/v1/https/repo1.maven.org/maven2/io/github/alexarchambault/data-class_2.13/0.2.6/data-class_2.13-0.2.6-sources.jar[0m
2026.04.14 11:20:08 WARN  unexpected dependency with absolute path: /home/nullstarfish/.cache/coursier/v1/https/repo1.maven.org/maven2/com/lihaoyi/upickle_2.13/3.3.0/upickle_2.13-3.3.0-sources.jar[0m
2026.04.14 11:20:08 WARN  unexpected dependency with absolute path: /home/nullstarfish/.cache/coursier/v1/https/repo1.maven.org/maven2/org/chipsalliance/firtool-resolver_2.13/2.0.0/firtool-resolver_2.13-2.0.0-sources.jar[0m
2026.04.14 11:20:08 WARN  unexpected dependency with absolute path: /home/nullstarfish/.cache/coursier/v1/https/repo1.maven.org/maven2/org/scala-lang/scala-library/2.13.14/scala-library-2.13.14-sources.jar[0m
2026.04.14 11:20:08 WARN  unexpected dependency with absolute path: /home/nullstarfish/.cache/coursier/v1/https/repo1.maven.org/maven2/org/json4s/json4s-jackson_2.13/4.0.6/json4s-jackson_2.13-4.0.6-sources.jar[0m
2026.04.14 11:20:08 WARN  unexpected dependency with absolute path: /home/nullstarfish/.cache/coursier/v1/https/repo1.maven.org/maven2/com/fasterxml/jackson/core/jackson-annotations/2.12.7/jackson-annotations-2.12.7-sources.jar[0m
2026.04.14 11:20:08 WARN  unexpected dependency with absolute path: /home/nullstarfish/.cache/coursier/v1/https/repo1.maven.org/maven2/com/lihaoyi/upickle-implicits_2.13/3.3.0/upickle-implicits_2.13-3.3.0-sources.jar[0m
2026.04.14 11:20:08 WARN  unexpected dependency with absolute path: /home/nullstarfish/.cache/coursier/v1/https/repo1.maven.org/maven2/org/scala-lang/modules/scala-parallel-collections_2.13/1.0.4/scala-parallel-collections_2.13-1.0.4-sources.jar[0m
2026.04.14 11:20:08 WARN  unexpected dependency with absolute path: /home/nullstarfish/.cache/coursier/v1/https/repo1.maven.org/maven2/com/lihaoyi/upickle-core_2.13/3.3.0/upickle-core_2.13-3.3.0-sources.jar[0m
2026.04.14 11:20:08 WARN  unexpected dependency with absolute path: /home/nullstarfish/.cache/coursier/v1/https/repo1.maven.org/maven2/org/scala-lang/scala-library/2.13.15/scala-library-2.13.15-sources.jar[0m
2026.04.14 11:20:08 WARN  unexpected dependency with absolute path: /home/nullstarfish/.cache/coursier/v1/https/repo1.maven.org/maven2/com/lihaoyi/mill-moduledefs_2.13/0.11.1/mill-moduledefs_2.13-0.11.1-sources.jar[0m
2026.04.14 11:20:08 WARN  unexpected dependency with absolute path: /home/nullstarfish/.cache/coursier/v1/https/repo1.maven.org/maven2/com/lihaoyi/mainargs_2.13/0.5.4/mainargs_2.13-0.5.4-sources.jar[0m
2026.04.14 11:20:08 WARN  unexpected dependency with absolute path: /home/nullstarfish/.cache/coursier/v1/https/repo1.maven.org/maven2/com/fasterxml/jackson/core/jackson-databind/2.12.7/jackson-databind-2.12.7-sources.jar[0m
2026.04.14 11:20:08 WARN  unexpected dependency with absolute path: /home/nullstarfish/.cache/coursier/v1/https/repo1.maven.org/maven2/com/lihaoyi/upack_2.13/3.3.0/upack_2.13-3.3.0-sources.jar[0m
2026.04.14 11:20:08 WARN  unexpected dependency with absolute path: /home/nullstarfish/.cache/coursier/v1/https/repo1.maven.org/maven2/org/scala-lang/scala-reflect/2.13.14/scala-reflect-2.13.14-sources.jar[0m
2026.04.14 11:20:08 WARN  unexpected dependency with absolute path: /home/nullstarfish/.cache/coursier/v1/https/repo1.maven.org/maven2/com/lihaoyi/os-lib_2.13/0.10.0/os-lib_2.13-0.10.0-sources.jar[0m
2026.04.14 11:20:08 WARN  unexpected dependency with absolute path: /home/nullstarfish/.cache/coursier/v1/https/repo1.maven.org/maven2/org/apache/commons/commons-lang3/3.14.0/commons-lang3-3.14.0-sources.jar[0m
2026.04.14 11:20:08 WARN  unexpected dependency with absolute path: /home/nullstarfish/.cache/coursier/v1/https/repo1.maven.org/maven2/com/lihaoyi/sourcecode_2.13/0.3.1/sourcecode_2.13-0.3.1-sources.jar[0m
2026.04.14 11:20:08 WARN  unexpected dependency with absolute path: /home/nullstarfish/.cache/coursier/v1/https/repo1.maven.org/maven2/com/lihaoyi/geny_2.13/1.1.0/geny_2.13-1.1.0-sources.jar[0m
2026.04.14 11:20:08 WARN  unexpected dependency with absolute path: /home/nullstarfish/.cache/coursier/v1/https/repo1.maven.org/maven2/org/json4s/json4s-jackson-core_2.13/4.0.6/json4s-jackson-core_2.13-4.0.6-sources.jar[0m
2026.04.14 11:20:08 WARN  unexpected dependency with absolute path: /home/nullstarfish/.cache/coursier/v1/https/repo1.maven.org/maven2/com/lihaoyi/ujson_2.13/3.3.0/ujson_2.13-3.3.0-sources.jar[0m
2026.04.14 11:20:08 WARN  unexpected dependency with absolute path: /home/nullstarfish/.cache/coursier/v1/https/repo1.maven.org/maven2/org/chipsalliance/chisel_2.13/7.0.0-M2/chisel_2.13-7.0.0-M2-sources.jar[0m
2026.04.14 11:20:08 WARN  unexpected dependency with absolute path: /home/nullstarfish/.cache/coursier/v1/https/repo1.maven.org/maven2/org/apache/commons/commons-text/1.12.0/commons-text-1.12.0-sources.jar[0m
2026.04.14 11:20:08 WARN  unexpected dependency with absolute path: /home/nullstarfish/.cache/coursier/v1/https/repo1.maven.org/maven2/com/fasterxml/jackson/core/jackson-core/2.12.7/jackson-core-2.12.7-sources.jar[0m
2026.04.14 11:20:08 WARN  unexpected dependency with absolute path: /home/nullstarfish/.cache/coursier/v1/https/repo1.maven.org/maven2/io/github/alexarchambault/data-class_2.13/0.2.6/data-class_2.13-0.2.6-sources.jar[0m
2026.04.14 11:20:08 WARN  unexpected dependency with absolute path: /home/nullstarfish/.cache/coursier/v1/https/repo1.maven.org/maven2/com/lihaoyi/upickle_2.13/3.3.0/upickle_2.13-3.3.0-sources.jar[0m
2026.04.14 11:20:08 WARN  unexpected dependency with absolute path: /home/nullstarfish/.cache/coursier/v1/https/repo1.maven.org/maven2/org/chipsalliance/firtool-resolver_2.13/2.0.0/firtool-resolver_2.13-2.0.0-sources.jar[0m
2026.04.14 11:20:08 WARN  unexpected dependency with absolute path: /home/nullstarfish/.cache/coursier/v1/https/repo1.maven.org/maven2/org/scala-lang/scala-library/2.13.14/scala-library-2.13.14-sources.jar[0m
2026.04.14 11:20:08 WARN  unexpected dependency with absolute path: /home/nullstarfish/.cache/coursier/v1/https/repo1.maven.org/maven2/org/json4s/json4s-jackson_2.13/4.0.6/json4s-jackson_2.13-4.0.6-sources.jar[0m
2026.04.14 11:20:08 WARN  unexpected dependency with absolute path: /home/nullstarfish/.cache/coursier/v1/https/repo1.maven.org/maven2/com/fasterxml/jackson/core/jackson-annotations/2.12.7/jackson-annotations-2.12.7-sources.jar[0m
2026.04.14 11:20:08 WARN  unexpected dependency with absolute path: /home/nullstarfish/.cache/coursier/v1/https/repo1.maven.org/maven2/com/lihaoyi/upickle-implicits_2.13/3.3.0/upickle-implicits_2.13-3.3.0-sources.jar[0m
2026.04.14 11:20:08 WARN  unexpected dependency with absolute path: /home/nullstarfish/.cache/coursier/v1/https/repo1.maven.org/maven2/org/scala-lang/modules/scala-parallel-collections_2.13/1.0.4/scala-parallel-collections_2.13-1.0.4-sources.jar[0m
2026.04.14 11:20:08 WARN  unexpected dependency with absolute path: /home/nullstarfish/.cache/coursier/v1/https/repo1.maven.org/maven2/com/lihaoyi/upickle-core_2.13/3.3.0/upickle-core_2.13-3.3.0-sources.jar[0m
2026.04.14 11:20:08 WARN  unexpected dependency with absolute path: /home/nullstarfish/.cache/coursier/v1/https/repo1.maven.org/maven2/org/scala-lang/scala-library/2.13.15/scala-library-2.13.15-sources.jar[0m
2026.04.14 11:20:08 WARN  unexpected dependency with absolute path: /home/nullstarfish/.cache/coursier/v1/https/repo1.maven.org/maven2/com/lihaoyi/mill-moduledefs_2.13/0.11.1/mill-moduledefs_2.13-0.11.1-sources.jar[0m
2026.04.14 11:20:08 INFO  time: indexed workspace in 2.45s[0m
2026.04.14 11:20:08 INFO  compiling rocketchip.hardfloat (20 scala sources)[0m
2026.04.14 11:20:08 INFO  compiling rocketchip.cde (1 scala source)[0m
2026.04.14 11:20:08 INFO  compiling rocketchip.macros (1 scala source)[0m
2026.04.14 11:20:11 INFO  compiling rocketchip.diplomacy (36 scala sources)[0m
2026.04.14 11:20:11 INFO  time: compiled rocketchip.cde in 2.82s[0m
2026.04.14 11:20:11 INFO  time: compiled rocketchip.macros in 2.83s[0m
2026.04.14 11:20:19 INFO  time: compiled rocketchip.diplomacy in 7.43s[0m
2026.04.14 11:20:19 INFO  Deduplicating compilation of rocketchip.hardfloat from bsp client 'Metals 1.6.7' (since 13.052s)[0m
2026.04.14 11:20:19 INFO  Deduplicating compilation of rocketchip.macros from bsp client 'Metals 1.6.7' (since 13.052s)[0m
2026.04.14 11:20:19 INFO  compiling rocketchip.macros (1 scala source)[0m
2026.04.14 11:20:19 INFO  compiling rocketchip.hardfloat (20 scala sources)[0m
2026.04.14 11:20:19 INFO  compiling rocketchip.diplomacy (36 scala sources)[0m
2026.04.14 11:20:19 INFO  time: compiled rocketchip.hardfloat in 0.45s[0m
2026.04.14 11:20:19 INFO  compiling rocketchip (317 scala sources)[0m
2026.04.14 11:20:24 INFO  time: compiled rocketchip.macros in 5.19s[0m
2026.04.14 11:20:24 INFO  time: compiled rocketchip.diplomacy in 5.21s[0m
2026.04.14 11:20:24 INFO  compiling rocketchip (317 scala sources)[0m
2026.04.14 11:21:13 WARN  7 deprecations[0m
2026.04.14 11:21:13 WARN  7 deprecations[0m
2026.04.14 11:21:13 WARN  78 deprecations (since 2.13.0)[0m
2026.04.14 11:21:13 WARN  1 deprecation (since 2.13.7)[0m
2026.04.14 11:21:13 WARN  78 deprecations (since 2.13.0)[0m
2026.04.14 11:21:13 WARN  1 deprecation (since 2.13.7)[0m
2026.04.14 11:21:13 WARN  1 deprecation (since 9)[0m
2026.04.14 11:21:13 WARN  27 deprecations (since CDE 0.1)[0m
2026.04.14 11:21:13 WARN  1 deprecation (since 9)[0m
2026.04.14 11:21:13 WARN  10 deprecations (since diplomacy 1.0.0)[0m
2026.04.14 11:21:13 WARN  1 deprecation (since rocket-chip 1.2)[0m
2026.04.14 11:21:13 WARN  27 deprecations (since CDE 0.1)[0m
2026.04.14 11:21:13 WARN  36 deprecations (since rocketchip 2.0.0)[0m
2026.04.14 11:21:13 WARN  10 deprecations (since diplomacy 1.0.0)[0m
2026.04.14 11:21:13 WARN  161 deprecations in total; re-run with -deprecation for details[0m
2026.04.14 11:21:13 WARN  1 deprecation (since rocket-chip 1.2)[0m
2026.04.14 11:21:13 WARN  20 feature warnings; re-run with -feature for details[0m
2026.04.14 11:21:13 WARN  36 deprecations (since rocketchip 2.0.0)[0m
2026.04.14 11:21:13 WARN  161 deprecations in total; re-run with -deprecation for details[0m
2026.04.14 11:21:13 WARN  20 feature warnings; re-run with -feature for details[0m
2026.04.14 11:21:13 INFO  compiling ysyxsoc (37 scala sources)[0m
2026.04.14 11:21:13 INFO  compiling ysyxsoc (37 scala sources)[0m
2026.04.14 11:21:15 INFO  time: compiled rocketchip in 50s[0m
2026.04.14 11:21:21 WARN  1 deprecation (since 2.13.0)[0m
2026.04.14 11:21:21 WARN  1 deprecation (since 2.13.3)[0m
2026.04.14 11:21:21 WARN  90 deprecations (since rocketchip 2.0.0)[0m
2026.04.14 11:21:21 WARN  92 deprecations in total; re-run with -deprecation for details[0m
2026.04.14 11:21:21 WARN  1 deprecation (since 2.13.0)[0m
2026.04.14 11:21:21 WARN  1 deprecation (since 2.13.3)[0m
2026.04.14 11:21:21 WARN  90 deprecations (since rocketchip 2.0.0)[0m
2026.04.14 11:21:21 WARN  92 deprecations in total; re-run with -deprecation for details[0m
2026.04.14 11:21:21 INFO  time: compiled ysyxsoc in 7.29s[0m
Apr 14, 2026 11:21:22 AM org.eclipse.lsp4j.jsonrpc.RemoteEndpoint handleCancellation
WARNING: Unmatched cancel notification for request id 1235
Apr 14, 2026 11:21:22 AM org.eclipse.lsp4j.jsonrpc.RemoteEndpoint handleCancellation
WARNING: Unmatched cancel notification for request id 1234
Apr 14, 2026 11:21:31 AM org.eclipse.lsp4j.jsonrpc.RemoteEndpoint handleCancellation
WARNING: Unmatched cancel notification for request id 1326
Apr 14, 2026 11:21:31 AM org.eclipse.lsp4j.jsonrpc.RemoteEndpoint handleCancellation
WARNING: Unmatched cancel notification for request id 1333
Apr 14, 2026 11:22:17 AM org.eclipse.lsp4j.jsonrpc.RemoteEndpoint handleCancellation
WARNING: Unmatched cancel notification for request id 1795
2026.04.14 11:22:44 WARN  Could not find semantic tokens for: file:///home/nullstarfish/personal-ysyx-workbench/ysyxSoC/src/device/PSRAM.scala[0m
2026.04.14 11:22:45 WARN  Could not find semantic tokens for: file:///home/nullstarfish/personal-ysyx-workbench/ysyxSoC/src/device/PSRAM.scala[0m
2026.04.14 11:24:06 WARN  Could not find semantic tokens for: file:///home/nullstarfish/personal-ysyx-workbench/ysyxSoC/src/device/PSRAM.scala[0m
Apr 14, 2026 11:24:17 AM org.eclipse.lsp4j.jsonrpc.RemoteEndpoint handleCancellation
WARNING: Unmatched cancel notification for request id 3029
2026.04.14 11:24:21 WARN  Could not find semantic tokens for: file:///home/nullstarfish/personal-ysyx-workbench/ysyxSoC/src/device/PSRAM.scala[0m
2026.04.14 11:24:35 WARN  Could not find semantic tokens for: file:///home/nullstarfish/personal-ysyx-workbench/ysyxSoC/src/device/PSRAM.scala[0m
2026.04.14 11:25:22 INFO  compiling rocketchip (317 scala sources)[0m
2026.04.14 11:26:24 WARN  7 deprecations[0m
2026.04.14 11:26:24 WARN  78 deprecations (since 2.13.0)[0m
2026.04.14 11:26:24 WARN  1 deprecation (since 2.13.7)[0m
2026.04.14 11:26:24 WARN  1 deprecation (since 9)[0m
2026.04.14 11:26:24 WARN  27 deprecations (since CDE 0.1)[0m
2026.04.14 11:26:24 WARN  10 deprecations (since diplomacy 1.0.0)[0m
2026.04.14 11:26:24 WARN  1 deprecation (since rocket-chip 1.2)[0m
2026.04.14 11:26:24 WARN  36 deprecations (since rocketchip 2.0.0)[0m
2026.04.14 11:26:24 WARN  161 deprecations in total; re-run with -deprecation for details[0m
2026.04.14 11:26:24 WARN  20 feature warnings; re-run with -feature for details[0m
2026.04.14 11:26:24 INFO  compiling ysyxsoc (37 scala sources)[0m
2026.04.14 11:26:25 INFO  time: compiled ysyxsoc in 0.54s[0m
2026.04.14 11:26:25 INFO  time: compiled rocketchip in 1m3s[0m
2026.04.14 11:42:26 INFO  compiling ysyxsoc (37 scala sources)[0m
2026.04.14 11:42:26 INFO  time: compiled ysyxsoc in 0.5s[0m
2026.04.14 11:42:38 INFO  compiling ysyxsoc (37 scala sources)[0m
2026.04.14 11:42:38 INFO  time: compiled ysyxsoc in 0.21s[0m
2026.04.14 11:43:59 INFO  compiling ysyxsoc (37 scala sources)[0m
2026.04.14 11:44:13 WARN  1 deprecation (since 2.13.0)[0m
2026.04.14 11:44:13 WARN  1 deprecation (since 2.13.3)[0m
2026.04.14 11:44:13 WARN  90 deprecations (since rocketchip 2.0.0)[0m
2026.04.14 11:44:13 WARN  92 deprecations in total; re-run with -deprecation for details[0m
2026.04.14 11:44:13 INFO  time: compiled ysyxsoc in 13s[0m
2026.04.14 11:45:30 INFO  compiling ysyxsoc (1 scala source)[0m
2026.04.14 11:45:33 WARN  26 deprecations (since rocketchip 2.0.0); re-run with -deprecation for details[0m
2026.04.14 11:45:33 INFO  time: compiled ysyxsoc in 3.7s[0m
2026.04.14 12:06:59 INFO  Shutting down server[0m
2026.04.14 12:06:59 INFO  Memory monitor stopped[0m
2026.04.14 12:06:59 INFO  shutting down Metals[0m
2026.04.14 12:06:59 INFO  Shut down connection with build server.[0m
2026.04.14 12:06:59 INFO  Exiting server[0m
2026.04.14 18:37:10 INFO  tracing is disabled for protocol LSP, to enable tracing of incoming and outgoing JSON messages create an empty file at /home/nullstarfish/personal-ysyx-workbench/ysyxSoC/.metals/lsp.trace.json[0m
2026.04.14 18:37:11 INFO  logging to files /home/nullstarfish/personal-ysyx-workbench/ysyxSoC/.metals/metals.log[0m
2026.04.14 18:37:11 INFO  Started: Metals version 1.6.7 in folders '/home/nullstarfish/personal-ysyx-workbench/ysyxSoC' for client Visual Studio Code 1.115.0.[0m
2026.04.14 18:37:11 INFO  Memory monitor started[0m
2026.04.14 18:37:11 WARN  Using H2 2.4.240 which is newer than the version Flyway has been verified with. The latest verified version of H2 is 2.3.232.[0m
2026.04.14 18:37:12 INFO  no build target found for /home/nullstarfish/personal-ysyx-workbench/ysyxSoC/src/device/PSRAM.scala. Using presentation compiler with project's scala-library version: 3.3.7[0m
2026.04.14 18:37:12 INFO  Attempting to connect to the build server...[0m
2026.04.14 18:37:12 INFO  No running Bloop server found, starting one.[0m
2026.04.14 18:37:14 INFO  Starting compilation server[0m
2026.04.14 18:37:15 INFO  tracing is disabled for protocol BSP, to enable tracing of incoming and outgoing JSON messages create an empty file at /home/nullstarfish/personal-ysyx-workbench/ysyxSoC/.metals/bsp.trace.json[0m
2026.04.14 18:37:22 INFO  time: Connected to build server in 9.23s[0m
2026.04.14 18:37:22 INFO  Connected to Build server: Bloop v2.0.19[0m
2026.04.14 18:37:22 INFO  time: Imported build in 0.2s[0m
2026.04.14 18:37:22 WARN  2.13.14 is no longer supported in the current Metals versions, using the last known supported version 1.6.3[0m
2026.04.14 18:37:27 INFO  Created report: Optional[file:///home/nullstarfish/personal-ysyx-workbench/ysyxSoC/file:/home/nullstarfish/personal-ysyx-workbench/ysyxSoC/rocket-chip/src/main/scala/prci/ClockDomain.scala][0m
2026.04.14 18:37:27 INFO  expected identifier; obtained this (full report at: "/home/nullstarfish/personal-ysyx-workbench/ysyxSoC/.metals/.reports/metals/2026-04-14/r_scala-toplevel-mtags_18-37-26-999.md")[0m
2026.04.14 18:37:27 WARN  Could not find java sources in /usr/lib/jvm/src.zip, /usr/lib/jvm/lib/src.zip, /usr/lib/jvm/java-21-openjdk-amd64/src.zip, /usr/lib/jvm/java-21-openjdk-amd64/lib/src.zip. Java symbols will not be available.[0m
2026.04.14 18:37:27 WARN  unexpected dependency with absolute path: /home/nullstarfish/.cache/coursier/v1/https/repo1.maven.org/maven2/org/scala-lang/scala-reflect/2.13.14/scala-reflect-2.13.14-sources.jar[0m
2026.04.14 18:37:27 WARN  unexpected dependency with absolute path: /home/nullstarfish/.cache/coursier/v1/https/repo1.maven.org/maven2/org/scala-lang/scala-library/2.13.14/scala-library-2.13.14-sources.jar[0m
2026.04.14 18:37:27 WARN  unexpected dependency with absolute path: /home/nullstarfish/.cache/coursier/v1/https/repo1.maven.org/maven2/com/lihaoyi/mainargs_2.13/0.5.4/mainargs_2.13-0.5.4-sources.jar[0m
2026.04.14 18:37:27 WARN  unexpected dependency with absolute path: /home/nullstarfish/.cache/coursier/v1/https/repo1.maven.org/maven2/com/fasterxml/jackson/core/jackson-databind/2.12.7/jackson-databind-2.12.7-sources.jar[0m
2026.04.14 18:37:27 WARN  unexpected dependency with absolute path: /home/nullstarfish/.cache/coursier/v1/https/repo1.maven.org/maven2/com/lihaoyi/upack_2.13/3.3.0/upack_2.13-3.3.0-sources.jar[0m
2026.04.14 18:37:27 WARN  unexpected dependency with absolute path: /home/nullstarfish/.cache/coursier/v1/https/repo1.maven.org/maven2/com/lihaoyi/os-lib_2.13/0.10.0/os-lib_2.13-0.10.0-sources.jar[0m
2026.04.14 18:37:27 WARN  unexpected dependency with absolute path: /home/nullstarfish/.cache/coursier/v1/https/repo1.maven.org/maven2/org/apache/commons/commons-lang3/3.14.0/commons-lang3-3.14.0-sources.jar[0m
2026.04.14 18:37:27 WARN  unexpected dependency with absolute path: /home/nullstarfish/.cache/coursier/v1/https/repo1.maven.org/maven2/com/lihaoyi/sourcecode_2.13/0.3.1/sourcecode_2.13-0.3.1-sources.jar[0m
2026.04.14 18:37:27 WARN  unexpected dependency with absolute path: /home/nullstarfish/.cache/coursier/v1/https/repo1.maven.org/maven2/com/lihaoyi/geny_2.13/1.1.0/geny_2.13-1.1.0-sources.jar[0m
2026.04.14 18:37:27 WARN  unexpected dependency with absolute path: /home/nullstarfish/.cache/coursier/v1/https/repo1.maven.org/maven2/org/json4s/json4s-jackson-core_2.13/4.0.6/json4s-jackson-core_2.13-4.0.6-sources.jar[0m
2026.04.14 18:37:27 WARN  unexpected dependency with absolute path: /home/nullstarfish/.cache/coursier/v1/https/repo1.maven.org/maven2/com/lihaoyi/ujson_2.13/3.3.0/ujson_2.13-3.3.0-sources.jar[0m
2026.04.14 18:37:27 WARN  unexpected dependency with absolute path: /home/nullstarfish/.cache/coursier/v1/https/repo1.maven.org/maven2/org/chipsalliance/chisel_2.13/7.0.0-M2/chisel_2.13-7.0.0-M2-sources.jar[0m
2026.04.14 18:37:27 WARN  unexpected dependency with absolute path: /home/nullstarfish/.cache/coursier/v1/https/repo1.maven.org/maven2/org/apache/commons/commons-text/1.12.0/commons-text-1.12.0-sources.jar[0m
2026.04.14 18:37:27 WARN  unexpected dependency with absolute path: /home/nullstarfish/.cache/coursier/v1/https/repo1.maven.org/maven2/com/fasterxml/jackson/core/jackson-core/2.12.7/jackson-core-2.12.7-sources.jar[0m
2026.04.14 18:37:27 WARN  unexpected dependency with absolute path: /home/nullstarfish/.cache/coursier/v1/https/repo1.maven.org/maven2/io/github/alexarchambault/data-class_2.13/0.2.6/data-class_2.13-0.2.6-sources.jar[0m
2026.04.14 18:37:27 WARN  unexpected dependency with absolute path: /home/nullstarfish/.cache/coursier/v1/https/repo1.maven.org/maven2/com/lihaoyi/upickle_2.13/3.3.0/upickle_2.13-3.3.0-sources.jar[0m
2026.04.14 18:37:27 WARN  unexpected dependency with absolute path: /home/nullstarfish/.cache/coursier/v1/https/repo1.maven.org/maven2/org/chipsalliance/firtool-resolver_2.13/2.0.0/firtool-resolver_2.13-2.0.0-sources.jar[0m
2026.04.14 18:37:27 WARN  unexpected dependency with absolute path: /home/nullstarfish/.cache/coursier/v1/https/repo1.maven.org/maven2/org/json4s/json4s-jackson_2.13/4.0.6/json4s-jackson_2.13-4.0.6-sources.jar[0m
2026.04.14 18:37:27 WARN  unexpected dependency with absolute path: /home/nullstarfish/.cache/coursier/v1/https/repo1.maven.org/maven2/com/fasterxml/jackson/core/jackson-annotations/2.12.7/jackson-annotations-2.12.7-sources.jar[0m
2026.04.14 18:37:27 WARN  unexpected dependency with absolute path: /home/nullstarfish/.cache/coursier/v1/https/repo1.maven.org/maven2/com/lihaoyi/upickle-implicits_2.13/3.3.0/upickle-implicits_2.13-3.3.0-sources.jar[0m
2026.04.14 18:37:27 WARN  unexpected dependency with absolute path: /home/nullstarfish/.cache/coursier/v1/https/repo1.maven.org/maven2/org/scala-lang/modules/scala-parallel-collections_2.13/1.0.4/scala-parallel-collections_2.13-1.0.4-sources.jar[0m
2026.04.14 18:37:27 WARN  unexpected dependency with absolute path: /home/nullstarfish/.cache/coursier/v1/https/repo1.maven.org/maven2/com/lihaoyi/upickle-core_2.13/3.3.0/upickle-core_2.13-3.3.0-sources.jar[0m
2026.04.14 18:37:27 WARN  unexpected dependency with absolute path: /home/nullstarfish/.cache/coursier/v1/https/repo1.maven.org/maven2/org/scala-lang/scala-library/2.13.15/scala-library-2.13.15-sources.jar[0m
2026.04.14 18:37:27 WARN  unexpected dependency with absolute path: /home/nullstarfish/.cache/coursier/v1/https/repo1.maven.org/maven2/com/lihaoyi/mill-moduledefs_2.13/0.11.1/mill-moduledefs_2.13-0.11.1-sources.jar[0m
2026.04.14 18:37:27 WARN  unexpected dependency with absolute path: /home/nullstarfish/.cache/coursier/v1/https/repo1.maven.org/maven2/org/scala-lang/scala-reflect/2.13.14/scala-reflect-2.13.14-sources.jar[0m
2026.04.14 18:37:27 WARN  unexpected dependency with absolute path: /home/nullstarfish/.cache/coursier/v1/https/repo1.maven.org/maven2/org/scala-lang/scala-library/2.13.14/scala-library-2.13.14-sources.jar[0m
2026.04.14 18:37:27 WARN  unexpected dependency with absolute path: /home/nullstarfish/.cache/coursier/v1/https/repo1.maven.org/maven2/com/lihaoyi/mainargs_2.13/0.5.4/mainargs_2.13-0.5.4-sources.jar[0m
2026.04.14 18:37:27 WARN  unexpected dependency with absolute path: /home/nullstarfish/.cache/coursier/v1/https/repo1.maven.org/maven2/com/fasterxml/jackson/core/jackson-databind/2.12.7/jackson-databind-2.12.7-sources.jar[0m
2026.04.14 18:37:27 WARN  unexpected dependency with absolute path: /home/nullstarfish/.cache/coursier/v1/https/repo1.maven.org/maven2/com/lihaoyi/upack_2.13/3.3.0/upack_2.13-3.3.0-sources.jar[0m
2026.04.14 18:37:27 WARN  unexpected dependency with absolute path: /home/nullstarfish/.cache/coursier/v1/https/repo1.maven.org/maven2/com/lihaoyi/os-lib_2.13/0.10.0/os-lib_2.13-0.10.0-sources.jar[0m
2026.04.14 18:37:27 WARN  unexpected dependency with absolute path: /home/nullstarfish/.cache/coursier/v1/https/repo1.maven.org/maven2/org/apache/commons/commons-lang3/3.14.0/commons-lang3-3.14.0-sources.jar[0m
2026.04.14 18:37:27 WARN  unexpected dependency with absolute path: /home/nullstarfish/.cache/coursier/v1/https/repo1.maven.org/maven2/com/lihaoyi/sourcecode_2.13/0.3.1/sourcecode_2.13-0.3.1-sources.jar[0m
2026.04.14 18:37:27 WARN  unexpected dependency with absolute path: /home/nullstarfish/.cache/coursier/v1/https/repo1.maven.org/maven2/com/lihaoyi/geny_2.13/1.1.0/geny_2.13-1.1.0-sources.jar[0m
2026.04.14 18:37:27 WARN  unexpected dependency with absolute path: /home/nullstarfish/.cache/coursier/v1/https/repo1.maven.org/maven2/org/json4s/json4s-jackson-core_2.13/4.0.6/json4s-jackson-core_2.13-4.0.6-sources.jar[0m
2026.04.14 18:37:27 WARN  unexpected dependency with absolute path: /home/nullstarfish/.cache/coursier/v1/https/repo1.maven.org/maven2/com/lihaoyi/ujson_2.13/3.3.0/ujson_2.13-3.3.0-sources.jar[0m
2026.04.14 18:37:27 WARN  unexpected dependency with absolute path: /home/nullstarfish/.cache/coursier/v1/https/repo1.maven.org/maven2/org/chipsalliance/chisel_2.13/7.0.0-M2/chisel_2.13-7.0.0-M2-sources.jar[0m
2026.04.14 18:37:27 WARN  unexpected dependency with absolute path: /home/nullstarfish/.cache/coursier/v1/https/repo1.maven.org/maven2/org/apache/commons/commons-text/1.12.0/commons-text-1.12.0-sources.jar[0m
2026.04.14 18:37:27 WARN  unexpected dependency with absolute path: /home/nullstarfish/.cache/coursier/v1/https/repo1.maven.org/maven2/com/fasterxml/jackson/core/jackson-core/2.12.7/jackson-core-2.12.7-sources.jar[0m
2026.04.14 18:37:27 WARN  unexpected dependency with absolute path: /home/nullstarfish/.cache/coursier/v1/https/repo1.maven.org/maven2/io/github/alexarchambault/data-class_2.13/0.2.6/data-class_2.13-0.2.6-sources.jar[0m
2026.04.14 18:37:27 WARN  unexpected dependency with absolute path: /home/nullstarfish/.cache/coursier/v1/https/repo1.maven.org/maven2/com/lihaoyi/upickle_2.13/3.3.0/upickle_2.13-3.3.0-sources.jar[0m
2026.04.14 18:37:27 WARN  unexpected dependency with absolute path: /home/nullstarfish/.cache/coursier/v1/https/repo1.maven.org/maven2/org/chipsalliance/firtool-resolver_2.13/2.0.0/firtool-resolver_2.13-2.0.0-sources.jar[0m
2026.04.14 18:37:27 WARN  unexpected dependency with absolute path: /home/nullstarfish/.cache/coursier/v1/https/repo1.maven.org/maven2/org/json4s/json4s-jackson_2.13/4.0.6/json4s-jackson_2.13-4.0.6-sources.jar[0m
2026.04.14 18:37:27 WARN  unexpected dependency with absolute path: /home/nullstarfish/.cache/coursier/v1/https/repo1.maven.org/maven2/com/fasterxml/jackson/core/jackson-annotations/2.12.7/jackson-annotations-2.12.7-sources.jar[0m
2026.04.14 18:37:27 WARN  unexpected dependency with absolute path: /home/nullstarfish/.cache/coursier/v1/https/repo1.maven.org/maven2/com/lihaoyi/upickle-implicits_2.13/3.3.0/upickle-implicits_2.13-3.3.0-sources.jar[0m
2026.04.14 18:37:27 WARN  unexpected dependency with absolute path: /home/nullstarfish/.cache/coursier/v1/https/repo1.maven.org/maven2/org/scala-lang/modules/scala-parallel-collections_2.13/1.0.4/scala-parallel-collections_2.13-1.0.4-sources.jar[0m
2026.04.14 18:37:27 WARN  unexpected dependency with absolute path: /home/nullstarfish/.cache/coursier/v1/https/repo1.maven.org/maven2/com/lihaoyi/upickle-core_2.13/3.3.0/upickle-core_2.13-3.3.0-sources.jar[0m
2026.04.14 18:37:27 WARN  unexpected dependency with absolute path: /home/nullstarfish/.cache/coursier/v1/https/repo1.maven.org/maven2/org/scala-lang/scala-library/2.13.15/scala-library-2.13.15-sources.jar[0m
2026.04.14 18:37:27 WARN  unexpected dependency with absolute path: /home/nullstarfish/.cache/coursier/v1/https/repo1.maven.org/maven2/com/lihaoyi/mill-moduledefs_2.13/0.11.1/mill-moduledefs_2.13-0.11.1-sources.jar[0m
2026.04.14 18:37:27 INFO  time: indexed workspace in 5.78s[0m
2026.04.14 18:37:28 INFO  compiling rocketchip.cde (1 scala source)[0m
2026.04.14 18:37:28 INFO  compiling rocketchip.macros (1 scala source)[0m
2026.04.14 18:37:28 INFO  compiling rocketchip.hardfloat (20 scala sources)[0m
2026.04.14 18:37:33 INFO  time: compiled rocketchip.macros in 4.36s[0m
2026.04.14 18:37:33 INFO  time: compiled rocketchip.cde in 4.37s[0m
2026.04.14 18:37:33 INFO  compiling rocketchip.diplomacy (36 scala sources)[0m
2026.04.14 18:37:44 INFO  time: compiled rocketchip.diplomacy in 11s[0m
2026.04.14 18:37:44 INFO  time: compiled rocketchip.hardfloat in 16s[0m
2026.04.14 18:37:46 INFO  compiling rocketchip (317 scala sources)[0m
2026.04.14 18:38:42 WARN  7 deprecations[0m
2026.04.14 18:38:42 WARN  78 deprecations (since 2.13.0)[0m
2026.04.14 18:38:42 WARN  1 deprecation (since 2.13.7)[0m
2026.04.14 18:38:42 WARN  1 deprecation (since 9)[0m
2026.04.14 18:38:42 WARN  27 deprecations (since CDE 0.1)[0m
2026.04.14 18:38:42 WARN  10 deprecations (since diplomacy 1.0.0)[0m
2026.04.14 18:38:42 WARN  1 deprecation (since rocket-chip 1.2)[0m
2026.04.14 18:38:42 WARN  36 deprecations (since rocketchip 2.0.0)[0m
2026.04.14 18:38:42 WARN  161 deprecations in total; re-run with -deprecation for details[0m
2026.04.14 18:38:42 WARN  20 feature warnings; re-run with -feature for details[0m
2026.04.14 18:38:42 INFO  compiling ysyxsoc (37 scala sources)[0m
2026.04.14 18:38:44 INFO  time: compiled rocketchip in 57s[0m
2026.04.14 18:38:50 WARN  1 deprecation (since 2.13.0)[0m
2026.04.14 18:38:50 WARN  1 deprecation (since 2.13.3)[0m
2026.04.14 18:38:50 WARN  90 deprecations (since rocketchip 2.0.0)[0m
2026.04.14 18:38:50 WARN  92 deprecations in total; re-run with -deprecation for details[0m
2026.04.14 18:38:50 INFO  time: compiled ysyxsoc in 7.25s[0m
Apr 14, 2026 11:52:40 PM org.eclipse.lsp4j.jsonrpc.RemoteEndpoint handleCancellation
WARNING: Unmatched cancel notification for request id 224
2026.04.14 23:55:16 INFO  Shutting down server[0m
2026.04.14 23:55:16 INFO  Memory monitor stopped[0m
2026.04.14 23:55:16 INFO  shutting down Metals[0m
2026.04.14 23:55:16 INFO  Shut down connection with build server.[0m
2026.04.14 23:55:16 INFO  Exiting server[0m
2026.04.15 19:59:01 INFO  tracing is disabled for protocol LSP, to enable tracing of incoming and outgoing JSON messages create an empty file at /home/nullstarfish/personal-ysyx-workbench/ysyxSoC/.metals/lsp.trace.json[0m
2026.04.15 19:59:02 INFO  logging to files /home/nullstarfish/personal-ysyx-workbench/ysyxSoC/.metals/metals.log[0m
2026.04.15 19:59:02 INFO  Started: Metals version 1.6.7 in folders '/home/nullstarfish/personal-ysyx-workbench/ysyxSoC' for client Visual Studio Code 1.115.0.[0m
2026.04.15 19:59:02 INFO  Memory monitor started[0m
2026.04.15 19:59:02 WARN  Using H2 2.4.240 which is newer than the version Flyway has been verified with. The latest verified version of H2 is 2.3.232.[0m
2026.04.15 19:59:03 INFO  no build target found for /home/nullstarfish/personal-ysyx-workbench/ysyxSoC/src/device/SDRAM.scala. Using presentation compiler with project's scala-library version: 3.3.7[0m
2026.04.15 19:59:03 INFO  Attempting to connect to the build server...[0m
2026.04.15 19:59:03 INFO  No running Bloop server found, starting one.[0m
2026.04.15 19:59:04 INFO  Starting compilation server[0m
2026.04.15 19:59:05 INFO  no build target found for /home/nullstarfish/personal-ysyx-workbench/ysyxSoC/src/device/SDRAM.scala. Using presentation compiler with project's scala-library version: 3.3.7[0m
2026.04.15 19:59:05 INFO  no build target found for /home/nullstarfish/personal-ysyx-workbench/ysyxSoC/src/device/SDRAM.scala. Using presentation compiler with project's scala-library version: 3.3.7[0m
2026.04.15 19:59:05 INFO  no build target found for /home/nullstarfish/personal-ysyx-workbench/ysyxSoC/src/device/SDRAM.scala. Using presentation compiler with project's scala-library version: 3.3.7[0m
2026.04.15 19:59:05 INFO  no build target found for /home/nullstarfish/personal-ysyx-workbench/ysyxSoC/src/device/SDRAM.scala. Using presentation compiler with project's scala-library version: 3.3.7[0m
2026.04.15 19:59:05 INFO  no build target found for /home/nullstarfish/personal-ysyx-workbench/ysyxSoC/src/device/SDRAM.scala. Using presentation compiler with project's scala-library version: 3.3.7[0m
2026.04.15 19:59:05 INFO  no build target found for /home/nullstarfish/personal-ysyx-workbench/ysyxSoC/src/device/SDRAM.scala. Using presentation compiler with project's scala-library version: 3.3.7[0m
2026.04.15 19:59:06 INFO  tracing is disabled for protocol BSP, to enable tracing of incoming and outgoing JSON messages create an empty file at /home/nullstarfish/personal-ysyx-workbench/ysyxSoC/.metals/bsp.trace.json[0m
2026.04.15 19:59:07 INFO  no build target found for /home/nullstarfish/personal-ysyx-workbench/ysyxSoC/src/device/SDRAM.scala. Using presentation compiler with project's scala-library version: 3.3.7[0m
2026.04.15 19:59:07 INFO  no build target found for /home/nullstarfish/personal-ysyx-workbench/ysyxSoC/src/device/SDRAM.scala. Using presentation compiler with project's scala-library version: 3.3.7[0m
2026.04.15 19:59:07 INFO  no build target found for /home/nullstarfish/personal-ysyx-workbench/ysyxSoC/src/device/SDRAM.scala. Using presentation compiler with project's scala-library version: 3.3.7[0m
2026.04.15 19:59:09 INFO  no build target found for /home/nullstarfish/personal-ysyx-workbench/ysyxSoC/src/device/SDRAM.scala. Using presentation compiler with project's scala-library version: 3.3.7[0m
2026.04.15 19:59:13 INFO  time: Connected to build server in 9.89s[0m
2026.04.15 19:59:13 INFO  Connected to Build server: Bloop v2.0.19[0m
2026.04.15 19:59:13 INFO  time: Imported build in 0.18s[0m
2026.04.15 19:59:13 WARN  2.13.14 is no longer supported in the current Metals versions, using the last known supported version 1.6.3[0m
2026.04.15 19:59:16 INFO  Created report: Optional[file:///home/nullstarfish/personal-ysyx-workbench/ysyxSoC/file:/home/nullstarfish/personal-ysyx-workbench/ysyxSoC/rocket-chip/src/main/scala/prci/ClockDomain.scala][0m
2026.04.15 19:59:16 INFO  expected identifier; obtained this (full report at: "/home/nullstarfish/personal-ysyx-workbench/ysyxSoC/.metals/.reports/metals/2026-04-15/r_scala-toplevel-mtags_19-59-16-189.md")[0m
2026.04.15 19:59:17 WARN  Could not find java sources in /usr/lib/jvm/src.zip, /usr/lib/jvm/lib/src.zip, /usr/lib/jvm/java-21-openjdk-amd64/src.zip, /usr/lib/jvm/java-21-openjdk-amd64/lib/src.zip. Java symbols will not be available.[0m
2026.04.15 19:59:17 WARN  unexpected dependency with absolute path: /home/nullstarfish/.cache/coursier/v1/https/repo1.maven.org/maven2/org/scala-lang/scala-reflect/2.13.14/scala-reflect-2.13.14-sources.jar[0m
2026.04.15 19:59:17 WARN  unexpected dependency with absolute path: /home/nullstarfish/.cache/coursier/v1/https/repo1.maven.org/maven2/org/scala-lang/scala-library/2.13.14/scala-library-2.13.14-sources.jar[0m
2026.04.15 19:59:17 WARN  unexpected dependency with absolute path: /home/nullstarfish/.cache/coursier/v1/https/repo1.maven.org/maven2/io/github/alexarchambault/data-class_2.13/0.2.6/data-class_2.13-0.2.6-sources.jar[0m
2026.04.15 19:59:17 WARN  unexpected dependency with absolute path: /home/nullstarfish/.cache/coursier/v1/https/repo1.maven.org/maven2/com/lihaoyi/upack_2.13/3.3.0/upack_2.13-3.3.0-sources.jar[0m
2026.04.15 19:59:17 WARN  unexpected dependency with absolute path: /home/nullstarfish/.cache/coursier/v1/https/repo1.maven.org/maven2/com/lihaoyi/os-lib_2.13/0.10.0/os-lib_2.13-0.10.0-sources.jar[0m
2026.04.15 19:59:17 WARN  unexpected dependency with absolute path: /home/nullstarfish/.cache/coursier/v1/https/repo1.maven.org/maven2/org/apache/commons/commons-lang3/3.14.0/commons-lang3-3.14.0-sources.jar[0m
2026.04.15 19:59:17 WARN  unexpected dependency with absolute path: /home/nullstarfish/.cache/coursier/v1/https/repo1.maven.org/maven2/com/lihaoyi/sourcecode_2.13/0.3.1/sourcecode_2.13-0.3.1-sources.jar[0m
2026.04.15 19:59:17 WARN  unexpected dependency with absolute path: /home/nullstarfish/.cache/coursier/v1/https/repo1.maven.org/maven2/com/lihaoyi/geny_2.13/1.1.0/geny_2.13-1.1.0-sources.jar[0m
2026.04.15 19:59:17 WARN  unexpected dependency with absolute path: /home/nullstarfish/.cache/coursier/v1/https/repo1.maven.org/maven2/com/lihaoyi/ujson_2.13/3.3.0/ujson_2.13-3.3.0-sources.jar[0m
2026.04.15 19:59:17 WARN  unexpected dependency with absolute path: /home/nullstarfish/.cache/coursier/v1/https/repo1.maven.org/maven2/org/chipsalliance/chisel_2.13/7.0.0-M2/chisel_2.13-7.0.0-M2-sources.jar[0m
2026.04.15 19:59:17 WARN  unexpected dependency with absolute path: /home/nullstarfish/.cache/coursier/v1/https/repo1.maven.org/maven2/org/apache/commons/commons-text/1.12.0/commons-text-1.12.0-sources.jar[0m
2026.04.15 19:59:17 WARN  unexpected dependency with absolute path: /home/nullstarfish/.cache/coursier/v1/https/repo1.maven.org/maven2/com/lihaoyi/upickle_2.13/3.3.0/upickle_2.13-3.3.0-sources.jar[0m
2026.04.15 19:59:17 WARN  unexpected dependency with absolute path: /home/nullstarfish/.cache/coursier/v1/https/repo1.maven.org/maven2/org/chipsalliance/firtool-resolver_2.13/2.0.0/firtool-resolver_2.13-2.0.0-sources.jar[0m
2026.04.15 19:59:17 WARN  unexpected dependency with absolute path: /home/nullstarfish/.cache/coursier/v1/https/repo1.maven.org/maven2/com/lihaoyi/upickle-implicits_2.13/3.3.0/upickle-implicits_2.13-3.3.0-sources.jar[0m
2026.04.15 19:59:17 WARN  unexpected dependency with absolute path: /home/nullstarfish/.cache/coursier/v1/https/repo1.maven.org/maven2/org/scala-lang/modules/scala-parallel-collections_2.13/1.0.4/scala-parallel-collections_2.13-1.0.4-sources.jar[0m
2026.04.15 19:59:17 WARN  unexpected dependency with absolute path: /home/nullstarfish/.cache/coursier/v1/https/repo1.maven.org/maven2/com/lihaoyi/upickle-core_2.13/3.3.0/upickle-core_2.13-3.3.0-sources.jar[0m
2026.04.15 19:59:17 WARN  unexpected dependency with absolute path: /home/nullstarfish/.cache/coursier/v1/https/repo1.maven.org/maven2/com/lihaoyi/mainargs_2.13/0.5.4/mainargs_2.13-0.5.4-sources.jar[0m
2026.04.15 19:59:17 WARN  unexpected dependency with absolute path: /home/nullstarfish/.cache/coursier/v1/https/repo1.maven.org/maven2/com/fasterxml/jackson/core/jackson-databind/2.12.7/jackson-databind-2.12.7-sources.jar[0m
2026.04.15 19:59:17 WARN  unexpected dependency with absolute path: /home/nullstarfish/.cache/coursier/v1/https/repo1.maven.org/maven2/org/json4s/json4s-jackson-core_2.13/4.0.6/json4s-jackson-core_2.13-4.0.6-sources.jar[0m
2026.04.15 19:59:17 WARN  unexpected dependency with absolute path: /home/nullstarfish/.cache/coursier/v1/https/repo1.maven.org/maven2/com/fasterxml/jackson/core/jackson-core/2.12.7/jackson-core-2.12.7-sources.jar[0m
2026.04.15 19:59:17 WARN  unexpected dependency with absolute path: /home/nullstarfish/.cache/coursier/v1/https/repo1.maven.org/maven2/org/json4s/json4s-jackson_2.13/4.0.6/json4s-jackson_2.13-4.0.6-sources.jar[0m
2026.04.15 19:59:17 WARN  unexpected dependency with absolute path: /home/nullstarfish/.cache/coursier/v1/https/repo1.maven.org/maven2/com/fasterxml/jackson/core/jackson-annotations/2.12.7/jackson-annotations-2.12.7-sources.jar[0m
2026.04.15 19:59:17 WARN  unexpected dependency with absolute path: /home/nullstarfish/.cache/coursier/v1/https/repo1.maven.org/maven2/org/scala-lang/scala-library/2.13.15/scala-library-2.13.15-sources.jar[0m
2026.04.15 19:59:17 WARN  unexpected dependency with absolute path: /home/nullstarfish/.cache/coursier/v1/https/repo1.maven.org/maven2/com/lihaoyi/mill-moduledefs_2.13/0.11.1/mill-moduledefs_2.13-0.11.1-sources.jar[0m
2026.04.15 19:59:17 WARN  unexpected dependency with absolute path: /home/nullstarfish/.cache/coursier/v1/https/repo1.maven.org/maven2/org/scala-lang/scala-reflect/2.13.14/scala-reflect-2.13.14-sources.jar[0m
2026.04.15 19:59:17 WARN  unexpected dependency with absolute path: /home/nullstarfish/.cache/coursier/v1/https/repo1.maven.org/maven2/org/scala-lang/scala-library/2.13.14/scala-library-2.13.14-sources.jar[0m
2026.04.15 19:59:17 WARN  unexpected dependency with absolute path: /home/nullstarfish/.cache/coursier/v1/https/repo1.maven.org/maven2/io/github/alexarchambault/data-class_2.13/0.2.6/data-class_2.13-0.2.6-sources.jar[0m
2026.04.15 19:59:17 WARN  unexpected dependency with absolute path: /home/nullstarfish/.cache/coursier/v1/https/repo1.maven.org/maven2/com/lihaoyi/upack_2.13/3.3.0/upack_2.13-3.3.0-sources.jar[0m
2026.04.15 19:59:17 WARN  unexpected dependency with absolute path: /home/nullstarfish/.cache/coursier/v1/https/repo1.maven.org/maven2/com/lihaoyi/os-lib_2.13/0.10.0/os-lib_2.13-0.10.0-sources.jar[0m
2026.04.15 19:59:17 WARN  unexpected dependency with absolute path: /home/nullstarfish/.cache/coursier/v1/https/repo1.maven.org/maven2/org/apache/commons/commons-lang3/3.14.0/commons-lang3-3.14.0-sources.jar[0m
2026.04.15 19:59:17 WARN  unexpected dependency with absolute path: /home/nullstarfish/.cache/coursier/v1/https/repo1.maven.org/maven2/com/lihaoyi/sourcecode_2.13/0.3.1/sourcecode_2.13-0.3.1-sources.jar[0m
2026.04.15 19:59:17 WARN  unexpected dependency with absolute path: /home/nullstarfish/.cache/coursier/v1/https/repo1.maven.org/maven2/com/lihaoyi/geny_2.13/1.1.0/geny_2.13-1.1.0-sources.jar[0m
2026.04.15 19:59:17 WARN  unexpected dependency with absolute path: /home/nullstarfish/.cache/coursier/v1/https/repo1.maven.org/maven2/com/lihaoyi/ujson_2.13/3.3.0/ujson_2.13-3.3.0-sources.jar[0m
2026.04.15 19:59:17 WARN  unexpected dependency with absolute path: /home/nullstarfish/.cache/coursier/v1/https/repo1.maven.org/maven2/org/chipsalliance/chisel_2.13/7.0.0-M2/chisel_2.13-7.0.0-M2-sources.jar[0m
2026.04.15 19:59:17 WARN  unexpected dependency with absolute path: /home/nullstarfish/.cache/coursier/v1/https/repo1.maven.org/maven2/org/apache/commons/commons-text/1.12.0/commons-text-1.12.0-sources.jar[0m
2026.04.15 19:59:17 WARN  unexpected dependency with absolute path: /home/nullstarfish/.cache/coursier/v1/https/repo1.maven.org/maven2/com/lihaoyi/upickle_2.13/3.3.0/upickle_2.13-3.3.0-sources.jar[0m
2026.04.15 19:59:17 WARN  unexpected dependency with absolute path: /home/nullstarfish/.cache/coursier/v1/https/repo1.maven.org/maven2/org/chipsalliance/firtool-resolver_2.13/2.0.0/firtool-resolver_2.13-2.0.0-sources.jar[0m
2026.04.15 19:59:17 WARN  unexpected dependency with absolute path: /home/nullstarfish/.cache/coursier/v1/https/repo1.maven.org/maven2/com/lihaoyi/upickle-implicits_2.13/3.3.0/upickle-implicits_2.13-3.3.0-sources.jar[0m
2026.04.15 19:59:17 WARN  unexpected dependency with absolute path: /home/nullstarfish/.cache/coursier/v1/https/repo1.maven.org/maven2/org/scala-lang/modules/scala-parallel-collections_2.13/1.0.4/scala-parallel-collections_2.13-1.0.4-sources.jar[0m
2026.04.15 19:59:17 WARN  unexpected dependency with absolute path: /home/nullstarfish/.cache/coursier/v1/https/repo1.maven.org/maven2/com/lihaoyi/upickle-core_2.13/3.3.0/upickle-core_2.13-3.3.0-sources.jar[0m
2026.04.15 19:59:17 WARN  unexpected dependency with absolute path: /home/nullstarfish/.cache/coursier/v1/https/repo1.maven.org/maven2/com/lihaoyi/mainargs_2.13/0.5.4/mainargs_2.13-0.5.4-sources.jar[0m
2026.04.15 19:59:17 WARN  unexpected dependency with absolute path: /home/nullstarfish/.cache/coursier/v1/https/repo1.maven.org/maven2/com/fasterxml/jackson/core/jackson-databind/2.12.7/jackson-databind-2.12.7-sources.jar[0m
2026.04.15 19:59:17 WARN  unexpected dependency with absolute path: /home/nullstarfish/.cache/coursier/v1/https/repo1.maven.org/maven2/org/json4s/json4s-jackson-core_2.13/4.0.6/json4s-jackson-core_2.13-4.0.6-sources.jar[0m
2026.04.15 19:59:17 WARN  unexpected dependency with absolute path: /home/nullstarfish/.cache/coursier/v1/https/repo1.maven.org/maven2/com/fasterxml/jackson/core/jackson-core/2.12.7/jackson-core-2.12.7-sources.jar[0m
2026.04.15 19:59:17 WARN  unexpected dependency with absolute path: /home/nullstarfish/.cache/coursier/v1/https/repo1.maven.org/maven2/org/json4s/json4s-jackson_2.13/4.0.6/json4s-jackson_2.13-4.0.6-sources.jar[0m
2026.04.15 19:59:17 WARN  unexpected dependency with absolute path: /home/nullstarfish/.cache/coursier/v1/https/repo1.maven.org/maven2/com/fasterxml/jackson/core/jackson-annotations/2.12.7/jackson-annotations-2.12.7-sources.jar[0m
2026.04.15 19:59:17 WARN  unexpected dependency with absolute path: /home/nullstarfish/.cache/coursier/v1/https/repo1.maven.org/maven2/org/scala-lang/scala-library/2.13.15/scala-library-2.13.15-sources.jar[0m
2026.04.15 19:59:17 WARN  unexpected dependency with absolute path: /home/nullstarfish/.cache/coursier/v1/https/repo1.maven.org/maven2/com/lihaoyi/mill-moduledefs_2.13/0.11.1/mill-moduledefs_2.13-0.11.1-sources.jar[0m
2026.04.15 19:59:17 INFO  time: indexed workspace in 4.35s[0m
2026.04.15 19:59:18 INFO  compiling rocketchip.macros (1 scala source)[0m
2026.04.15 19:59:18 INFO  compiling rocketchip.cde (1 scala source)[0m
2026.04.15 19:59:18 INFO  compiling rocketchip.hardfloat (20 scala sources)[0m
2026.04.15 19:59:21 INFO  time: compiled rocketchip.macros in 3.17s[0m
2026.04.15 19:59:21 INFO  time: compiled rocketchip.cde in 3.17s[0m
2026.04.15 19:59:21 INFO  compiling rocketchip.diplomacy (36 scala sources)[0m
2026.04.15 19:59:31 INFO  time: compiled rocketchip.diplomacy in 9.52s[0m
2026.04.15 19:59:31 INFO  time: compiled rocketchip.hardfloat in 13s[0m
2026.04.15 19:59:33 INFO  compiling rocketchip (317 scala sources)[0m
2026.04.15 20:00:31 WARN  7 deprecations[0m
2026.04.15 20:00:31 WARN  78 deprecations (since 2.13.0)[0m
2026.04.15 20:00:31 WARN  1 deprecation (since 2.13.7)[0m
2026.04.15 20:00:31 WARN  1 deprecation (since 9)[0m
2026.04.15 20:00:31 WARN  27 deprecations (since CDE 0.1)[0m
2026.04.15 20:00:31 WARN  10 deprecations (since diplomacy 1.0.0)[0m
2026.04.15 20:00:31 WARN  1 deprecation (since rocket-chip 1.2)[0m
2026.04.15 20:00:31 WARN  36 deprecations (since rocketchip 2.0.0)[0m
2026.04.15 20:00:31 WARN  161 deprecations in total; re-run with -deprecation for details[0m
2026.04.15 20:00:31 WARN  20 feature warnings; re-run with -feature for details[0m
2026.04.15 20:00:31 INFO  compiling ysyxsoc (37 scala sources)[0m
2026.04.15 20:00:33 INFO  time: compiled rocketchip in 1m[0m
2026.04.15 20:00:40 WARN  1 deprecation (since 2.13.0)[0m
2026.04.15 20:00:40 WARN  1 deprecation (since 2.13.3)[0m
2026.04.15 20:00:40 WARN  90 deprecations (since rocketchip 2.0.0)[0m
2026.04.15 20:00:40 WARN  92 deprecations in total; re-run with -deprecation for details[0m
2026.04.15 20:00:40 INFO  time: compiled ysyxsoc in 8.12s[0m
2026.04.15 20:06:34 INFO  compiling ysyxsoc (2 scala sources)[0m
2026.04.15 20:06:38 WARN  30 deprecations (since rocketchip 2.0.0); re-run with -deprecation for details[0m
2026.04.15 20:06:38 INFO  time: compiled ysyxsoc in 5.25s[0m
2026.04.15 20:07:09 WARN  Could not load snapshot text for /home/nullstarfish/personal-ysyx-workbench/ysyxSoC/src/device/SDRAM.scala[0m
2026.04.15 20:21:30 WARN  Could not load snapshot text for /home/nullstarfish/personal-ysyx-workbench/ysyxSoC/src/device/SDRAM.scala[0m
2026.04.15 20:21:52 WARN  Could not load snapshot text for /home/nullstarfish/personal-ysyx-workbench/ysyxSoC/src/device/SDRAM.scala[0m
2026.04.15 20:23:28 WARN  Could not load snapshot text for /home/nullstarfish/personal-ysyx-workbench/ysyxSoC/src/device/SDRAM.scala[0m
2026.04.15 20:25:30 WARN  Could not load snapshot text for /home/nullstarfish/personal-ysyx-workbench/ysyxSoC/src/device/SDRAM.scala[0m
2026.04.15 20:38:01 WARN  Could not load snapshot text for /home/nullstarfish/personal-ysyx-workbench/ysyxSoC/src/device/SDRAM.scala[0m
2026.04.15 20:40:57 WARN  Could not load snapshot text for /home/nullstarfish/personal-ysyx-workbench/ysyxSoC/src/device/SDRAM.scala[0m
2026.04.15 20:48:51 WARN  Could not load snapshot text for /home/nullstarfish/personal-ysyx-workbench/ysyxSoC/src/device/SDRAM.scala[0m
2026.04.15 20:50:58 WARN  Could not load snapshot text for /home/nullstarfish/personal-ysyx-workbench/ysyxSoC/src/device/SDRAM.scala[0m
Apr 15, 2026 8:50:59 PM org.eclipse.lsp4j.jsonrpc.services.GenericEndpoint notify
INFO: Unsupported notification method: $/setTrace
Apr 15, 2026 8:50:59 PM org.eclipse.lsp4j.jsonrpc.RemoteEndpoint handleCancellation
WARNING: Unmatched cancel notification for request id 331
Apr 15, 2026 8:50:59 PM org.eclipse.lsp4j.jsonrpc.services.GenericEndpoint notify
INFO: Unsupported notification method: $/setTrace
2026.04.15 20:51:18 WARN  Could not load snapshot text for /home/nullstarfish/personal-ysyx-workbench/ysyxSoC/src/device/SDRAM.scala[0m
2026.04.15 21:37:05 WARN  Could not load snapshot text for /home/nullstarfish/personal-ysyx-workbench/ysyxSoC/src/device/SDRAM.scala[0m
2026.04.15 21:39:09 WARN  Could not load snapshot text for /home/nullstarfish/personal-ysyx-workbench/ysyxSoC/src/device/SDRAM.scala[0m
2026.04.15 21:41:57 WARN  Could not load snapshot text for /home/nullstarfish/personal-ysyx-workbench/ysyxSoC/src/device/SDRAM.scala[0m
2026.04.15 21:45:28 INFO  compiling ysyxsoc (2 scala sources)[0m
2026.04.15 21:45:33 WARN  30 deprecations (since rocketchip 2.0.0); re-run with -deprecation for details[0m
2026.04.15 21:45:33 INFO  time: compiled ysyxsoc in 5.78s[0m
Apr 15, 2026 10:14:04 PM org.eclipse.lsp4j.jsonrpc.RemoteEndpoint handleCancellation
WARNING: Unmatched cancel notification for request id 479
Apr 15, 2026 10:14:09 PM org.eclipse.lsp4j.jsonrpc.RemoteEndpoint handleCancellation
WARNING: Unmatched cancel notification for request id 489
Apr 15, 2026 10:43:15 PM org.eclipse.lsp4j.jsonrpc.RemoteEndpoint handleCancellation
WARNING: Unmatched cancel notification for request id 630
Apr 15, 2026 10:43:16 PM org.eclipse.lsp4j.jsonrpc.RemoteEndpoint handleCancellation
WARNING: Unmatched cancel notification for request id 650
Apr 15, 2026 11:01:44 PM org.eclipse.lsp4j.jsonrpc.RemoteEndpoint handleCancellation
WARNING: Unmatched cancel notification for request id 692
2026.04.15 23:37:03 INFO  compiling ysyxsoc (2 scala sources)[0m
2026.04.15 23:37:06 WARN  28 deprecations (since rocketchip 2.0.0); re-run with -deprecation for details[0m
2026.04.15 23:37:06 INFO  time: compiled ysyxsoc in 4.01s[0m
2026.04.16 00:14:53 INFO  Shutting down server[0m
2026.04.16 00:14:53 INFO  Memory monitor stopped[0m
2026.04.16 00:14:53 INFO  shutting down Metals[0m
2026.04.16 00:14:53 INFO  Shut down connection with build server.[0m
2026.04.16 00:14:53 INFO  Exiting server[0m
2026.04.16 11:11:42 INFO  tracing is disabled for protocol LSP, to enable tracing of incoming and outgoing JSON messages create an empty file at /home/nullstarfish/personal-ysyx-workbench/ysyxSoC/.metals/lsp.trace.json[0m
2026.04.16 11:11:44 INFO  logging to files /home/nullstarfish/personal-ysyx-workbench/ysyxSoC/.metals/metals.log[0m
2026.04.16 11:11:44 INFO  Started: Metals version 1.6.7 in folders '/home/nullstarfish/personal-ysyx-workbench/ysyxSoC' for client Visual Studio Code 1.115.0.[0m
2026.04.16 11:11:44 INFO  Memory monitor started[0m
2026.04.16 11:11:44 WARN  Using H2 2.4.240 which is newer than the version Flyway has been verified with. The latest verified version of H2 is 2.3.232.[0m
2026.04.16 11:11:44 INFO  no build target found for /home/nullstarfish/personal-ysyx-workbench/ysyxSoC/src/device/GPIO.scala. Using presentation compiler with project's scala-library version: 3.3.7[0m
2026.04.16 11:11:45 INFO  Attempting to connect to the build server...[0m
2026.04.16 11:11:45 INFO  No running Bloop server found, starting one.[0m
2026.04.16 11:11:46 INFO  Starting compilation server[0m
2026.04.16 11:11:46 INFO  no build target found for /home/nullstarfish/personal-ysyx-workbench/ysyxSoC/src/device/GPIO.scala. Using presentation compiler with project's scala-library version: 3.3.7[0m
2026.04.16 11:11:46 INFO  no build target found for /home/nullstarfish/personal-ysyx-workbench/ysyxSoC/src/device/GPIO.scala. Using presentation compiler with project's scala-library version: 3.3.7[0m
2026.04.16 11:11:46 INFO  no build target found for /home/nullstarfish/personal-ysyx-workbench/ysyxSoC/src/device/GPIO.scala. Using presentation compiler with project's scala-library version: 3.3.7[0m
2026.04.16 11:11:46 INFO  no build target found for /home/nullstarfish/personal-ysyx-workbench/ysyxSoC/src/device/GPIO.scala. Using presentation compiler with project's scala-library version: 3.3.7[0m
Apr 16, 2026 11:11:46 AM org.eclipse.lsp4j.jsonrpc.RemoteEndpoint handleCancellation
WARNING: Unmatched cancel notification for request id 9
2026.04.16 11:11:46 INFO  no build target found for /home/nullstarfish/personal-ysyx-workbench/ysyxSoC/src/device/GPIO.scala. Using presentation compiler with project's scala-library version: 3.3.7[0m
2026.04.16 11:11:46 INFO  no build target found for /home/nullstarfish/personal-ysyx-workbench/ysyxSoC/src/device/GPIO.scala. Using presentation compiler with project's scala-library version: 3.3.7[0m
2026.04.16 11:11:46 INFO  no build target found for /home/nullstarfish/personal-ysyx-workbench/ysyxSoC/src/device/GPIO.scala. Using presentation compiler with project's scala-library version: 3.3.7[0m
2026.04.16 11:11:47 INFO  no build target found for /home/nullstarfish/personal-ysyx-workbench/ysyxSoC/src/device/GPIO.scala. Using presentation compiler with project's scala-library version: 3.3.7[0m
2026.04.16 11:11:48 INFO  tracing is disabled for protocol BSP, to enable tracing of incoming and outgoing JSON messages create an empty file at /home/nullstarfish/personal-ysyx-workbench/ysyxSoC/.metals/bsp.trace.json[0m
2026.04.16 11:11:48 INFO  no build target found for /home/nullstarfish/personal-ysyx-workbench/ysyxSoC/src/device/GPIO.scala. Using presentation compiler with project's scala-library version: 3.3.7[0m
2026.04.16 11:11:48 INFO  no build target found for /home/nullstarfish/personal-ysyx-workbench/ysyxSoC/src/device/GPIO.scala. Using presentation compiler with project's scala-library version: 3.3.7[0m
2026.04.16 11:11:48 INFO  no build target found for /home/nullstarfish/personal-ysyx-workbench/ysyxSoC/src/device/GPIO.scala. Using presentation compiler with project's scala-library version: 3.3.7[0m
2026.04.16 11:11:48 INFO  no build target found for /home/nullstarfish/personal-ysyx-workbench/ysyxSoC/src/device/GPIO.scala. Using presentation compiler with project's scala-library version: 3.3.7[0m
2026.04.16 11:11:48 INFO  no build target found for /home/nullstarfish/personal-ysyx-workbench/ysyxSoC/src/device/GPIO.scala. Using presentation compiler with project's scala-library version: 3.3.7[0m
2026.04.16 11:11:48 INFO  no build target found for /home/nullstarfish/personal-ysyx-workbench/ysyxSoC/src/device/GPIO.scala. Using presentation compiler with project's scala-library version: 3.3.7[0m
2026.04.16 11:11:48 INFO  no build target found for /home/nullstarfish/personal-ysyx-workbench/ysyxSoC/src/device/GPIO.scala. Using presentation compiler with project's scala-library version: 3.3.7[0m
2026.04.16 11:11:48 INFO  no build target found for /home/nullstarfish/personal-ysyx-workbench/ysyxSoC/src/device/GPIO.scala. Using presentation compiler with project's scala-library version: 3.3.7[0m
Exception in thread "pool-14-thread-1" java.lang.InterruptedException
	at scala.meta.internal.metals.FutureCancelToken.checkCanceled(FutureCancelToken.scala:29)
	at scala.meta.internal.pc.CompilerAccess.onCompilerJobQueue$$anonfun$1(CompilerAccess.scala:208)
	at scala.meta.internal.pc.CompilerJobQueue$Job.run(CompilerJobQueue.scala:153)
	at java.base/java.util.concurrent.ThreadPoolExecutor.runWorker(ThreadPoolExecutor.java:1144)
	at java.base/java.util.concurrent.ThreadPoolExecutor$Worker.run(ThreadPoolExecutor.java:642)
	at java.base/java.lang.Thread.run(Thread.java:1583)
2026.04.16 11:11:48 INFO  no build target found for /home/nullstarfish/personal-ysyx-workbench/ysyxSoC/src/device/GPIO.scala. Using presentation compiler with project's scala-library version: 3.3.7[0m
Exception in thread "pool-15-thread-1" 2026.04.16 11:11:48 INFO  no build target found for /home/nullstarfish/personal-ysyx-workbench/ysyxSoC/src/device/GPIO.scala. Using presentation compiler with project's scala-library version: 3.3.7[0mjava.lang.InterruptedException

	at scala.meta.internal.metals.FutureCancelToken.checkCanceled(FutureCancelToken.scala:29)
	at scala.meta.internal.pc.CompilerAccess.onCompilerJobQueue$$anonfun$1(CompilerAccess.scala:208)
	at scala.meta.internal.pc.CompilerJobQueue$Job.run(CompilerJobQueue.scala:153)
	at java.base/java.util.concurrent.ThreadPoolExecutor.runWorker(ThreadPoolExecutor.java:1144)
	at java.base/java.util.concurrent.ThreadPoolExecutor$Worker.run(ThreadPoolExecutor.java:642)
	at java.base/java.lang.Thread.run(Thread.java:1583)
2026.04.16 11:11:48 INFO  no build target found for /home/nullstarfish/personal-ysyx-workbench/ysyxSoC/src/device/GPIO.scala. Using presentation compiler with project's scala-library version: 3.3.7[0m
2026.04.16 11:11:48 INFO  no build target found for /home/nullstarfish/personal-ysyx-workbench/ysyxSoC/src/device/GPIO.scala. Using presentation compiler with project's scala-library version: 3.3.7[0m
2026.04.16 11:11:48 INFO  no build target found for /home/nullstarfish/personal-ysyx-workbench/ysyxSoC/src/device/GPIO.scala. Using presentation compiler with project's scala-library version: 3.3.7[0m
2026.04.16 11:11:48 INFO  no build target found for /home/nullstarfish/personal-ysyx-workbench/ysyxSoC/src/device/GPIO.scala. Using presentation compiler with project's scala-library version: 3.3.7[0m
2026.04.16 11:11:48 INFO  no build target found for /home/nullstarfish/personal-ysyx-workbench/ysyxSoC/src/device/GPIO.scala. Using presentation compiler with project's scala-library version: 3.3.7[0m
2026.04.16 11:11:48 INFO  no build target found for /home/nullstarfish/personal-ysyx-workbench/ysyxSoC/src/device/GPIO.scala. Using presentation compiler with project's scala-library version: 3.3.7[0m
2026.04.16 11:11:49 INFO  no build target found for /home/nullstarfish/personal-ysyx-workbench/ysyxSoC/src/device/GPIO.scala. Using presentation compiler with project's scala-library version: 3.3.7[0m
2026.04.16 11:11:51 INFO  no build target found for /home/nullstarfish/personal-ysyx-workbench/ysyxSoC/src/SoC.scala. Using presentation compiler with project's scala-library version: 3.3.7[0m
2026.04.16 11:11:52 INFO  no build target found for /home/nullstarfish/personal-ysyx-workbench/ysyxSoC/src/SoC.scala. Using presentation compiler with project's scala-library version: 3.3.7[0m
Apr 16, 2026 11:11:52 AM org.eclipse.lsp4j.jsonrpc.RemoteEndpoint handleCancellation
WARNING: Unmatched cancel notification for request id 31
2026.04.16 11:11:53 INFO  time: Connected to build server in 7.85s[0m
2026.04.16 11:11:53 INFO  Connected to Build server: Bloop v2.0.19[0m
2026.04.16 11:11:53 INFO  time: Imported build in 0.26s[0m
2026.04.16 11:11:53 WARN  2.13.14 is no longer supported in the current Metals versions, using the last known supported version 1.6.3[0m
2026.04.16 11:11:55 INFO  Created report: Optional[file:///home/nullstarfish/personal-ysyx-workbench/ysyxSoC/file:/home/nullstarfish/personal-ysyx-workbench/ysyxSoC/rocket-chip/src/main/scala/prci/ClockDomain.scala][0m
2026.04.16 11:11:55 INFO  expected identifier; obtained this (full report at: "/home/nullstarfish/personal-ysyx-workbench/ysyxSoC/.metals/.reports/metals/2026-04-16/r_scala-toplevel-mtags_11-11-55-024.md")[0m
2026.04.16 11:11:56 WARN  Could not find java sources in /usr/lib/jvm/src.zip, /usr/lib/jvm/lib/src.zip, /usr/lib/jvm/java-21-openjdk-amd64/src.zip, /usr/lib/jvm/java-21-openjdk-amd64/lib/src.zip. Java symbols will not be available.[0m
2026.04.16 11:11:56 WARN  unexpected dependency with absolute path: /home/nullstarfish/.cache/coursier/v1/https/repo1.maven.org/maven2/org/scala-lang/scala-reflect/2.13.14/scala-reflect-2.13.14-sources.jar[0m
2026.04.16 11:11:56 WARN  unexpected dependency with absolute path: /home/nullstarfish/.cache/coursier/v1/https/repo1.maven.org/maven2/org/scala-lang/scala-library/2.13.14/scala-library-2.13.14-sources.jar[0m
2026.04.16 11:11:56 WARN  unexpected dependency with absolute path: /home/nullstarfish/.cache/coursier/v1/https/repo1.maven.org/maven2/com/lihaoyi/mainargs_2.13/0.5.4/mainargs_2.13-0.5.4-sources.jar[0m
2026.04.16 11:11:56 WARN  unexpected dependency with absolute path: /home/nullstarfish/.cache/coursier/v1/https/repo1.maven.org/maven2/com/fasterxml/jackson/core/jackson-databind/2.12.7/jackson-databind-2.12.7-sources.jar[0m
2026.04.16 11:11:56 WARN  unexpected dependency with absolute path: /home/nullstarfish/.cache/coursier/v1/https/repo1.maven.org/maven2/com/lihaoyi/upack_2.13/3.3.0/upack_2.13-3.3.0-sources.jar[0m
2026.04.16 11:11:56 WARN  unexpected dependency with absolute path: /home/nullstarfish/.cache/coursier/v1/https/repo1.maven.org/maven2/com/lihaoyi/os-lib_2.13/0.10.0/os-lib_2.13-0.10.0-sources.jar[0m
2026.04.16 11:11:56 WARN  unexpected dependency with absolute path: /home/nullstarfish/.cache/coursier/v1/https/repo1.maven.org/maven2/org/apache/commons/commons-lang3/3.14.0/commons-lang3-3.14.0-sources.jar[0m
2026.04.16 11:11:56 WARN  unexpected dependency with absolute path: /home/nullstarfish/.cache/coursier/v1/https/repo1.maven.org/maven2/com/lihaoyi/sourcecode_2.13/0.3.1/sourcecode_2.13-0.3.1-sources.jar[0m
2026.04.16 11:11:56 WARN  unexpected dependency with absolute path: /home/nullstarfish/.cache/coursier/v1/https/repo1.maven.org/maven2/com/lihaoyi/geny_2.13/1.1.0/geny_2.13-1.1.0-sources.jar[0m
2026.04.16 11:11:56 WARN  unexpected dependency with absolute path: /home/nullstarfish/.cache/coursier/v1/https/repo1.maven.org/maven2/org/json4s/json4s-jackson-core_2.13/4.0.6/json4s-jackson-core_2.13-4.0.6-sources.jar[0m
2026.04.16 11:11:56 WARN  unexpected dependency with absolute path: /home/nullstarfish/.cache/coursier/v1/https/repo1.maven.org/maven2/com/lihaoyi/ujson_2.13/3.3.0/ujson_2.13-3.3.0-sources.jar[0m
2026.04.16 11:11:56 WARN  unexpected dependency with absolute path: /home/nullstarfish/.cache/coursier/v1/https/repo1.maven.org/maven2/org/chipsalliance/chisel_2.13/7.0.0-M2/chisel_2.13-7.0.0-M2-sources.jar[0m
2026.04.16 11:11:56 WARN  unexpected dependency with absolute path: /home/nullstarfish/.cache/coursier/v1/https/repo1.maven.org/maven2/org/apache/commons/commons-text/1.12.0/commons-text-1.12.0-sources.jar[0m
2026.04.16 11:11:56 WARN  unexpected dependency with absolute path: /home/nullstarfish/.cache/coursier/v1/https/repo1.maven.org/maven2/com/fasterxml/jackson/core/jackson-core/2.12.7/jackson-core-2.12.7-sources.jar[0m
2026.04.16 11:11:56 WARN  unexpected dependency with absolute path: /home/nullstarfish/.cache/coursier/v1/https/repo1.maven.org/maven2/io/github/alexarchambault/data-class_2.13/0.2.6/data-class_2.13-0.2.6-sources.jar[0m
2026.04.16 11:11:56 WARN  unexpected dependency with absolute path: /home/nullstarfish/.cache/coursier/v1/https/repo1.maven.org/maven2/com/lihaoyi/upickle_2.13/3.3.0/upickle_2.13-3.3.0-sources.jar[0m
2026.04.16 11:11:56 WARN  unexpected dependency with absolute path: /home/nullstarfish/.cache/coursier/v1/https/repo1.maven.org/maven2/org/chipsalliance/firtool-resolver_2.13/2.0.0/firtool-resolver_2.13-2.0.0-sources.jar[0m
2026.04.16 11:11:56 WARN  unexpected dependency with absolute path: /home/nullstarfish/.cache/coursier/v1/https/repo1.maven.org/maven2/org/json4s/json4s-jackson_2.13/4.0.6/json4s-jackson_2.13-4.0.6-sources.jar[0m
2026.04.16 11:11:56 WARN  unexpected dependency with absolute path: /home/nullstarfish/.cache/coursier/v1/https/repo1.maven.org/maven2/com/fasterxml/jackson/core/jackson-annotations/2.12.7/jackson-annotations-2.12.7-sources.jar[0m
2026.04.16 11:11:56 WARN  unexpected dependency with absolute path: /home/nullstarfish/.cache/coursier/v1/https/repo1.maven.org/maven2/com/lihaoyi/upickle-implicits_2.13/3.3.0/upickle-implicits_2.13-3.3.0-sources.jar[0m
2026.04.16 11:11:56 WARN  unexpected dependency with absolute path: /home/nullstarfish/.cache/coursier/v1/https/repo1.maven.org/maven2/org/scala-lang/modules/scala-parallel-collections_2.13/1.0.4/scala-parallel-collections_2.13-1.0.4-sources.jar[0m
2026.04.16 11:11:56 WARN  unexpected dependency with absolute path: /home/nullstarfish/.cache/coursier/v1/https/repo1.maven.org/maven2/com/lihaoyi/upickle-core_2.13/3.3.0/upickle-core_2.13-3.3.0-sources.jar[0m
2026.04.16 11:11:56 WARN  unexpected dependency with absolute path: /home/nullstarfish/.cache/coursier/v1/https/repo1.maven.org/maven2/org/scala-lang/scala-library/2.13.15/scala-library-2.13.15-sources.jar[0m
2026.04.16 11:11:56 WARN  unexpected dependency with absolute path: /home/nullstarfish/.cache/coursier/v1/https/repo1.maven.org/maven2/com/lihaoyi/mill-moduledefs_2.13/0.11.1/mill-moduledefs_2.13-0.11.1-sources.jar[0m
2026.04.16 11:11:56 WARN  unexpected dependency with absolute path: /home/nullstarfish/.cache/coursier/v1/https/repo1.maven.org/maven2/org/scala-lang/scala-reflect/2.13.14/scala-reflect-2.13.14-sources.jar[0m
2026.04.16 11:11:56 WARN  unexpected dependency with absolute path: /home/nullstarfish/.cache/coursier/v1/https/repo1.maven.org/maven2/org/scala-lang/scala-library/2.13.14/scala-library-2.13.14-sources.jar[0m
2026.04.16 11:11:56 WARN  unexpected dependency with absolute path: /home/nullstarfish/.cache/coursier/v1/https/repo1.maven.org/maven2/com/lihaoyi/mainargs_2.13/0.5.4/mainargs_2.13-0.5.4-sources.jar[0m
2026.04.16 11:11:56 WARN  unexpected dependency with absolute path: /home/nullstarfish/.cache/coursier/v1/https/repo1.maven.org/maven2/com/fasterxml/jackson/core/jackson-databind/2.12.7/jackson-databind-2.12.7-sources.jar[0m
2026.04.16 11:11:56 WARN  unexpected dependency with absolute path: /home/nullstarfish/.cache/coursier/v1/https/repo1.maven.org/maven2/com/lihaoyi/upack_2.13/3.3.0/upack_2.13-3.3.0-sources.jar[0m
2026.04.16 11:11:56 WARN  unexpected dependency with absolute path: /home/nullstarfish/.cache/coursier/v1/https/repo1.maven.org/maven2/com/lihaoyi/os-lib_2.13/0.10.0/os-lib_2.13-0.10.0-sources.jar[0m
2026.04.16 11:11:56 WARN  unexpected dependency with absolute path: /home/nullstarfish/.cache/coursier/v1/https/repo1.maven.org/maven2/org/apache/commons/commons-lang3/3.14.0/commons-lang3-3.14.0-sources.jar[0m
2026.04.16 11:11:56 WARN  unexpected dependency with absolute path: /home/nullstarfish/.cache/coursier/v1/https/repo1.maven.org/maven2/com/lihaoyi/sourcecode_2.13/0.3.1/sourcecode_2.13-0.3.1-sources.jar[0m
2026.04.16 11:11:56 WARN  unexpected dependency with absolute path: /home/nullstarfish/.cache/coursier/v1/https/repo1.maven.org/maven2/com/lihaoyi/geny_2.13/1.1.0/geny_2.13-1.1.0-sources.jar[0m
2026.04.16 11:11:56 WARN  unexpected dependency with absolute path: /home/nullstarfish/.cache/coursier/v1/https/repo1.maven.org/maven2/org/json4s/json4s-jackson-core_2.13/4.0.6/json4s-jackson-core_2.13-4.0.6-sources.jar[0m
2026.04.16 11:11:56 WARN  unexpected dependency with absolute path: /home/nullstarfish/.cache/coursier/v1/https/repo1.maven.org/maven2/com/lihaoyi/ujson_2.13/3.3.0/ujson_2.13-3.3.0-sources.jar[0m
2026.04.16 11:11:56 WARN  unexpected dependency with absolute path: /home/nullstarfish/.cache/coursier/v1/https/repo1.maven.org/maven2/org/chipsalliance/chisel_2.13/7.0.0-M2/chisel_2.13-7.0.0-M2-sources.jar[0m
2026.04.16 11:11:56 WARN  unexpected dependency with absolute path: /home/nullstarfish/.cache/coursier/v1/https/repo1.maven.org/maven2/org/apache/commons/commons-text/1.12.0/commons-text-1.12.0-sources.jar[0m
2026.04.16 11:11:56 WARN  unexpected dependency with absolute path: /home/nullstarfish/.cache/coursier/v1/https/repo1.maven.org/maven2/com/fasterxml/jackson/core/jackson-core/2.12.7/jackson-core-2.12.7-sources.jar[0m
2026.04.16 11:11:56 WARN  unexpected dependency with absolute path: /home/nullstarfish/.cache/coursier/v1/https/repo1.maven.org/maven2/io/github/alexarchambault/data-class_2.13/0.2.6/data-class_2.13-0.2.6-sources.jar[0m
2026.04.16 11:11:56 WARN  unexpected dependency with absolute path: /home/nullstarfish/.cache/coursier/v1/https/repo1.maven.org/maven2/com/lihaoyi/upickle_2.13/3.3.0/upickle_2.13-3.3.0-sources.jar[0m
2026.04.16 11:11:56 WARN  unexpected dependency with absolute path: /home/nullstarfish/.cache/coursier/v1/https/repo1.maven.org/maven2/org/chipsalliance/firtool-resolver_2.13/2.0.0/firtool-resolver_2.13-2.0.0-sources.jar[0m
2026.04.16 11:11:56 WARN  unexpected dependency with absolute path: /home/nullstarfish/.cache/coursier/v1/https/repo1.maven.org/maven2/org/json4s/json4s-jackson_2.13/4.0.6/json4s-jackson_2.13-4.0.6-sources.jar[0m
2026.04.16 11:11:56 WARN  unexpected dependency with absolute path: /home/nullstarfish/.cache/coursier/v1/https/repo1.maven.org/maven2/com/fasterxml/jackson/core/jackson-annotations/2.12.7/jackson-annotations-2.12.7-sources.jar[0m
2026.04.16 11:11:56 WARN  unexpected dependency with absolute path: /home/nullstarfish/.cache/coursier/v1/https/repo1.maven.org/maven2/com/lihaoyi/upickle-implicits_2.13/3.3.0/upickle-implicits_2.13-3.3.0-sources.jar[0m
2026.04.16 11:11:56 WARN  unexpected dependency with absolute path: /home/nullstarfish/.cache/coursier/v1/https/repo1.maven.org/maven2/org/scala-lang/modules/scala-parallel-collections_2.13/1.0.4/scala-parallel-collections_2.13-1.0.4-sources.jar[0m
2026.04.16 11:11:56 WARN  unexpected dependency with absolute path: /home/nullstarfish/.cache/coursier/v1/https/repo1.maven.org/maven2/com/lihaoyi/upickle-core_2.13/3.3.0/upickle-core_2.13-3.3.0-sources.jar[0m
2026.04.16 11:11:56 WARN  unexpected dependency with absolute path: /home/nullstarfish/.cache/coursier/v1/https/repo1.maven.org/maven2/org/scala-lang/scala-library/2.13.15/scala-library-2.13.15-sources.jar[0m
2026.04.16 11:11:56 WARN  unexpected dependency with absolute path: /home/nullstarfish/.cache/coursier/v1/https/repo1.maven.org/maven2/com/lihaoyi/mill-moduledefs_2.13/0.11.1/mill-moduledefs_2.13-0.11.1-sources.jar[0m
2026.04.16 11:11:56 INFO  time: indexed workspace in 3.59s[0m
2026.04.16 11:11:57 INFO  compiling rocketchip.cde (1 scala source)[0m
2026.04.16 11:11:57 INFO  compiling rocketchip.macros (1 scala source)[0m
2026.04.16 11:11:57 INFO  compiling rocketchip.hardfloat (20 scala sources)[0m
2026.04.16 11:12:00 INFO  time: compiled rocketchip.macros in 3.08s[0m
2026.04.16 11:12:00 INFO  time: compiled rocketchip.cde in 3.08s[0m
2026.04.16 11:12:00 INFO  compiling rocketchip.diplomacy (36 scala sources)[0m
2026.04.16 11:12:09 INFO  time: compiled rocketchip.diplomacy in 8.58s[0m
2026.04.16 11:12:09 INFO  time: compiled rocketchip.hardfloat in 12s[0m
2026.04.16 11:12:11 INFO  compiling rocketchip (317 scala sources)[0m
2026.04.16 11:12:16 INFO  Created report: Optional[file:///home/nullstarfish/personal-ysyx-workbench/ysyxSoC/src/SoC.scala][0m
2026.04.16 11:12:16 INFO  empty definition using pc, found symbol in pc: chisel3/chiselTypeOf.apply(). (full report at: "/home/nullstarfish/personal-ysyx-workbench/ysyxSoC/.metals/.reports/metals-full/2026-04-16/r_empty-definition_(ysyxsoc)_11-12-16-690.md")[0m
2026.04.16 11:12:16 INFO  empty definition using pc, found symbol in pc: chisel3/chiselTypeOf.apply(). (full report at: "/home/nullstarfish/personal-ysyx-workbench/ysyxSoC/.metals/.reports/metals-full/2026-04-16/r_empty-definition_(ysyxsoc)_11-12-16-690.md")[0m
2026.04.16 11:12:17 INFO  Created report: Optional[file:///home/nullstarfish/personal-ysyx-workbench/ysyxSoC/src/SoC.scala][0m
2026.04.16 11:12:17 INFO  empty definition using pc, found symbol in pc:  (full report at: "/home/nullstarfish/personal-ysyx-workbench/ysyxSoC/.metals/.reports/metals-full/2026-04-16/r_empty-definition_(ysyxsoc)_11-12-17-153.md")[0m
2026.04.16 11:12:21 INFO  Created report: Optional[file:///home/nullstarfish/personal-ysyx-workbench/ysyxSoC/src/SoC.scala][0m
2026.04.16 11:12:21 INFO  empty definition using pc, found symbol in pc:  (full report at: "/home/nullstarfish/personal-ysyx-workbench/ysyxSoC/.metals/.reports/metals-full/2026-04-16/r_empty-definition_(ysyxsoc)_11-12-21-900.md")[0m
2026.04.16 11:12:21 INFO  Created report: Optional[file:///home/nullstarfish/personal-ysyx-workbench/ysyxSoC/src/SoC.scala][0m
2026.04.16 11:12:21 INFO  empty definition using pc, found symbol in pc:  (full report at: "/home/nullstarfish/personal-ysyx-workbench/ysyxSoC/.metals/.reports/metals-full/2026-04-16/r_empty-definition_(ysyxsoc)_11-12-21-971.md")[0m
2026.04.16 11:12:21 INFO  Created report: Optional[file:///home/nullstarfish/personal-ysyx-workbench/ysyxSoC/src/SoC.scala][0m
2026.04.16 11:12:21 INFO  empty definition using pc, found symbol in pc:  (full report at: "/home/nullstarfish/personal-ysyx-workbench/ysyxSoC/.metals/.reports/metals-full/2026-04-16/r_empty-definition_(ysyxsoc)_11-12-21-986.md")[0m
2026.04.16 11:12:22 INFO  Created report: Optional[file:///home/nullstarfish/personal-ysyx-workbench/ysyxSoC/src/SoC.scala][0m
2026.04.16 11:12:22 INFO  empty definition using pc, found symbol in pc:  (full report at: "/home/nullstarfish/personal-ysyx-workbench/ysyxSoC/.metals/.reports/metals-full/2026-04-16/r_empty-definition_(ysyxsoc)_11-12-22-002.md")[0m
2026.04.16 11:12:28 INFO  Created report: Optional[file:///home/nullstarfish/personal-ysyx-workbench/ysyxSoC/src/SoC.scala][0m
2026.04.16 11:12:28 INFO  empty definition using pc, found symbol in pc:  (full report at: "/home/nullstarfish/personal-ysyx-workbench/ysyxSoC/.metals/.reports/metals-full/2026-04-16/r_empty-definition_(ysyxsoc)_11-12-28-414.md")[0m
2026.04.16 11:12:29 INFO  Created report: Optional[file:///home/nullstarfish/personal-ysyx-workbench/ysyxSoC/src/SoC.scala][0m
2026.04.16 11:12:29 INFO  empty definition using pc, found symbol in pc:  (full report at: "/home/nullstarfish/personal-ysyx-workbench/ysyxSoC/.metals/.reports/metals-full/2026-04-16/r_empty-definition_(ysyxsoc)_11-12-29-450.md")[0m
2026.04.16 11:12:29 INFO  Created report: Optional[file:///home/nullstarfish/personal-ysyx-workbench/ysyxSoC/src/SoC.scala][0m
2026.04.16 11:12:29 INFO  empty definition using pc, found symbol in pc:  (full report at: "/home/nullstarfish/personal-ysyx-workbench/ysyxSoC/.metals/.reports/metals-full/2026-04-16/r_empty-definition_(ysyxsoc)_11-12-29-709.md")[0m
2026.04.16 11:12:31 INFO  Created report: Optional[file:///home/nullstarfish/personal-ysyx-workbench/ysyxSoC/src/SoC.scala][0m
2026.04.16 11:12:31 INFO  empty definition using pc, found symbol in pc:  (full report at: "/home/nullstarfish/personal-ysyx-workbench/ysyxSoC/.metals/.reports/metals-full/2026-04-16/r_empty-definition_(ysyxsoc)_11-12-31-076.md")[0m
2026.04.16 11:12:35 WARN  Could not find 'TransferSizes' using presentation compiler nor semanticdb. Trying to guess the definition using available information from local class context. [0m
2026.04.16 11:12:35 INFO  Created report: Optional[file:///home/nullstarfish/personal-ysyx-workbench/ysyxSoC/src/SoC.scala][0m
2026.04.16 11:12:35 INFO  empty definition using pc, found symbol in pc:  (full report at: "/home/nullstarfish/personal-ysyx-workbench/ysyxSoC/.metals/.reports/metals-full/2026-04-16/r_empty-definition_(ysyxsoc)_11-12-35-729.md")[0m
2026.04.16 11:12:35 INFO  Created report: Optional[file:///home/nullstarfish/personal-ysyx-workbench/ysyxSoC/src/SoC.scala][0m
2026.04.16 11:12:35 INFO  empty definition using pc, found symbol in pc:  (full report at: "/home/nullstarfish/personal-ysyx-workbench/ysyxSoC/.metals/.reports/metals-full/2026-04-16/r_empty-definition_(ysyxsoc)_11-12-35-927.md")[0m
2026.04.16 11:12:36 WARN  Could not find 'ChipLinkMaster' using presentation compiler nor semanticdb. Trying to guess the definition using available information from local class context. [0m
2026.04.16 11:12:36 INFO  Created report: Optional[file:///home/nullstarfish/personal-ysyx-workbench/ysyxSoC/src/SoC.scala][0m
2026.04.16 11:12:36 INFO  empty definition using pc, found symbol in pc:  (full report at: "/home/nullstarfish/personal-ysyx-workbench/ysyxSoC/.metals/.reports/metals-full/2026-04-16/r_empty-definition_(ysyxsoc)_11-12-36-022.md")[0m
2026.04.16 11:12:36 WARN  Could not find 'ExtBus' using presentation compiler nor semanticdb. Trying to guess the definition using available information from local class context. [0m
2026.04.16 11:12:36 INFO  Created report: Optional[file:///home/nullstarfish/personal-ysyx-workbench/ysyxSoC/src/SoC.scala][0m
2026.04.16 11:12:36 INFO  empty definition using pc, found symbol in pc:  (full report at: "/home/nullstarfish/personal-ysyx-workbench/ysyxSoC/.metals/.reports/metals-full/2026-04-16/r_empty-definition_(ysyxsoc)_11-12-36-044.md")[0m
2026.04.16 11:12:49 INFO  Created report: Optional[file:///home/nullstarfish/personal-ysyx-workbench/ysyxSoC/src/SoC.scala][0m
2026.04.16 11:12:49 INFO  empty definition using pc, found symbol in pc:  (full report at: "/home/nullstarfish/personal-ysyx-workbench/ysyxSoC/.metals/.reports/metals-full/2026-04-16/r_empty-definition_(ysyxsoc)_11-12-49-066.md")[0m
2026.04.16 11:12:49 INFO  Created report: Optional[file:///home/nullstarfish/personal-ysyx-workbench/ysyxSoC/src/SoC.scala][0m
2026.04.16 11:12:49 INFO  empty definition using pc, found symbol in pc:  (full report at: "/home/nullstarfish/personal-ysyx-workbench/ysyxSoC/.metals/.reports/metals-full/2026-04-16/r_empty-definition_(ysyxsoc)_11-12-50-050.md")[0m
2026.04.16 11:12:50 INFO  Created report: Optional[file:///home/nullstarfish/personal-ysyx-workbench/ysyxSoC/src/SoC.scala][0m
2026.04.16 11:12:50 INFO  empty definition using pc, found symbol in pc:  (full report at: "/home/nullstarfish/personal-ysyx-workbench/ysyxSoC/.metals/.reports/metals-full/2026-04-16/r_empty-definition_(ysyxsoc)_11-12-50-486.md")[0m
2026.04.16 11:12:50 INFO  Created report: Optional[file:///home/nullstarfish/personal-ysyx-workbench/ysyxSoC/src/SoC.scala][0m
2026.04.16 11:12:50 INFO  empty definition using pc, found symbol in pc:  (full report at: "/home/nullstarfish/personal-ysyx-workbench/ysyxSoC/.metals/.reports/metals-full/2026-04-16/r_empty-definition_(ysyxsoc)_11-12-50-751.md")[0m
2026.04.16 11:12:50 INFO  Created report: Optional[file:///home/nullstarfish/personal-ysyx-workbench/ysyxSoC/src/SoC.scala][0m
2026.04.16 11:12:50 INFO  empty definition using pc, found symbol in pc:  (full report at: "/home/nullstarfish/personal-ysyx-workbench/ysyxSoC/.metals/.reports/metals-full/2026-04-16/r_empty-definition_(ysyxsoc)_11-12-51-428.md")[0m
2026.04.16 11:12:50 INFO  Created report: Optional[file:///home/nullstarfish/personal-ysyx-workbench/ysyxSoC/src/SoC.scala][0m
2026.04.16 11:12:50 INFO  empty definition using pc, found symbol in pc: chisel3/chiselTypeOf. (full report at: "/home/nullstarfish/personal-ysyx-workbench/ysyxSoC/.metals/.reports/metals-full/2026-04-16/r_empty-definition_(ysyxsoc)_11-12-51-483.md")[0m
2026.04.16 11:12:51 INFO  empty definition using pc, found symbol in pc: chisel3/chiselTypeOf. (full report at: "/home/nullstarfish/personal-ysyx-workbench/ysyxSoC/.metals/.reports/metals-full/2026-04-16/r_empty-definition_(ysyxsoc)_11-12-51-483.md")[0m
2026.04.16 11:12:51 INFO  Created report: Optional[file:///home/nullstarfish/personal-ysyx-workbench/ysyxSoC/src/SoC.scala][0m
2026.04.16 11:12:51 INFO  empty definition using pc, found symbol in pc: chisel3/IO.apply(). (full report at: "/home/nullstarfish/personal-ysyx-workbench/ysyxSoC/.metals/.reports/metals-full/2026-04-16/r_empty-definition_(ysyxsoc)_11-12-51-861.md")[0m
2026.04.16 11:12:51 INFO  Created report: Optional[file:///home/nullstarfish/personal-ysyx-workbench/ysyxSoC/src/SoC.scala][0m
2026.04.16 11:12:51 INFO  empty definition using pc, found symbol in pc:  (full report at: "/home/nullstarfish/personal-ysyx-workbench/ysyxSoC/.metals/.reports/metals-full/2026-04-16/r_empty-definition_(ysyxsoc)_11-12-52-004.md")[0m
2026.04.16 11:12:53 INFO  empty definition using pc, found symbol in pc: chisel3/IO.apply(). (full report at: "/home/nullstarfish/personal-ysyx-workbench/ysyxSoC/.metals/.reports/metals-full/2026-04-16/r_empty-definition_(ysyxsoc)_11-12-51-861.md")[0m
2026.04.16 11:12:53 INFO  empty definition using pc, found symbol in pc: chisel3/chiselTypeOf. (full report at: "/home/nullstarfish/personal-ysyx-workbench/ysyxSoC/.metals/.reports/metals-full/2026-04-16/r_empty-definition_(ysyxsoc)_11-12-51-483.md")[0m
2026.04.16 11:12:53 INFO  empty definition using pc, found symbol in pc: chisel3/chiselTypeOf. (full report at: "/home/nullstarfish/personal-ysyx-workbench/ysyxSoC/.metals/.reports/metals-full/2026-04-16/r_empty-definition_(ysyxsoc)_11-12-51-483.md")[0m
2026.04.16 11:12:53 INFO  Created report: Optional[file:///home/nullstarfish/personal-ysyx-workbench/ysyxSoC/src/SoC.scala][0m
2026.04.16 11:12:53 INFO  empty definition using pc, found symbol in pc:  (full report at: "/home/nullstarfish/personal-ysyx-workbench/ysyxSoC/.metals/.reports/metals-full/2026-04-16/r_empty-definition_(ysyxsoc)_11-12-53-544.md")[0m
2026.04.16 11:12:53 INFO  Created report: Optional[file:///home/nullstarfish/personal-ysyx-workbench/ysyxSoC/src/SoC.scala][0m
2026.04.16 11:12:53 INFO  empty definition using pc, found symbol in pc:  (full report at: "/home/nullstarfish/personal-ysyx-workbench/ysyxSoC/.metals/.reports/metals-full/2026-04-16/r_empty-definition_(ysyxsoc)_11-12-53-950.md")[0m
2026.04.16 11:12:54 INFO  Created report: Optional[file:///home/nullstarfish/personal-ysyx-workbench/ysyxSoC/src/SoC.scala][0m
2026.04.16 11:12:54 INFO  empty definition using pc, found symbol in pc:  (full report at: "/home/nullstarfish/personal-ysyx-workbench/ysyxSoC/.metals/.reports/metals-full/2026-04-16/r_empty-definition_(ysyxsoc)_11-12-54-321.md")[0m
2026.04.16 11:12:54 INFO  Created report: Optional[file:///home/nullstarfish/personal-ysyx-workbench/ysyxSoC/src/SoC.scala][0m
2026.04.16 11:12:54 INFO  empty definition using pc, found symbol in pc:  (full report at: "/home/nullstarfish/personal-ysyx-workbench/ysyxSoC/.metals/.reports/metals-full/2026-04-16/r_empty-definition_(ysyxsoc)_11-12-54-324.md")[0m
2026.04.16 11:12:54 INFO  Created report: Optional[file:///home/nullstarfish/personal-ysyx-workbench/ysyxSoC/src/SoC.scala][0m
2026.04.16 11:12:54 INFO  empty definition using pc, found symbol in pc:  (full report at: "/home/nullstarfish/personal-ysyx-workbench/ysyxSoC/.metals/.reports/metals-full/2026-04-16/r_empty-definition_(ysyxsoc)_11-12-54-390.md")[0m
2026.04.16 11:12:56 INFO  Created report: Optional[file:///home/nullstarfish/personal-ysyx-workbench/ysyxSoC/src/SoC.scala][0m
2026.04.16 11:12:56 INFO  empty definition using pc, found symbol in pc:  (full report at: "/home/nullstarfish/personal-ysyx-workbench/ysyxSoC/.metals/.reports/metals-full/2026-04-16/r_empty-definition_(ysyxsoc)_11-12-56-696.md")[0m
Apr 16, 2026 11:13:05 AM org.eclipse.lsp4j.jsonrpc.RemoteEndpoint handleCancellation
WARNING: Unmatched cancel notification for request id 259
2026.04.16 11:13:08 WARN  7 deprecations[0m
2026.04.16 11:13:08 WARN  78 deprecations (since 2.13.0)[0m
2026.04.16 11:13:08 WARN  1 deprecation (since 2.13.7)[0m
2026.04.16 11:13:08 WARN  1 deprecation (since 9)[0m
2026.04.16 11:13:08 WARN  27 deprecations (since CDE 0.1)[0m
2026.04.16 11:13:08 WARN  10 deprecations (since diplomacy 1.0.0)[0m
2026.04.16 11:13:08 WARN  1 deprecation (since rocket-chip 1.2)[0m
2026.04.16 11:13:08 WARN  36 deprecations (since rocketchip 2.0.0)[0m
2026.04.16 11:13:08 WARN  161 deprecations in total; re-run with -deprecation for details[0m
2026.04.16 11:13:08 WARN  20 feature warnings; re-run with -feature for details[0m
2026.04.16 11:13:10 INFO  compiling ysyxsoc (37 scala sources)[0m
2026.04.16 11:13:10 INFO  time: compiled rocketchip in 59s[0m
2026.04.16 11:13:17 WARN  1 deprecation (since 2.13.0)[0m
2026.04.16 11:13:17 WARN  1 deprecation (since 2.13.3)[0m
2026.04.16 11:13:17 WARN  90 deprecations (since rocketchip 2.0.0)[0m
2026.04.16 11:13:17 WARN  92 deprecations in total; re-run with -deprecation for details[0m
2026.04.16 11:13:17 INFO  time: compiled ysyxsoc in 7.72s[0m
Apr 16, 2026 11:16:58 AM org.eclipse.lsp4j.jsonrpc.RemoteEndpoint handleCancellation
WARNING: Unmatched cancel notification for request id 497
Apr 16, 2026 11:17:00 AM org.eclipse.lsp4j.jsonrpc.RemoteEndpoint handleCancellation
WARNING: Unmatched cancel notification for request id 542
2026.04.16 11:17:05 WARN  Could not find semantic tokens for: file:///home/nullstarfish/personal-ysyx-workbench/ysyxSoC/src/device/GPIO.scala[0m
2026.04.16 11:17:11 WARN  Could not find semantic tokens for: file:///home/nullstarfish/personal-ysyx-workbench/ysyxSoC/src/device/GPIO.scala[0m
2026.04.16 11:22:29 WARN  Could not find semantic tokens for: file:///home/nullstarfish/personal-ysyx-workbench/ysyxSoC/src/device/GPIO.scala[0m
2026.04.16 11:22:52 INFO  compiling ysyxsoc (1 scala source)[0m
2026.04.16 11:22:54 WARN  2 deprecations (since rocketchip 2.0.0); re-run with -deprecation for details[0m
2026.04.16 11:22:54 INFO  time: compiled ysyxsoc in 2.59s[0m
Apr 16, 2026 11:26:23 AM org.eclipse.lsp4j.jsonrpc.RemoteEndpoint handleCancellation
WARNING: Unmatched cancel notification for request id 1225
Apr 16, 2026 11:26:34 AM org.eclipse.lsp4j.jsonrpc.RemoteEndpoint handleCancellation
WARNING: Unmatched cancel notification for request id 1379
2026.04.16 11:27:09 INFO  compiling ysyxsoc (1 scala source)[0m
2026.04.16 11:27:11 WARN  2 deprecations (since rocketchip 2.0.0); re-run with -deprecation for details[0m
2026.04.16 11:27:11 INFO  time: compiled ysyxsoc in 2.69s[0m
Apr 16, 2026 11:27:46 AM org.eclipse.lsp4j.jsonrpc.RemoteEndpoint handleCancellation
WARNING: Unmatched cancel notification for request id 2017
Apr 16, 2026 11:29:20 AM org.eclipse.lsp4j.jsonrpc.RemoteEndpoint handleCancellation
WARNING: Unmatched cancel notification for request id 2194
2026.04.16 11:29:22 WARN  Could not find semantic tokens for: file:///home/nullstarfish/personal-ysyx-workbench/ysyxSoC/src/device/GPIO.scala[0m
2026.04.16 11:29:27 WARN  Could not find semantic tokens for: file:///home/nullstarfish/personal-ysyx-workbench/ysyxSoC/src/device/GPIO.scala[0m
Apr 16, 2026 11:30:22 AM scala.meta.internal.pc.CompletionItemResolver fullDocstring
WARNING: Error getting docstring for value apbState
java.lang.IndexOutOfBoundsException: -1 is out of bounds (min 0, max 2)
	at scala.collection.mutable.ArrayBuffer.apply(ArrayBuffer.scala:102)
	at scala.reflect.internal.Types$Type.findMemberInternal$1(Types.scala:1030)
	at scala.reflect.internal.Types$Type.findMember(Types.scala:1035)
	at scala.reflect.internal.Types$Type.memberBasedOnName(Types.scala:661)
	at scala.reflect.internal.Types$Type.nonLocalMember(Types.scala:652)
	at scala.tools.nsc.typechecker.Contexts$ImportInfo.importedSelectedSymbol(Contexts.scala:1944)
	at scala.tools.nsc.typechecker.Contexts$SymbolLookup.apply(Contexts.scala:1530)
	at scala.tools.nsc.typechecker.Contexts$Context.lookupSymbol(Contexts.scala:1282)
	at scala.tools.nsc.typechecker.Typers$Typer.typedIdent$2(Typers.scala:5663)
	at scala.tools.nsc.typechecker.Typers$Typer.typedIdentOrWildcard$1(Typers.scala:5732)
	at scala.tools.nsc.typechecker.Typers$Typer.typed1(Typers.scala:6203)
	at scala.tools.nsc.typechecker.Typers$Typer.typed(Typers.scala:6261)
	at scala.tools.nsc.typechecker.Typers$Typer.typedSelectOrSuperCall$1(Typers.scala:6359)
	at scala.tools.nsc.typechecker.Typers$Typer.typed1(Typers.scala:6206)
	at scala.tools.nsc.typechecker.Typers$Typer.typed(Typers.scala:6261)
	at scala.tools.nsc.typechecker.Typers$Typer.$anonfun$typed1$41(Typers.scala:5233)
	at scala.tools.nsc.typechecker.Typers$Typer.silent(Typers.scala:713)
	at scala.tools.nsc.typechecker.Typers$Typer.normalTypedApply$1(Typers.scala:5235)
	at scala.tools.nsc.typechecker.Typers$Typer.typedApply$1(Typers.scala:5267)
	at scala.tools.nsc.typechecker.Typers$Typer.typed1(Typers.scala:6205)
	at scala.tools.nsc.typechecker.Typers$Typer.typed(Typers.scala:6261)
	at scala.tools.nsc.typechecker.Typers$Typer.typedArg(Typers.scala:3557)
	at scala.tools.nsc.typechecker.Typers$Typer.handlePolymorphicCall$1(Typers.scala:3961)
	at scala.tools.nsc.typechecker.Typers$Typer.doTypedApply(Typers.scala:3980)
	at scala.tools.nsc.typechecker.Typers$Typer.$anonfun$typed1$28(Typers.scala:5166)
	at scala.tools.nsc.typechecker.Typers$Typer.silent(Typers.scala:713)
	at scala.tools.nsc.typechecker.Typers$Typer.tryTypedApply$1(Typers.scala:5166)
	at scala.tools.nsc.typechecker.Typers$Typer.normalTypedApply$1(Typers.scala:5254)
	at scala.tools.nsc.typechecker.Typers$Typer.typedApply$1(Typers.scala:5267)
	at scala.tools.nsc.typechecker.Typers$Typer.typed1(Typers.scala:6205)
	at scala.tools.nsc.typechecker.Typers$Typer.typed(Typers.scala:6261)
	at scala.tools.nsc.typechecker.Typers$Typer.computeType(Typers.scala:6350)
	at scala.tools.nsc.typechecker.Namers$Namer.assignTypeToTree(Namers.scala:1105)
	at scala.tools.nsc.typechecker.Namers$Namer.inferredValTpt$1(Namers.scala:1752)
	at scala.tools.nsc.typechecker.Namers$Namer.valDefSig(Namers.scala:1765)
	at scala.tools.nsc.typechecker.Namers$Namer.memberSig(Namers.scala:1953)
	at scala.tools.nsc.typechecker.Namers$Namer.typeSig(Namers.scala:1903)
	at scala.tools.nsc.typechecker.Namers$Namer$ValTypeCompleter.completeImpl(Namers.scala:918)
	at scala.tools.nsc.typechecker.Namers$Namer$AccessorTypeCompleter.completeImpl(Namers.scala:942)
	at scala.tools.nsc.typechecker.Namers$LockingTypeCompleter.complete(Namers.scala:2100)
	at scala.tools.nsc.typechecker.Namers$LockingTypeCompleter.complete$(Namers.scala:2098)
	at scala.tools.nsc.typechecker.Namers$TypeCompleterBase.complete(Namers.scala:2093)
	at scala.reflect.internal.Symbols$Symbol.completeInfo(Symbols.scala:1566)
	at scala.reflect.internal.Symbols$Symbol.info(Symbols.scala:1538)
	at scala.meta.internal.pc.CompletionItemResolver.fullDocstring(CompletionItemResolver.scala:71)
	at scala.meta.internal.pc.CompletionItemResolver.$anonfun$handleSymbol$2(CompletionItemResolver.scala:43)
	at scala.meta.internal.pc.ItemResolver.enrichDocs(ItemResolver.scala:75)
	at scala.meta.internal.pc.ItemResolver.enrichDocs$(ItemResolver.scala:14)
	at scala.meta.internal.pc.CompletionItemResolver.enrichDocs(CompletionItemResolver.scala:12)
	at scala.meta.internal.pc.CompletionItemResolver.handleSymbol(CompletionItemResolver.scala:44)
	at scala.meta.internal.pc.CompletionItemResolver.resolve(CompletionItemResolver.scala:28)
	at scala.meta.internal.pc.ScalaPresentationCompiler.$anonfun$completionItemResolve$1(ScalaPresentationCompiler.scala:421)
	at scala.meta.internal.pc.CompilerAccess.withSharedCompiler(CompilerAccess.scala:148)
	at scala.meta.internal.pc.ScalaPresentationCompiler.completionItemResolve(ScalaPresentationCompiler.scala:422)
	at scala.meta.internal.metals.Compilers.$anonfun$completionItemResolve$2(Compilers.scala:418)
	at scala.Option.map(Option.scala:242)
	at scala.meta.internal.metals.Compilers.$anonfun$completionItemResolve$1(Compilers.scala:417)
	at scala.Option.flatMap(Option.scala:283)
	at scala.meta.internal.metals.Compilers.completionItemResolve(Compilers.scala:416)
	at scala.meta.internal.metals.MetalsLspService.$anonfun$completionItemResolve$1(MetalsLspService.scala:1200)
	at scala.meta.internal.metals.CancelTokens$.future(CancelTokens.scala:38)
	at scala.meta.internal.metals.MetalsLspService.completionItemResolve(MetalsLspService.scala:1198)
	at scala.meta.internal.metals.WorkspaceLspService.$anonfun$completionItemResolve$1(WorkspaceLspService.scala:615)
	at scala.Option.map(Option.scala:242)
	at scala.meta.internal.metals.WorkspaceLspService.completionItemResolve(WorkspaceLspService.scala:615)
	at scala.meta.metals.lsp.DelegatingScalaService.completionItemResolve(DelegatingScalaService.scala:149)
	at java.base/jdk.internal.reflect.DirectMethodHandleAccessor.invoke(DirectMethodHandleAccessor.java:103)
	at java.base/java.lang.reflect.Method.invoke(Method.java:580)
	at org.eclipse.lsp4j.jsonrpc.services.GenericEndpoint.lambda$recursiveFindRpcMethods$0(GenericEndpoint.java:65)
	at org.eclipse.lsp4j.jsonrpc.services.GenericEndpoint.request(GenericEndpoint.java:128)
	at org.eclipse.lsp4j.jsonrpc.RemoteEndpoint.handleRequest(RemoteEndpoint.java:265)
	at org.eclipse.lsp4j.jsonrpc.RemoteEndpoint.consume(RemoteEndpoint.java:195)
	at org.eclipse.lsp4j.jsonrpc.json.StreamMessageProducer.handleMessage(StreamMessageProducer.java:189)
	at org.eclipse.lsp4j.jsonrpc.json.StreamMessageProducer.listen(StreamMessageProducer.java:97)
	at org.eclipse.lsp4j.jsonrpc.json.ConcurrentMessageProcessor.run(ConcurrentMessageProcessor.java:97)
	at java.base/java.util.concurrent.Executors$RunnableAdapter.call(Executors.java:572)
	at java.base/java.util.concurrent.FutureTask.run(FutureTask.java:317)
	at java.base/java.util.concurrent.ThreadPoolExecutor.runWorker(ThreadPoolExecutor.java:1144)
	at java.base/java.util.concurrent.ThreadPoolExecutor$Worker.run(ThreadPoolExecutor.java:642)
	at java.base/java.lang.Thread.run(Thread.java:1583)

2026.04.16 11:30:22 INFO  Created report: Optional[file:///home/nullstarfish/personal-ysyx-workbench/ysyxSoC/src/device/GPIO.scala][0m
2026.04.16 11:30:22 INFO  java.lang.IndexOutOfBoundsException: -1 is out of bounds (min 0, max 2) (full report at: "/home/nullstarfish/personal-ysyx-workbench/ysyxSoC/.metals/.reports/metals-full/2026-04-16/r_compiler-error_(ysyxsoc)_11-30-22-498.md")[0m
Apr 16, 2026 11:30:32 AM org.eclipse.lsp4j.jsonrpc.RemoteEndpoint handleCancellation
WARNING: Unmatched cancel notification for request id 3002
2026.04.16 11:30:49 WARN  Could not find semantic tokens for: file:///home/nullstarfish/personal-ysyx-workbench/ysyxSoC/src/device/GPIO.scala[0m
Apr 16, 2026 11:30:50 AM org.eclipse.lsp4j.jsonrpc.RemoteEndpoint handleCancellation
WARNING: Unmatched cancel notification for request id 3218
Apr 16, 2026 11:30:50 AM org.eclipse.lsp4j.jsonrpc.RemoteEndpoint handleCancellation
WARNING: Unmatched cancel notification for request id 3225
Apr 16, 2026 11:30:53 AM org.eclipse.lsp4j.jsonrpc.RemoteEndpoint handleCancellation
WARNING: Unmatched cancel notification for request id 3267
Apr 16, 2026 11:30:53 AM org.eclipse.lsp4j.jsonrpc.RemoteEndpoint handleCancellation
WARNING: Unmatched cancel notification for request id 3281
Apr 16, 2026 11:33:49 AM org.eclipse.lsp4j.jsonrpc.RemoteEndpoint handleCancellation
WARNING: Unmatched cancel notification for request id 3376
Apr 16, 2026 11:34:22 AM org.eclipse.lsp4j.jsonrpc.RemoteEndpoint handleCancellation
WARNING: Unmatched cancel notification for request id 3799
2026.04.16 11:34:29 WARN  Could not find semantic tokens for: file:///home/nullstarfish/personal-ysyx-workbench/ysyxSoC/src/device/GPIO.scala[0m
Apr 16, 2026 11:34:32 AM org.eclipse.lsp4j.jsonrpc.RemoteEndpoint handleCancellation
WARNING: Unmatched cancel notification for request id 3982
Apr 16, 2026 11:34:48 AM org.eclipse.lsp4j.jsonrpc.RemoteEndpoint handleCancellation
WARNING: Unmatched cancel notification for request id 4204
Apr 16, 2026 11:34:48 AM org.eclipse.lsp4j.jsonrpc.RemoteEndpoint handleCancellation
WARNING: Unmatched cancel notification for request id 4205
2026.04.16 11:35:01 INFO  Created report: Optional[file:///home/nullstarfish/personal-ysyx-workbench/ysyxSoC/src/device/GPIO.scala][0m
2026.04.16 11:35:01 INFO  java.lang.IndexOutOfBoundsException: -1 is out of bounds (min 0, max 2) (full report at: "/home/nullstarfish/personal-ysyx-workbench/ysyxSoC/.metals/.reports/metals-full/2026-04-16/r_compiler-error_(ysyxsoc)_11-35-01-881.md")[0m
2026.04.16 11:35:06 WARN  Could not find semantic tokens for: file:///home/nullstarfish/personal-ysyx-workbench/ysyxSoC/src/device/GPIO.scala[0m
Apr 16, 2026 11:35:13 AM org.eclipse.lsp4j.jsonrpc.RemoteEndpoint handleCancellation
WARNING: Unmatched cancel notification for request id 4611
Apr 16, 2026 11:36:03 AM org.eclipse.lsp4j.jsonrpc.RemoteEndpoint handleCancellation
WARNING: Unmatched cancel notification for request id 4927
Apr 16, 2026 11:36:37 AM org.eclipse.lsp4j.jsonrpc.RemoteEndpoint handleCancellation
WARNING: Unmatched cancel notification for request id 5095
2026.04.16 11:36:37 WARN  Could not find semantic tokens for: file:///home/nullstarfish/personal-ysyx-workbench/ysyxSoC/src/device/GPIO.scala[0m
Apr 16, 2026 11:37:43 AM org.eclipse.lsp4j.jsonrpc.RemoteEndpoint handleCancellation
WARNING: Unmatched cancel notification for request id 5387
2026.04.16 11:37:43 WARN  Could not find semantic tokens for: file:///home/nullstarfish/personal-ysyx-workbench/ysyxSoC/src/device/GPIO.scala[0m
2026.04.16 11:38:13 WARN  Could not find semantic tokens for: file:///home/nullstarfish/personal-ysyx-workbench/ysyxSoC/src/device/GPIO.scala[0m
Apr 16, 2026 11:39:00 AM org.eclipse.lsp4j.jsonrpc.RemoteEndpoint handleCancellation
WARNING: Unmatched cancel notification for request id 6068
2026.04.16 11:39:12 WARN  Could not find semantic tokens for: file:///home/nullstarfish/personal-ysyx-workbench/ysyxSoC/src/device/GPIO.scala[0m
Apr 16, 2026 11:40:15 AM org.eclipse.lsp4j.jsonrpc.RemoteEndpoint handleCancellation
WARNING: Unmatched cancel notification for request id 6479
2026.04.16 11:41:07 INFO  compiling ysyxsoc (1 scala source)[0m
2026.04.16 11:41:07 INFO  time: compiled ysyxsoc in 0.31s[0m
2026.04.16 11:41:13 INFO  compiling ysyxsoc (1 scala source)[0m
2026.04.16 11:41:13 INFO  time: compiled ysyxsoc in 0.6s[0m
Apr 16, 2026 11:41:26 AM scala.meta.internal.pc.CompilerAccess retryWithCleanCompiler
INFO: compiler crashed due to an error in the Scala compiler, retrying with new compiler instance.
Apr 16, 2026 11:41:26 AM scala.meta.internal.pc.CompilerAccess retryWithCleanCompiler
INFO: compiler crashed due to an error in the Scala compiler, retrying with new compiler instance.
Apr 16, 2026 11:41:27 AM scala.meta.internal.pc.CompilerAccess retryWithCleanCompiler
INFO: compiler crashed due to an error in the Scala compiler, retrying with new compiler instance.
2026.04.16 11:41:27 INFO  Created report: Optional[file:///home/nullstarfish/personal-ysyx-workbench/ysyxSoC/src/device/GPIO.scala][0m
2026.04.16 11:41:27 INFO  scala.reflect.internal.Types$TypeError: illegal cyclic reference involving object Predef (full report at: "/home/nullstarfish/personal-ysyx-workbench/ysyxSoC/.metals/.reports/metals-full/2026-04-16/r_compiler-error_(ysyxsoc)_11-41-27-590.md")[0m
Apr 16, 2026 11:41:27 AM org.eclipse.lsp4j.jsonrpc.RemoteEndpoint handleCancellation
WARNING: Unmatched cancel notification for request id 6985
Apr 16, 2026 11:41:29 AM scala.meta.internal.pc.CompilerAccess retryWithCleanCompiler
INFO: compiler crashed due to an error in the Scala compiler, retrying with new compiler instance.
2026.04.16 11:41:29 INFO  compiling ysyxsoc (1 scala source)[0m
2026.04.16 11:41:29 INFO  time: compiled ysyxsoc in 0.36s[0m
2026.04.16 11:41:45 INFO  compiling ysyxsoc (1 scala source)[0m
2026.04.16 11:41:45 INFO  time: compiled ysyxsoc in 0.3s[0m
2026.04.16 11:41:51 INFO  compiling ysyxsoc (1 scala source)[0m
2026.04.16 11:41:51 INFO  time: compiled ysyxsoc in 0.23s[0m
Apr 16, 2026 11:43:19 AM org.eclipse.lsp4j.jsonrpc.RemoteEndpoint handleCancellation
WARNING: Unmatched cancel notification for request id 7573
Apr 16, 2026 11:43:21 AM org.eclipse.lsp4j.jsonrpc.RemoteEndpoint handleCancellation
WARNING: Unmatched cancel notification for request id 7634
2026.04.16 11:43:59 INFO  compiling ysyxsoc (1 scala source)[0m
2026.04.16 11:43:59 INFO  time: compiled ysyxsoc in 0.32s[0m
2026.04.16 11:45:32 INFO  compiling ysyxsoc (1 scala source)[0m
2026.04.16 11:45:32 INFO  time: compiled ysyxsoc in 0.2s[0m
2026.04.16 11:46:00 INFO  compiling ysyxsoc (1 scala source)[0m
2026.04.16 11:46:00 INFO  time: compiled ysyxsoc in 0.17s[0m
2026.04.16 11:46:16 WARN  Could not find semantic tokens for: file:///home/nullstarfish/personal-ysyx-workbench/ysyxSoC/src/device/GPIO.scala[0m
2026.04.16 11:46:35 INFO  compiling ysyxsoc (1 scala source)[0m
2026.04.16 11:46:35 INFO  time: compiled ysyxsoc in 0.16s[0m
Apr 16, 2026 11:46:42 AM org.eclipse.lsp4j.jsonrpc.RemoteEndpoint handleCancellation
WARNING: Unmatched cancel notification for request id 8664
2026.04.16 11:46:56 WARN  Could not find semantic tokens for: file:///home/nullstarfish/personal-ysyx-workbench/ysyxSoC/src/device/GPIO.scala[0m
2026.04.16 11:46:58 INFO  compiling ysyxsoc (1 scala source)[0m
2026.04.16 11:46:58 INFO  time: compiled ysyxsoc in 0.53s[0m
2026.04.16 11:48:09 INFO  compiling ysyxsoc (1 scala source)[0m
2026.04.16 11:48:09 INFO  time: compiled ysyxsoc in 0.37s[0m
2026.04.16 11:48:15 INFO  compiling ysyxsoc (1 scala source)[0m
2026.04.16 11:48:15 INFO  time: compiled ysyxsoc in 0.27s[0m
2026.04.16 11:48:24 INFO  compiling ysyxsoc (1 scala source)[0m
2026.04.16 11:48:24 INFO  time: compiled ysyxsoc in 0.25s[0m
Apr 16, 2026 11:49:22 AM org.eclipse.lsp4j.jsonrpc.RemoteEndpoint handleCancellation
WARNING: Unmatched cancel notification for request id 9498
Apr 16, 2026 11:49:22 AM org.eclipse.lsp4j.jsonrpc.RemoteEndpoint handleCancellation
WARNING: Unmatched cancel notification for request id 9497
Apr 16, 2026 11:49:47 AM org.eclipse.lsp4j.jsonrpc.RemoteEndpoint handleCancellation
WARNING: Unmatched cancel notification for request id 9727
2026.04.16 11:49:58 WARN  Could not find semantic tokens for: file:///home/nullstarfish/personal-ysyx-workbench/ysyxSoC/src/device/GPIO.scala[0m
2026.04.16 11:50:02 WARN  Could not find semantic tokens for: file:///home/nullstarfish/personal-ysyx-workbench/ysyxSoC/src/device/GPIO.scala[0m
Apr 16, 2026 11:50:08 AM org.eclipse.lsp4j.jsonrpc.RemoteEndpoint handleCancellation
WARNING: Unmatched cancel notification for request id 9915
Apr 16, 2026 11:50:18 AM org.eclipse.lsp4j.jsonrpc.RemoteEndpoint handleCancellation
WARNING: Unmatched cancel notification for request id 10068
Apr 16, 2026 11:51:09 AM org.eclipse.lsp4j.jsonrpc.RemoteEndpoint handleCancellation
WARNING: Unmatched cancel notification for request id 10295
2026.04.16 11:52:13 INFO  compiling ysyxsoc (1 scala source)[0m
2026.04.16 11:52:13 INFO  time: compiled ysyxsoc in 0.15s[0m
Apr 16, 2026 11:54:25 AM org.eclipse.lsp4j.jsonrpc.RemoteEndpoint handleCancellation
WARNING: Unmatched cancel notification for request id 10478
2026.04.16 11:56:47 INFO  compiling ysyxsoc (1 scala source)[0m
2026.04.16 11:56:47 INFO  time: compiled ysyxsoc in 0.16s[0m
Apr 16, 2026 11:57:01 AM org.eclipse.lsp4j.jsonrpc.RemoteEndpoint handleCancellation
WARNING: Unmatched cancel notification for request id 11120
2026.04.16 11:57:14 WARN  Could not find semantic tokens for: file:///home/nullstarfish/personal-ysyx-workbench/ysyxSoC/src/device/GPIO.scala[0m
Apr 16, 2026 11:57:30 AM org.eclipse.lsp4j.jsonrpc.RemoteEndpoint handleCancellation
WARNING: Unmatched cancel notification for request id 11350
Apr 16, 2026 11:57:35 AM org.eclipse.lsp4j.jsonrpc.RemoteEndpoint handleCancellation
WARNING: Unmatched cancel notification for request id 11427
2026.04.16 11:57:39 WARN  Could not find semantic tokens for: file:///home/nullstarfish/personal-ysyx-workbench/ysyxSoC/src/device/GPIO.scala[0m
2026.04.16 11:57:42 WARN  Could not find semantic tokens for: file:///home/nullstarfish/personal-ysyx-workbench/ysyxSoC/src/device/GPIO.scala[0m
2026.04.16 11:58:33 INFO  compiling ysyxsoc (1 scala source)[0m
2026.04.16 11:58:33 INFO  time: compiled ysyxsoc in 0.16s[0m
2026.04.16 12:00:44 INFO  compiling ysyxsoc (1 scala source)[0m
2026.04.16 12:00:44 INFO  time: compiled ysyxsoc in 0.35s[0m
2026.04.16 12:00:50 INFO  compiling ysyxsoc (1 scala source)[0m
2026.04.16 12:00:50 INFO  time: compiled ysyxsoc in 0.24s[0m
2026.04.16 12:01:18 INFO  compiling ysyxsoc (1 scala source)[0m
2026.04.16 12:01:18 INFO  time: compiled ysyxsoc in 0.2s[0m
2026.04.16 12:01:59 INFO  compiling ysyxsoc (1 scala source)[0m
2026.04.16 12:01:59 INFO  time: compiled ysyxsoc in 0.33s[0m
Apr 16, 2026 12:02:18 PM org.eclipse.lsp4j.jsonrpc.RemoteEndpoint handleCancellation
WARNING: Unmatched cancel notification for request id 12254
2026.04.16 12:04:55 INFO  compiling ysyxsoc (1 scala source)[0m
2026.04.16 12:04:57 WARN  2 deprecations (since rocketchip 2.0.0); re-run with -deprecation for details[0m
2026.04.16 12:04:57 INFO  time: compiled ysyxsoc in 2.97s[0m
2026.04.16 12:15:39 INFO  compiling ysyxsoc (1 scala source)[0m
2026.04.16 12:15:42 WARN  2 deprecations (since rocketchip 2.0.0); re-run with -deprecation for details[0m
2026.04.16 12:15:42 INFO  time: compiled ysyxsoc in 3.43s[0m
2026.04.16 12:18:21 INFO  compiling ysyxsoc (1 scala source)[0m
2026.04.16 12:18:24 WARN  2 deprecations (since rocketchip 2.0.0); re-run with -deprecation for details[0m
2026.04.16 12:18:24 INFO  time: compiled ysyxsoc in 3.3s[0m
2026.04.17 15:33:02 INFO  tracing is disabled for protocol LSP, to enable tracing of incoming and outgoing JSON messages create an empty file at /home/nullstarfish/personal-ysyx-workbench/ysyxSoC/.metals/lsp.trace.json[0m
2026.04.17 15:33:03 INFO  logging to files /home/nullstarfish/personal-ysyx-workbench/ysyxSoC/.metals/metals.log[0m
2026.04.17 15:33:03 INFO  Started: Metals version 1.6.7 in folders '/home/nullstarfish/personal-ysyx-workbench/ysyxSoC' for client Visual Studio Code 1.115.0.[0m
2026.04.17 15:33:03 INFO  Memory monitor started[0m
2026.04.17 15:33:03 WARN  Using H2 2.4.240 which is newer than the version Flyway has been verified with. The latest verified version of H2 is 2.3.232.[0m
2026.04.17 15:33:04 INFO  no build target found for /home/nullstarfish/personal-ysyx-workbench/ysyxSoC/src/device/GPIO.scala. Using presentation compiler with project's scala-library version: 3.3.7[0m
2026.04.17 15:33:04 INFO  Attempting to connect to the build server...[0m
2026.04.17 15:33:04 INFO  No running Bloop server found, starting one.[0m
2026.04.17 15:33:05 INFO  Starting compilation server[0m
2026.04.17 15:33:05 INFO  no build target found for /home/nullstarfish/personal-ysyx-workbench/ysyxSoC/rocket-chip/src/main/scala/amba/apb/Bundles.scala. Using presentation compiler with project's scala-library version: 3.3.7[0m
2026.04.17 15:33:05 INFO  no build target found for /home/nullstarfish/personal-ysyx-workbench/ysyxSoC/rocket-chip/src/main/scala/amba/apb/Bundles.scala. Using presentation compiler with project's scala-library version: 3.3.7[0m
2026.04.17 15:33:06 INFO  no build target found for /home/nullstarfish/personal-ysyx-workbench/ysyxSoC/src/device/GPIO.scala. Using presentation compiler with project's scala-library version: 3.3.7[0m
2026.04.17 15:33:07 INFO  tracing is disabled for protocol BSP, to enable tracing of incoming and outgoing JSON messages create an empty file at /home/nullstarfish/personal-ysyx-workbench/ysyxSoC/.metals/bsp.trace.json[0m
2026.04.17 15:33:14 INFO  time: Connected to build server in 9.39s[0m
2026.04.17 15:33:14 INFO  Connected to Build server: Bloop v2.0.19[0m
2026.04.17 15:33:14 INFO  time: Imported build in 0.17s[0m
2026.04.17 15:33:14 WARN  2.13.14 is no longer supported in the current Metals versions, using the last known supported version 1.6.3[0m
2026.04.17 15:33:17 INFO  Created report: Optional[file:///home/nullstarfish/personal-ysyx-workbench/ysyxSoC/file:/home/nullstarfish/personal-ysyx-workbench/ysyxSoC/rocket-chip/src/main/scala/prci/ClockDomain.scala][0m
2026.04.17 15:33:17 INFO  expected identifier; obtained this (full report at: "/home/nullstarfish/personal-ysyx-workbench/ysyxSoC/.metals/.reports/metals/2026-04-17/r_scala-toplevel-mtags_15-33-17-123.md")[0m
2026.04.17 15:33:17 WARN  Could not find java sources in /usr/lib/jvm/src.zip, /usr/lib/jvm/lib/src.zip, /usr/lib/jvm/java-21-openjdk-amd64/src.zip, /usr/lib/jvm/java-21-openjdk-amd64/lib/src.zip. Java symbols will not be available.[0m
2026.04.17 15:33:17 WARN  unexpected dependency with absolute path: /home/nullstarfish/.cache/coursier/v1/https/repo1.maven.org/maven2/io/github/alexarchambault/data-class_2.13/0.2.6/data-class_2.13-0.2.6-sources.jar[0m
2026.04.17 15:33:17 WARN  unexpected dependency with absolute path: /home/nullstarfish/.cache/coursier/v1/https/repo1.maven.org/maven2/com/lihaoyi/upack_2.13/3.3.0/upack_2.13-3.3.0-sources.jar[0m
2026.04.17 15:33:17 WARN  unexpected dependency with absolute path: /home/nullstarfish/.cache/coursier/v1/https/repo1.maven.org/maven2/org/scala-lang/scala-reflect/2.13.14/scala-reflect-2.13.14-sources.jar[0m
2026.04.17 15:33:17 WARN  unexpected dependency with absolute path: /home/nullstarfish/.cache/coursier/v1/https/repo1.maven.org/maven2/com/lihaoyi/os-lib_2.13/0.10.0/os-lib_2.13-0.10.0-sources.jar[0m
2026.04.17 15:33:17 WARN  unexpected dependency with absolute path: /home/nullstarfish/.cache/coursier/v1/https/repo1.maven.org/maven2/org/apache/commons/commons-lang3/3.14.0/commons-lang3-3.14.0-sources.jar[0m
2026.04.17 15:33:17 WARN  unexpected dependency with absolute path: /home/nullstarfish/.cache/coursier/v1/https/repo1.maven.org/maven2/com/lihaoyi/geny_2.13/1.1.0/geny_2.13-1.1.0-sources.jar[0m
2026.04.17 15:33:17 WARN  unexpected dependency with absolute path: /home/nullstarfish/.cache/coursier/v1/https/repo1.maven.org/maven2/com/lihaoyi/ujson_2.13/3.3.0/ujson_2.13-3.3.0-sources.jar[0m
2026.04.17 15:33:17 WARN  unexpected dependency with absolute path: /home/nullstarfish/.cache/coursier/v1/https/repo1.maven.org/maven2/org/chipsalliance/chisel_2.13/7.0.0-M2/chisel_2.13-7.0.0-M2-sources.jar[0m
2026.04.17 15:33:17 WARN  unexpected dependency with absolute path: /home/nullstarfish/.cache/coursier/v1/https/repo1.maven.org/maven2/org/apache/commons/commons-text/1.12.0/commons-text-1.12.0-sources.jar[0m
2026.04.17 15:33:17 WARN  unexpected dependency with absolute path: /home/nullstarfish/.cache/coursier/v1/https/repo1.maven.org/maven2/com/lihaoyi/upickle_2.13/3.3.0/upickle_2.13-3.3.0-sources.jar[0m
2026.04.17 15:33:17 WARN  unexpected dependency with absolute path: /home/nullstarfish/.cache/coursier/v1/https/repo1.maven.org/maven2/org/chipsalliance/firtool-resolver_2.13/2.0.0/firtool-resolver_2.13-2.0.0-sources.jar[0m
2026.04.17 15:33:17 WARN  unexpected dependency with absolute path: /home/nullstarfish/.cache/coursier/v1/https/repo1.maven.org/maven2/org/scala-lang/scala-library/2.13.14/scala-library-2.13.14-sources.jar[0m
2026.04.17 15:33:17 WARN  unexpected dependency with absolute path: /home/nullstarfish/.cache/coursier/v1/https/repo1.maven.org/maven2/com/lihaoyi/upickle-implicits_2.13/3.3.0/upickle-implicits_2.13-3.3.0-sources.jar[0m
2026.04.17 15:33:17 WARN  unexpected dependency with absolute path: /home/nullstarfish/.cache/coursier/v1/https/repo1.maven.org/maven2/org/scala-lang/modules/scala-parallel-collections_2.13/1.0.4/scala-parallel-collections_2.13-1.0.4-sources.jar[0m
2026.04.17 15:33:17 WARN  unexpected dependency with absolute path: /home/nullstarfish/.cache/coursier/v1/https/repo1.maven.org/maven2/com/lihaoyi/upickle-core_2.13/3.3.0/upickle-core_2.13-3.3.0-sources.jar[0m
2026.04.17 15:33:17 WARN  unexpected dependency with absolute path: /home/nullstarfish/.cache/coursier/v1/https/repo1.maven.org/maven2/com/lihaoyi/mainargs_2.13/0.5.4/mainargs_2.13-0.5.4-sources.jar[0m
2026.04.17 15:33:17 WARN  unexpected dependency with absolute path: /home/nullstarfish/.cache/coursier/v1/https/repo1.maven.org/maven2/com/fasterxml/jackson/core/jackson-databind/2.12.7/jackson-databind-2.12.7-sources.jar[0m
2026.04.17 15:33:17 WARN  unexpected dependency with absolute path: /home/nullstarfish/.cache/coursier/v1/https/repo1.maven.org/maven2/com/lihaoyi/sourcecode_2.13/0.3.1/sourcecode_2.13-0.3.1-sources.jar[0m
2026.04.17 15:33:17 WARN  unexpected dependency with absolute path: /home/nullstarfish/.cache/coursier/v1/https/repo1.maven.org/maven2/org/json4s/json4s-jackson-core_2.13/4.0.6/json4s-jackson-core_2.13-4.0.6-sources.jar[0m
2026.04.17 15:33:17 WARN  unexpected dependency with absolute path: /home/nullstarfish/.cache/coursier/v1/https/repo1.maven.org/maven2/com/fasterxml/jackson/core/jackson-core/2.12.7/jackson-core-2.12.7-sources.jar[0m
2026.04.17 15:33:17 WARN  unexpected dependency with absolute path: /home/nullstarfish/.cache/coursier/v1/https/repo1.maven.org/maven2/org/json4s/json4s-jackson_2.13/4.0.6/json4s-jackson_2.13-4.0.6-sources.jar[0m
2026.04.17 15:33:17 WARN  unexpected dependency with absolute path: /home/nullstarfish/.cache/coursier/v1/https/repo1.maven.org/maven2/com/fasterxml/jackson/core/jackson-annotations/2.12.7/jackson-annotations-2.12.7-sources.jar[0m
2026.04.17 15:33:17 WARN  unexpected dependency with absolute path: /home/nullstarfish/.cache/coursier/v1/https/repo1.maven.org/maven2/org/scala-lang/scala-library/2.13.15/scala-library-2.13.15-sources.jar[0m
2026.04.17 15:33:17 WARN  unexpected dependency with absolute path: /home/nullstarfish/.cache/coursier/v1/https/repo1.maven.org/maven2/com/lihaoyi/mill-moduledefs_2.13/0.11.1/mill-moduledefs_2.13-0.11.1-sources.jar[0m
2026.04.17 15:33:17 WARN  unexpected dependency with absolute path: /home/nullstarfish/.cache/coursier/v1/https/repo1.maven.org/maven2/io/github/alexarchambault/data-class_2.13/0.2.6/data-class_2.13-0.2.6-sources.jar[0m
2026.04.17 15:33:17 WARN  unexpected dependency with absolute path: /home/nullstarfish/.cache/coursier/v1/https/repo1.maven.org/maven2/com/lihaoyi/upack_2.13/3.3.0/upack_2.13-3.3.0-sources.jar[0m
2026.04.17 15:33:17 WARN  unexpected dependency with absolute path: /home/nullstarfish/.cache/coursier/v1/https/repo1.maven.org/maven2/org/scala-lang/scala-reflect/2.13.14/scala-reflect-2.13.14-sources.jar[0m
2026.04.17 15:33:17 WARN  unexpected dependency with absolute path: /home/nullstarfish/.cache/coursier/v1/https/repo1.maven.org/maven2/com/lihaoyi/os-lib_2.13/0.10.0/os-lib_2.13-0.10.0-sources.jar[0m
2026.04.17 15:33:17 WARN  unexpected dependency with absolute path: /home/nullstarfish/.cache/coursier/v1/https/repo1.maven.org/maven2/org/apache/commons/commons-lang3/3.14.0/commons-lang3-3.14.0-sources.jar[0m
2026.04.17 15:33:17 WARN  unexpected dependency with absolute path: /home/nullstarfish/.cache/coursier/v1/https/repo1.maven.org/maven2/com/lihaoyi/geny_2.13/1.1.0/geny_2.13-1.1.0-sources.jar[0m
2026.04.17 15:33:17 WARN  unexpected dependency with absolute path: /home/nullstarfish/.cache/coursier/v1/https/repo1.maven.org/maven2/com/lihaoyi/ujson_2.13/3.3.0/ujson_2.13-3.3.0-sources.jar[0m
2026.04.17 15:33:17 WARN  unexpected dependency with absolute path: /home/nullstarfish/.cache/coursier/v1/https/repo1.maven.org/maven2/org/chipsalliance/chisel_2.13/7.0.0-M2/chisel_2.13-7.0.0-M2-sources.jar[0m
2026.04.17 15:33:17 WARN  unexpected dependency with absolute path: /home/nullstarfish/.cache/coursier/v1/https/repo1.maven.org/maven2/org/apache/commons/commons-text/1.12.0/commons-text-1.12.0-sources.jar[0m
2026.04.17 15:33:17 WARN  unexpected dependency with absolute path: /home/nullstarfish/.cache/coursier/v1/https/repo1.maven.org/maven2/com/lihaoyi/upickle_2.13/3.3.0/upickle_2.13-3.3.0-sources.jar[0m
2026.04.17 15:33:17 WARN  unexpected dependency with absolute path: /home/nullstarfish/.cache/coursier/v1/https/repo1.maven.org/maven2/org/chipsalliance/firtool-resolver_2.13/2.0.0/firtool-resolver_2.13-2.0.0-sources.jar[0m
2026.04.17 15:33:17 WARN  unexpected dependency with absolute path: /home/nullstarfish/.cache/coursier/v1/https/repo1.maven.org/maven2/org/scala-lang/scala-library/2.13.14/scala-library-2.13.14-sources.jar[0m
2026.04.17 15:33:17 WARN  unexpected dependency with absolute path: /home/nullstarfish/.cache/coursier/v1/https/repo1.maven.org/maven2/com/lihaoyi/upickle-implicits_2.13/3.3.0/upickle-implicits_2.13-3.3.0-sources.jar[0m
2026.04.17 15:33:17 WARN  unexpected dependency with absolute path: /home/nullstarfish/.cache/coursier/v1/https/repo1.maven.org/maven2/org/scala-lang/modules/scala-parallel-collections_2.13/1.0.4/scala-parallel-collections_2.13-1.0.4-sources.jar[0m
2026.04.17 15:33:17 WARN  unexpected dependency with absolute path: /home/nullstarfish/.cache/coursier/v1/https/repo1.maven.org/maven2/com/lihaoyi/upickle-core_2.13/3.3.0/upickle-core_2.13-3.3.0-sources.jar[0m
2026.04.17 15:33:17 WARN  unexpected dependency with absolute path: /home/nullstarfish/.cache/coursier/v1/https/repo1.maven.org/maven2/com/lihaoyi/mainargs_2.13/0.5.4/mainargs_2.13-0.5.4-sources.jar[0m
2026.04.17 15:33:17 WARN  unexpected dependency with absolute path: /home/nullstarfish/.cache/coursier/v1/https/repo1.maven.org/maven2/com/fasterxml/jackson/core/jackson-databind/2.12.7/jackson-databind-2.12.7-sources.jar[0m
2026.04.17 15:33:17 WARN  unexpected dependency with absolute path: /home/nullstarfish/.cache/coursier/v1/https/repo1.maven.org/maven2/com/lihaoyi/sourcecode_2.13/0.3.1/sourcecode_2.13-0.3.1-sources.jar[0m
2026.04.17 15:33:17 WARN  unexpected dependency with absolute path: /home/nullstarfish/.cache/coursier/v1/https/repo1.maven.org/maven2/org/json4s/json4s-jackson-core_2.13/4.0.6/json4s-jackson-core_2.13-4.0.6-sources.jar[0m
2026.04.17 15:33:17 WARN  unexpected dependency with absolute path: /home/nullstarfish/.cache/coursier/v1/https/repo1.maven.org/maven2/com/fasterxml/jackson/core/jackson-core/2.12.7/jackson-core-2.12.7-sources.jar[0m
2026.04.17 15:33:17 WARN  unexpected dependency with absolute path: /home/nullstarfish/.cache/coursier/v1/https/repo1.maven.org/maven2/org/json4s/json4s-jackson_2.13/4.0.6/json4s-jackson_2.13-4.0.6-sources.jar[0m
2026.04.17 15:33:17 WARN  unexpected dependency with absolute path: /home/nullstarfish/.cache/coursier/v1/https/repo1.maven.org/maven2/com/fasterxml/jackson/core/jackson-annotations/2.12.7/jackson-annotations-2.12.7-sources.jar[0m
2026.04.17 15:33:17 WARN  unexpected dependency with absolute path: /home/nullstarfish/.cache/coursier/v1/https/repo1.maven.org/maven2/org/scala-lang/scala-library/2.13.15/scala-library-2.13.15-sources.jar[0m
2026.04.17 15:33:17 WARN  unexpected dependency with absolute path: /home/nullstarfish/.cache/coursier/v1/https/repo1.maven.org/maven2/com/lihaoyi/mill-moduledefs_2.13/0.11.1/mill-moduledefs_2.13-0.11.1-sources.jar[0m
2026.04.17 15:33:17 INFO  time: indexed workspace in 3.17s[0m
2026.04.17 15:33:18 INFO  compiling rocketchip.macros (1 scala source)[0m
2026.04.17 15:33:18 INFO  compiling rocketchip.cde (1 scala source)[0m
2026.04.17 15:33:18 INFO  compiling rocketchip.hardfloat (20 scala sources)[0m
2026.04.17 15:33:21 INFO  time: compiled rocketchip.cde in 3.17s[0m
2026.04.17 15:33:21 INFO  time: compiled rocketchip.macros in 3.18s[0m
2026.04.17 15:33:21 INFO  compiling rocketchip.diplomacy (36 scala sources)[0m
2026.04.17 15:33:28 INFO  time: compiled rocketchip.diplomacy in 6.76s[0m
2026.04.17 15:33:28 INFO  time: compiled rocketchip.hardfloat in 10s[0m
2026.04.17 15:33:29 INFO  compiling rocketchip (317 scala sources)[0m
2026.04.17 15:34:18 WARN  7 deprecations[0m
2026.04.17 15:34:18 WARN  78 deprecations (since 2.13.0)[0m
2026.04.17 15:34:18 WARN  1 deprecation (since 2.13.7)[0m
2026.04.17 15:34:18 WARN  1 deprecation (since 9)[0m
2026.04.17 15:34:18 WARN  27 deprecations (since CDE 0.1)[0m
2026.04.17 15:34:18 WARN  10 deprecations (since diplomacy 1.0.0)[0m
2026.04.17 15:34:18 WARN  1 deprecation (since rocket-chip 1.2)[0m
2026.04.17 15:34:18 WARN  36 deprecations (since rocketchip 2.0.0)[0m
2026.04.17 15:34:18 WARN  161 deprecations in total; re-run with -deprecation for details[0m
2026.04.17 15:34:18 WARN  20 feature warnings; re-run with -feature for details[0m
2026.04.17 15:34:18 INFO  compiling ysyxsoc (37 scala sources)[0m
2026.04.17 15:34:19 INFO  time: compiled rocketchip in 50s[0m
2026.04.17 15:34:26 WARN  1 deprecation (since 2.13.0)[0m
2026.04.17 15:34:26 WARN  1 deprecation (since 2.13.3)[0m
2026.04.17 15:34:26 WARN  90 deprecations (since rocketchip 2.0.0)[0m
2026.04.17 15:34:26 WARN  92 deprecations in total; re-run with -deprecation for details[0m
2026.04.17 15:34:26 INFO  time: compiled ysyxsoc in 7.48s[0m
2026.04.17 15:41:33 INFO  Shutting down server[0m
2026.04.17 15:41:33 INFO  Memory monitor stopped[0m
2026.04.17 15:41:33 INFO  shutting down Metals[0m
2026.04.17 15:41:33 INFO  Shut down connection with build server.[0m
2026.04.17 15:41:33 INFO  Exiting server[0m
2026.04.18 00:07:34 INFO  tracing is disabled for protocol LSP, to enable tracing of incoming and outgoing JSON messages create an empty file at /home/nullstarfish/personal-ysyx-workbench/ysyxSoC/.metals/lsp.trace.json[0m
2026.04.18 00:07:35 INFO  logging to files /home/nullstarfish/personal-ysyx-workbench/ysyxSoC/.metals/metals.log[0m
2026.04.18 00:07:35 INFO  Started: Metals version 1.6.7 in folders '/home/nullstarfish/personal-ysyx-workbench/ysyxSoC' for client Visual Studio Code 1.115.0.[0m
2026.04.18 00:07:35 INFO  Memory monitor started[0m
2026.04.18 00:07:35 WARN  Using H2 2.4.240 which is newer than the version Flyway has been verified with. The latest verified version of H2 is 2.3.232.[0m
2026.04.18 00:07:36 INFO  no build target found for /home/nullstarfish/personal-ysyx-workbench/ysyxSoC/src/device/GPIO.scala. Using presentation compiler with project's scala-library version: 3.3.7[0m
2026.04.18 00:07:36 INFO  Attempting to connect to the build server...[0m
2026.04.18 00:07:36 INFO  No running Bloop server found, starting one.[0m
2026.04.18 00:07:37 INFO  Starting compilation server[0m
2026.04.18 00:07:37 INFO  no build target found for /home/nullstarfish/personal-ysyx-workbench/ysyxSoC/rocket-chip/src/main/scala/amba/apb/Bundles.scala. Using presentation compiler with project's scala-library version: 3.3.7[0m
2026.04.18 00:07:38 INFO  no build target found for /home/nullstarfish/personal-ysyx-workbench/ysyxSoC/src/device/GPIO.scala. Using presentation compiler with project's scala-library version: 3.3.7[0m
2026.04.18 00:07:38 INFO  no build target found for /home/nullstarfish/personal-ysyx-workbench/ysyxSoC/rocket-chip/src/main/scala/amba/apb/Bundles.scala. Using presentation compiler with project's scala-library version: 3.3.7[0m
2026.04.18 00:07:40 INFO  tracing is disabled for protocol BSP, to enable tracing of incoming and outgoing JSON messages create an empty file at /home/nullstarfish/personal-ysyx-workbench/ysyxSoC/.metals/bsp.trace.json[0m
2026.04.18 00:07:48 INFO  time: Connected to build server in 12s[0m
2026.04.18 00:07:48 INFO  Connected to Build server: Bloop v2.0.19[0m
2026.04.18 00:07:48 INFO  time: Imported build in 0.14s[0m
2026.04.18 00:07:49 WARN  2.13.14 is no longer supported in the current Metals versions, using the last known supported version 1.6.3[0m
2026.04.18 00:07:53 INFO  Created report: Optional[file:///home/nullstarfish/personal-ysyx-workbench/ysyxSoC/file:/home/nullstarfish/personal-ysyx-workbench/ysyxSoC/rocket-chip/src/main/scala/prci/ClockDomain.scala][0m
2026.04.18 00:07:53 INFO  expected identifier; obtained this (full report at: "/home/nullstarfish/personal-ysyx-workbench/ysyxSoC/.metals/.reports/metals/2026-04-18/r_scala-toplevel-mtags_00-07-53-907.md")[0m
2026.04.18 00:07:54 WARN  Could not find java sources in /usr/lib/jvm/src.zip, /usr/lib/jvm/lib/src.zip, /usr/lib/jvm/java-21-openjdk-amd64/src.zip, /usr/lib/jvm/java-21-openjdk-amd64/lib/src.zip. Java symbols will not be available.[0m
2026.04.18 00:07:54 WARN  unexpected dependency with absolute path: /home/nullstarfish/.cache/coursier/v1/https/repo1.maven.org/maven2/com/lihaoyi/mainargs_2.13/0.5.4/mainargs_2.13-0.5.4-sources.jar[0m
2026.04.18 00:07:54 WARN  unexpected dependency with absolute path: /home/nullstarfish/.cache/coursier/v1/https/repo1.maven.org/maven2/com/fasterxml/jackson/core/jackson-databind/2.12.7/jackson-databind-2.12.7-sources.jar[0m
2026.04.18 00:07:54 WARN  unexpected dependency with absolute path: /home/nullstarfish/.cache/coursier/v1/https/repo1.maven.org/maven2/com/lihaoyi/upack_2.13/3.3.0/upack_2.13-3.3.0-sources.jar[0m
2026.04.18 00:07:54 WARN  unexpected dependency with absolute path: /home/nullstarfish/.cache/coursier/v1/https/repo1.maven.org/maven2/org/scala-lang/scala-reflect/2.13.14/scala-reflect-2.13.14-sources.jar[0m
2026.04.18 00:07:54 WARN  unexpected dependency with absolute path: /home/nullstarfish/.cache/coursier/v1/https/repo1.maven.org/maven2/com/lihaoyi/os-lib_2.13/0.10.0/os-lib_2.13-0.10.0-sources.jar[0m
2026.04.18 00:07:54 WARN  unexpected dependency with absolute path: /home/nullstarfish/.cache/coursier/v1/https/repo1.maven.org/maven2/org/apache/commons/commons-lang3/3.14.0/commons-lang3-3.14.0-sources.jar[0m
2026.04.18 00:07:54 WARN  unexpected dependency with absolute path: /home/nullstarfish/.cache/coursier/v1/https/repo1.maven.org/maven2/com/lihaoyi/sourcecode_2.13/0.3.1/sourcecode_2.13-0.3.1-sources.jar[0m
2026.04.18 00:07:54 WARN  unexpected dependency with absolute path: /home/nullstarfish/.cache/coursier/v1/https/repo1.maven.org/maven2/com/lihaoyi/geny_2.13/1.1.0/geny_2.13-1.1.0-sources.jar[0m
2026.04.18 00:07:54 WARN  unexpected dependency with absolute path: /home/nullstarfish/.cache/coursier/v1/https/repo1.maven.org/maven2/org/json4s/json4s-jackson-core_2.13/4.0.6/json4s-jackson-core_2.13-4.0.6-sources.jar[0m
2026.04.18 00:07:54 WARN  unexpected dependency with absolute path: /home/nullstarfish/.cache/coursier/v1/https/repo1.maven.org/maven2/com/lihaoyi/ujson_2.13/3.3.0/ujson_2.13-3.3.0-sources.jar[0m
2026.04.18 00:07:54 WARN  unexpected dependency with absolute path: /home/nullstarfish/.cache/coursier/v1/https/repo1.maven.org/maven2/org/chipsalliance/chisel_2.13/7.0.0-M2/chisel_2.13-7.0.0-M2-sources.jar[0m
2026.04.18 00:07:54 WARN  unexpected dependency with absolute path: /home/nullstarfish/.cache/coursier/v1/https/repo1.maven.org/maven2/org/apache/commons/commons-text/1.12.0/commons-text-1.12.0-sources.jar[0m
2026.04.18 00:07:54 WARN  unexpected dependency with absolute path: /home/nullstarfish/.cache/coursier/v1/https/repo1.maven.org/maven2/com/fasterxml/jackson/core/jackson-core/2.12.7/jackson-core-2.12.7-sources.jar[0m
2026.04.18 00:07:54 WARN  unexpected dependency with absolute path: /home/nullstarfish/.cache/coursier/v1/https/repo1.maven.org/maven2/io/github/alexarchambault/data-class_2.13/0.2.6/data-class_2.13-0.2.6-sources.jar[0m
2026.04.18 00:07:54 WARN  unexpected dependency with absolute path: /home/nullstarfish/.cache/coursier/v1/https/repo1.maven.org/maven2/com/lihaoyi/upickle_2.13/3.3.0/upickle_2.13-3.3.0-sources.jar[0m
2026.04.18 00:07:54 WARN  unexpected dependency with absolute path: /home/nullstarfish/.cache/coursier/v1/https/repo1.maven.org/maven2/org/chipsalliance/firtool-resolver_2.13/2.0.0/firtool-resolver_2.13-2.0.0-sources.jar[0m
2026.04.18 00:07:54 WARN  unexpected dependency with absolute path: /home/nullstarfish/.cache/coursier/v1/https/repo1.maven.org/maven2/org/scala-lang/scala-library/2.13.14/scala-library-2.13.14-sources.jar[0m
2026.04.18 00:07:54 WARN  unexpected dependency with absolute path: /home/nullstarfish/.cache/coursier/v1/https/repo1.maven.org/maven2/org/json4s/json4s-jackson_2.13/4.0.6/json4s-jackson_2.13-4.0.6-sources.jar[0m
2026.04.18 00:07:54 WARN  unexpected dependency with absolute path: /home/nullstarfish/.cache/coursier/v1/https/repo1.maven.org/maven2/com/fasterxml/jackson/core/jackson-annotations/2.12.7/jackson-annotations-2.12.7-sources.jar[0m
2026.04.18 00:07:54 WARN  unexpected dependency with absolute path: /home/nullstarfish/.cache/coursier/v1/https/repo1.maven.org/maven2/com/lihaoyi/upickle-implicits_2.13/3.3.0/upickle-implicits_2.13-3.3.0-sources.jar[0m
2026.04.18 00:07:54 WARN  unexpected dependency with absolute path: /home/nullstarfish/.cache/coursier/v1/https/repo1.maven.org/maven2/org/scala-lang/modules/scala-parallel-collections_2.13/1.0.4/scala-parallel-collections_2.13-1.0.4-sources.jar[0m
2026.04.18 00:07:54 WARN  unexpected dependency with absolute path: /home/nullstarfish/.cache/coursier/v1/https/repo1.maven.org/maven2/com/lihaoyi/upickle-core_2.13/3.3.0/upickle-core_2.13-3.3.0-sources.jar[0m
2026.04.18 00:07:54 WARN  unexpected dependency with absolute path: /home/nullstarfish/.cache/coursier/v1/https/repo1.maven.org/maven2/org/scala-lang/scala-library/2.13.15/scala-library-2.13.15-sources.jar[0m
2026.04.18 00:07:54 WARN  unexpected dependency with absolute path: /home/nullstarfish/.cache/coursier/v1/https/repo1.maven.org/maven2/com/lihaoyi/mill-moduledefs_2.13/0.11.1/mill-moduledefs_2.13-0.11.1-sources.jar[0m
2026.04.18 00:07:54 WARN  unexpected dependency with absolute path: /home/nullstarfish/.cache/coursier/v1/https/repo1.maven.org/maven2/com/lihaoyi/mainargs_2.13/0.5.4/mainargs_2.13-0.5.4-sources.jar[0m
2026.04.18 00:07:54 WARN  unexpected dependency with absolute path: /home/nullstarfish/.cache/coursier/v1/https/repo1.maven.org/maven2/com/fasterxml/jackson/core/jackson-databind/2.12.7/jackson-databind-2.12.7-sources.jar[0m
2026.04.18 00:07:54 WARN  unexpected dependency with absolute path: /home/nullstarfish/.cache/coursier/v1/https/repo1.maven.org/maven2/com/lihaoyi/upack_2.13/3.3.0/upack_2.13-3.3.0-sources.jar[0m
2026.04.18 00:07:54 WARN  unexpected dependency with absolute path: /home/nullstarfish/.cache/coursier/v1/https/repo1.maven.org/maven2/org/scala-lang/scala-reflect/2.13.14/scala-reflect-2.13.14-sources.jar[0m
2026.04.18 00:07:54 WARN  unexpected dependency with absolute path: /home/nullstarfish/.cache/coursier/v1/https/repo1.maven.org/maven2/com/lihaoyi/os-lib_2.13/0.10.0/os-lib_2.13-0.10.0-sources.jar[0m
2026.04.18 00:07:54 WARN  unexpected dependency with absolute path: /home/nullstarfish/.cache/coursier/v1/https/repo1.maven.org/maven2/org/apache/commons/commons-lang3/3.14.0/commons-lang3-3.14.0-sources.jar[0m
2026.04.18 00:07:54 WARN  unexpected dependency with absolute path: /home/nullstarfish/.cache/coursier/v1/https/repo1.maven.org/maven2/com/lihaoyi/sourcecode_2.13/0.3.1/sourcecode_2.13-0.3.1-sources.jar[0m
2026.04.18 00:07:54 WARN  unexpected dependency with absolute path: /home/nullstarfish/.cache/coursier/v1/https/repo1.maven.org/maven2/com/lihaoyi/geny_2.13/1.1.0/geny_2.13-1.1.0-sources.jar[0m
2026.04.18 00:07:54 WARN  unexpected dependency with absolute path: /home/nullstarfish/.cache/coursier/v1/https/repo1.maven.org/maven2/org/json4s/json4s-jackson-core_2.13/4.0.6/json4s-jackson-core_2.13-4.0.6-sources.jar[0m
2026.04.18 00:07:54 WARN  unexpected dependency with absolute path: /home/nullstarfish/.cache/coursier/v1/https/repo1.maven.org/maven2/com/lihaoyi/ujson_2.13/3.3.0/ujson_2.13-3.3.0-sources.jar[0m
2026.04.18 00:07:54 WARN  unexpected dependency with absolute path: /home/nullstarfish/.cache/coursier/v1/https/repo1.maven.org/maven2/org/chipsalliance/chisel_2.13/7.0.0-M2/chisel_2.13-7.0.0-M2-sources.jar[0m
2026.04.18 00:07:54 WARN  unexpected dependency with absolute path: /home/nullstarfish/.cache/coursier/v1/https/repo1.maven.org/maven2/org/apache/commons/commons-text/1.12.0/commons-text-1.12.0-sources.jar[0m
2026.04.18 00:07:54 WARN  unexpected dependency with absolute path: /home/nullstarfish/.cache/coursier/v1/https/repo1.maven.org/maven2/com/fasterxml/jackson/core/jackson-core/2.12.7/jackson-core-2.12.7-sources.jar[0m
2026.04.18 00:07:54 WARN  unexpected dependency with absolute path: /home/nullstarfish/.cache/coursier/v1/https/repo1.maven.org/maven2/io/github/alexarchambault/data-class_2.13/0.2.6/data-class_2.13-0.2.6-sources.jar[0m
2026.04.18 00:07:54 WARN  unexpected dependency with absolute path: /home/nullstarfish/.cache/coursier/v1/https/repo1.maven.org/maven2/com/lihaoyi/upickle_2.13/3.3.0/upickle_2.13-3.3.0-sources.jar[0m
2026.04.18 00:07:54 WARN  unexpected dependency with absolute path: /home/nullstarfish/.cache/coursier/v1/https/repo1.maven.org/maven2/org/chipsalliance/firtool-resolver_2.13/2.0.0/firtool-resolver_2.13-2.0.0-sources.jar[0m
2026.04.18 00:07:54 WARN  unexpected dependency with absolute path: /home/nullstarfish/.cache/coursier/v1/https/repo1.maven.org/maven2/org/scala-lang/scala-library/2.13.14/scala-library-2.13.14-sources.jar[0m
2026.04.18 00:07:54 WARN  unexpected dependency with absolute path: /home/nullstarfish/.cache/coursier/v1/https/repo1.maven.org/maven2/org/json4s/json4s-jackson_2.13/4.0.6/json4s-jackson_2.13-4.0.6-sources.jar[0m
2026.04.18 00:07:54 WARN  unexpected dependency with absolute path: /home/nullstarfish/.cache/coursier/v1/https/repo1.maven.org/maven2/com/fasterxml/jackson/core/jackson-annotations/2.12.7/jackson-annotations-2.12.7-sources.jar[0m
2026.04.18 00:07:54 WARN  unexpected dependency with absolute path: /home/nullstarfish/.cache/coursier/v1/https/repo1.maven.org/maven2/com/lihaoyi/upickle-implicits_2.13/3.3.0/upickle-implicits_2.13-3.3.0-sources.jar[0m
2026.04.18 00:07:54 WARN  unexpected dependency with absolute path: /home/nullstarfish/.cache/coursier/v1/https/repo1.maven.org/maven2/org/scala-lang/modules/scala-parallel-collections_2.13/1.0.4/scala-parallel-collections_2.13-1.0.4-sources.jar[0m
2026.04.18 00:07:54 WARN  unexpected dependency with absolute path: /home/nullstarfish/.cache/coursier/v1/https/repo1.maven.org/maven2/com/lihaoyi/upickle-core_2.13/3.3.0/upickle-core_2.13-3.3.0-sources.jar[0m
2026.04.18 00:07:54 WARN  unexpected dependency with absolute path: /home/nullstarfish/.cache/coursier/v1/https/repo1.maven.org/maven2/org/scala-lang/scala-library/2.13.15/scala-library-2.13.15-sources.jar[0m
2026.04.18 00:07:54 WARN  unexpected dependency with absolute path: /home/nullstarfish/.cache/coursier/v1/https/repo1.maven.org/maven2/com/lihaoyi/mill-moduledefs_2.13/0.11.1/mill-moduledefs_2.13-0.11.1-sources.jar[0m
2026.04.18 00:07:54 INFO  time: indexed workspace in 5.3s[0m
2026.04.18 00:07:54 INFO  compiling rocketchip.macros (1 scala source)[0m
2026.04.18 00:07:54 INFO  compiling rocketchip.cde (1 scala source)[0m
2026.04.18 00:07:54 INFO  compiling rocketchip.hardfloat (20 scala sources)[0m
2026.04.18 00:07:57 INFO  time: compiled rocketchip.macros in 3.1s[0m
2026.04.18 00:07:57 INFO  time: compiled rocketchip.cde in 3.11s[0m
2026.04.18 00:07:57 INFO  compiling rocketchip.diplomacy (36 scala sources)[0m
2026.04.18 00:08:04 INFO  time: compiled rocketchip.diplomacy in 6.95s[0m
2026.04.18 00:08:04 INFO  time: compiled rocketchip.hardfloat in 10s[0m
2026.04.18 00:08:06 INFO  compiling rocketchip (317 scala sources)[0m
2026.04.18 00:09:03 WARN  7 deprecations[0m
2026.04.18 00:09:03 WARN  78 deprecations (since 2.13.0)[0m
2026.04.18 00:09:03 WARN  1 deprecation (since 2.13.7)[0m
2026.04.18 00:09:03 WARN  1 deprecation (since 9)[0m
2026.04.18 00:09:03 WARN  27 deprecations (since CDE 0.1)[0m
2026.04.18 00:09:03 WARN  10 deprecations (since diplomacy 1.0.0)[0m
2026.04.18 00:09:03 WARN  1 deprecation (since rocket-chip 1.2)[0m
2026.04.18 00:09:03 WARN  36 deprecations (since rocketchip 2.0.0)[0m
2026.04.18 00:09:03 WARN  161 deprecations in total; re-run with -deprecation for details[0m
2026.04.18 00:09:03 WARN  20 feature warnings; re-run with -feature for details[0m
2026.04.18 00:09:04 INFO  compiling ysyxsoc (37 scala sources)[0m
2026.04.18 00:09:04 INFO  time: compiled rocketchip in 59s[0m
2026.04.18 00:09:11 WARN  1 deprecation (since 2.13.0)[0m
2026.04.18 00:09:11 WARN  1 deprecation (since 2.13.3)[0m
2026.04.18 00:09:11 WARN  90 deprecations (since rocketchip 2.0.0)[0m
2026.04.18 00:09:11 WARN  92 deprecations in total; re-run with -deprecation for details[0m
2026.04.18 00:09:11 INFO  time: compiled ysyxsoc in 6.47s[0m
2026.04.19 12:10:08 INFO  tracing is disabled for protocol LSP, to enable tracing of incoming and outgoing JSON messages create an empty file at /home/nullstarfish/personal-ysyx-workbench/ysyxSoC/.metals/lsp.trace.json[0m
2026.04.19 12:10:09 INFO  logging to files /home/nullstarfish/personal-ysyx-workbench/ysyxSoC/.metals/metals.log[0m
2026.04.19 12:10:09 INFO  Started: Metals version 1.6.7 in folders '/home/nullstarfish/personal-ysyx-workbench/ysyxSoC' for client Visual Studio Code 1.115.0.[0m
2026.04.19 12:10:09 INFO  Memory monitor started[0m
2026.04.19 12:10:10 WARN  Using H2 2.4.240 which is newer than the version Flyway has been verified with. The latest verified version of H2 is 2.3.232.[0m
2026.04.19 12:10:10 INFO  no build target found for /home/nullstarfish/personal-ysyx-workbench/ysyxSoC/src/device/GPIO.scala. Using presentation compiler with project's scala-library version: 3.3.7[0m
2026.04.19 12:10:11 INFO  Attempting to connect to the build server...[0m
2026.04.19 12:10:11 INFO  No running Bloop server found, starting one.[0m
2026.04.19 12:10:13 INFO  Starting compilation server[0m
2026.04.19 12:10:14 INFO  no build target found for /home/nullstarfish/personal-ysyx-workbench/ysyxSoC/rocket-chip/src/main/scala/amba/apb/Bundles.scala. Using presentation compiler with project's scala-library version: 3.3.7[0m
2026.04.19 12:10:14 INFO  no build target found for /home/nullstarfish/personal-ysyx-workbench/ysyxSoC/src/device/GPIO.scala. Using presentation compiler with project's scala-library version: 3.3.7[0m
2026.04.19 12:10:14 INFO  no build target found for /home/nullstarfish/personal-ysyx-workbench/ysyxSoC/rocket-chip/src/main/scala/amba/apb/Bundles.scala. Using presentation compiler with project's scala-library version: 3.3.7[0m
2026.04.19 12:10:15 INFO  tracing is disabled for protocol BSP, to enable tracing of incoming and outgoing JSON messages create an empty file at /home/nullstarfish/personal-ysyx-workbench/ysyxSoC/.metals/bsp.trace.json[0m
2026.04.19 12:10:21 INFO  time: Connected to build server in 10s[0m
2026.04.19 12:10:21 INFO  Connected to Build server: Bloop v2.0.19[0m
2026.04.19 12:10:21 INFO  time: Imported build in 0.26s[0m
2026.04.19 12:10:22 WARN  2.13.14 is no longer supported in the current Metals versions, using the last known supported version 1.6.3[0m
2026.04.19 12:10:25 INFO  Created report: Optional[file:///home/nullstarfish/personal-ysyx-workbench/ysyxSoC/file:/home/nullstarfish/personal-ysyx-workbench/ysyxSoC/rocket-chip/src/main/scala/prci/ClockDomain.scala][0m
2026.04.19 12:10:25 INFO  expected identifier; obtained this (full report at: "/home/nullstarfish/personal-ysyx-workbench/ysyxSoC/.metals/.reports/metals/2026-04-19/r_scala-toplevel-mtags_12-10-25-752.md")[0m
2026.04.19 12:10:26 WARN  Could not find java sources in /usr/lib/jvm/src.zip, /usr/lib/jvm/lib/src.zip, /usr/lib/jvm/java-21-openjdk-amd64/src.zip, /usr/lib/jvm/java-21-openjdk-amd64/lib/src.zip. Java symbols will not be available.[0m
2026.04.19 12:10:26 WARN  unexpected dependency with absolute path: /home/nullstarfish/.cache/coursier/v1/https/repo1.maven.org/maven2/org/scala-lang/scala-reflect/2.13.14/scala-reflect-2.13.14-sources.jar[0m
2026.04.19 12:10:26 WARN  unexpected dependency with absolute path: /home/nullstarfish/.cache/coursier/v1/https/repo1.maven.org/maven2/org/scala-lang/scala-library/2.13.14/scala-library-2.13.14-sources.jar[0m
2026.04.19 12:10:26 WARN  unexpected dependency with absolute path: /home/nullstarfish/.cache/coursier/v1/https/repo1.maven.org/maven2/io/github/alexarchambault/data-class_2.13/0.2.6/data-class_2.13-0.2.6-sources.jar[0m
2026.04.19 12:10:26 WARN  unexpected dependency with absolute path: /home/nullstarfish/.cache/coursier/v1/https/repo1.maven.org/maven2/com/lihaoyi/upack_2.13/3.3.0/upack_2.13-3.3.0-sources.jar[0m
2026.04.19 12:10:26 WARN  unexpected dependency with absolute path: /home/nullstarfish/.cache/coursier/v1/https/repo1.maven.org/maven2/com/lihaoyi/os-lib_2.13/0.10.0/os-lib_2.13-0.10.0-sources.jar[0m
2026.04.19 12:10:26 WARN  unexpected dependency with absolute path: /home/nullstarfish/.cache/coursier/v1/https/repo1.maven.org/maven2/org/apache/commons/commons-lang3/3.14.0/commons-lang3-3.14.0-sources.jar[0m
2026.04.19 12:10:26 WARN  unexpected dependency with absolute path: /home/nullstarfish/.cache/coursier/v1/https/repo1.maven.org/maven2/com/lihaoyi/sourcecode_2.13/0.3.1/sourcecode_2.13-0.3.1-sources.jar[0m
2026.04.19 12:10:26 WARN  unexpected dependency with absolute path: /home/nullstarfish/.cache/coursier/v1/https/repo1.maven.org/maven2/com/lihaoyi/geny_2.13/1.1.0/geny_2.13-1.1.0-sources.jar[0m
2026.04.19 12:10:26 WARN  unexpected dependency with absolute path: /home/nullstarfish/.cache/coursier/v1/https/repo1.maven.org/maven2/com/lihaoyi/ujson_2.13/3.3.0/ujson_2.13-3.3.0-sources.jar[0m
2026.04.19 12:10:26 WARN  unexpected dependency with absolute path: /home/nullstarfish/.cache/coursier/v1/https/repo1.maven.org/maven2/org/chipsalliance/chisel_2.13/7.0.0-M2/chisel_2.13-7.0.0-M2-sources.jar[0m
2026.04.19 12:10:26 WARN  unexpected dependency with absolute path: /home/nullstarfish/.cache/coursier/v1/https/repo1.maven.org/maven2/org/apache/commons/commons-text/1.12.0/commons-text-1.12.0-sources.jar[0m
2026.04.19 12:10:26 WARN  unexpected dependency with absolute path: /home/nullstarfish/.cache/coursier/v1/https/repo1.maven.org/maven2/com/lihaoyi/upickle_2.13/3.3.0/upickle_2.13-3.3.0-sources.jar[0m
2026.04.19 12:10:26 WARN  unexpected dependency with absolute path: /home/nullstarfish/.cache/coursier/v1/https/repo1.maven.org/maven2/org/chipsalliance/firtool-resolver_2.13/2.0.0/firtool-resolver_2.13-2.0.0-sources.jar[0m
2026.04.19 12:10:26 WARN  unexpected dependency with absolute path: /home/nullstarfish/.cache/coursier/v1/https/repo1.maven.org/maven2/com/lihaoyi/upickle-implicits_2.13/3.3.0/upickle-implicits_2.13-3.3.0-sources.jar[0m
2026.04.19 12:10:26 WARN  unexpected dependency with absolute path: /home/nullstarfish/.cache/coursier/v1/https/repo1.maven.org/maven2/org/scala-lang/modules/scala-parallel-collections_2.13/1.0.4/scala-parallel-collections_2.13-1.0.4-sources.jar[0m
2026.04.19 12:10:26 WARN  unexpected dependency with absolute path: /home/nullstarfish/.cache/coursier/v1/https/repo1.maven.org/maven2/com/lihaoyi/upickle-core_2.13/3.3.0/upickle-core_2.13-3.3.0-sources.jar[0m
2026.04.19 12:10:26 WARN  unexpected dependency with absolute path: /home/nullstarfish/.cache/coursier/v1/https/repo1.maven.org/maven2/com/lihaoyi/mainargs_2.13/0.5.4/mainargs_2.13-0.5.4-sources.jar[0m
2026.04.19 12:10:26 WARN  unexpected dependency with absolute path: /home/nullstarfish/.cache/coursier/v1/https/repo1.maven.org/maven2/com/fasterxml/jackson/core/jackson-databind/2.12.7/jackson-databind-2.12.7-sources.jar[0m
2026.04.19 12:10:26 WARN  unexpected dependency with absolute path: /home/nullstarfish/.cache/coursier/v1/https/repo1.maven.org/maven2/org/json4s/json4s-jackson-core_2.13/4.0.6/json4s-jackson-core_2.13-4.0.6-sources.jar[0m
2026.04.19 12:10:26 WARN  unexpected dependency with absolute path: /home/nullstarfish/.cache/coursier/v1/https/repo1.maven.org/maven2/com/fasterxml/jackson/core/jackson-core/2.12.7/jackson-core-2.12.7-sources.jar[0m
2026.04.19 12:10:26 WARN  unexpected dependency with absolute path: /home/nullstarfish/.cache/coursier/v1/https/repo1.maven.org/maven2/org/json4s/json4s-jackson_2.13/4.0.6/json4s-jackson_2.13-4.0.6-sources.jar[0m
2026.04.19 12:10:26 WARN  unexpected dependency with absolute path: /home/nullstarfish/.cache/coursier/v1/https/repo1.maven.org/maven2/com/fasterxml/jackson/core/jackson-annotations/2.12.7/jackson-annotations-2.12.7-sources.jar[0m
2026.04.19 12:10:26 WARN  unexpected dependency with absolute path: /home/nullstarfish/.cache/coursier/v1/https/repo1.maven.org/maven2/org/scala-lang/scala-library/2.13.15/scala-library-2.13.15-sources.jar[0m
2026.04.19 12:10:26 WARN  unexpected dependency with absolute path: /home/nullstarfish/.cache/coursier/v1/https/repo1.maven.org/maven2/com/lihaoyi/mill-moduledefs_2.13/0.11.1/mill-moduledefs_2.13-0.11.1-sources.jar[0m
2026.04.19 12:10:26 WARN  unexpected dependency with absolute path: /home/nullstarfish/.cache/coursier/v1/https/repo1.maven.org/maven2/org/scala-lang/scala-reflect/2.13.14/scala-reflect-2.13.14-sources.jar[0m
2026.04.19 12:10:26 WARN  unexpected dependency with absolute path: /home/nullstarfish/.cache/coursier/v1/https/repo1.maven.org/maven2/org/scala-lang/scala-library/2.13.14/scala-library-2.13.14-sources.jar[0m
2026.04.19 12:10:26 WARN  unexpected dependency with absolute path: /home/nullstarfish/.cache/coursier/v1/https/repo1.maven.org/maven2/io/github/alexarchambault/data-class_2.13/0.2.6/data-class_2.13-0.2.6-sources.jar[0m
2026.04.19 12:10:26 WARN  unexpected dependency with absolute path: /home/nullstarfish/.cache/coursier/v1/https/repo1.maven.org/maven2/com/lihaoyi/upack_2.13/3.3.0/upack_2.13-3.3.0-sources.jar[0m
2026.04.19 12:10:26 WARN  unexpected dependency with absolute path: /home/nullstarfish/.cache/coursier/v1/https/repo1.maven.org/maven2/com/lihaoyi/os-lib_2.13/0.10.0/os-lib_2.13-0.10.0-sources.jar[0m
2026.04.19 12:10:26 WARN  unexpected dependency with absolute path: /home/nullstarfish/.cache/coursier/v1/https/repo1.maven.org/maven2/org/apache/commons/commons-lang3/3.14.0/commons-lang3-3.14.0-sources.jar[0m
2026.04.19 12:10:26 WARN  unexpected dependency with absolute path: /home/nullstarfish/.cache/coursier/v1/https/repo1.maven.org/maven2/com/lihaoyi/sourcecode_2.13/0.3.1/sourcecode_2.13-0.3.1-sources.jar[0m
2026.04.19 12:10:26 WARN  unexpected dependency with absolute path: /home/nullstarfish/.cache/coursier/v1/https/repo1.maven.org/maven2/com/lihaoyi/geny_2.13/1.1.0/geny_2.13-1.1.0-sources.jar[0m
2026.04.19 12:10:26 WARN  unexpected dependency with absolute path: /home/nullstarfish/.cache/coursier/v1/https/repo1.maven.org/maven2/com/lihaoyi/ujson_2.13/3.3.0/ujson_2.13-3.3.0-sources.jar[0m
2026.04.19 12:10:26 WARN  unexpected dependency with absolute path: /home/nullstarfish/.cache/coursier/v1/https/repo1.maven.org/maven2/org/chipsalliance/chisel_2.13/7.0.0-M2/chisel_2.13-7.0.0-M2-sources.jar[0m
2026.04.19 12:10:26 WARN  unexpected dependency with absolute path: /home/nullstarfish/.cache/coursier/v1/https/repo1.maven.org/maven2/org/apache/commons/commons-text/1.12.0/commons-text-1.12.0-sources.jar[0m
2026.04.19 12:10:26 WARN  unexpected dependency with absolute path: /home/nullstarfish/.cache/coursier/v1/https/repo1.maven.org/maven2/com/lihaoyi/upickle_2.13/3.3.0/upickle_2.13-3.3.0-sources.jar[0m
2026.04.19 12:10:26 WARN  unexpected dependency with absolute path: /home/nullstarfish/.cache/coursier/v1/https/repo1.maven.org/maven2/org/chipsalliance/firtool-resolver_2.13/2.0.0/firtool-resolver_2.13-2.0.0-sources.jar[0m
2026.04.19 12:10:26 WARN  unexpected dependency with absolute path: /home/nullstarfish/.cache/coursier/v1/https/repo1.maven.org/maven2/com/lihaoyi/upickle-implicits_2.13/3.3.0/upickle-implicits_2.13-3.3.0-sources.jar[0m
2026.04.19 12:10:26 WARN  unexpected dependency with absolute path: /home/nullstarfish/.cache/coursier/v1/https/repo1.maven.org/maven2/org/scala-lang/modules/scala-parallel-collections_2.13/1.0.4/scala-parallel-collections_2.13-1.0.4-sources.jar[0m
2026.04.19 12:10:26 WARN  unexpected dependency with absolute path: /home/nullstarfish/.cache/coursier/v1/https/repo1.maven.org/maven2/com/lihaoyi/upickle-core_2.13/3.3.0/upickle-core_2.13-3.3.0-sources.jar[0m
2026.04.19 12:10:26 WARN  unexpected dependency with absolute path: /home/nullstarfish/.cache/coursier/v1/https/repo1.maven.org/maven2/com/lihaoyi/mainargs_2.13/0.5.4/mainargs_2.13-0.5.4-sources.jar[0m
2026.04.19 12:10:26 WARN  unexpected dependency with absolute path: /home/nullstarfish/.cache/coursier/v1/https/repo1.maven.org/maven2/com/fasterxml/jackson/core/jackson-databind/2.12.7/jackson-databind-2.12.7-sources.jar[0m
2026.04.19 12:10:26 WARN  unexpected dependency with absolute path: /home/nullstarfish/.cache/coursier/v1/https/repo1.maven.org/maven2/org/json4s/json4s-jackson-core_2.13/4.0.6/json4s-jackson-core_2.13-4.0.6-sources.jar[0m
2026.04.19 12:10:26 WARN  unexpected dependency with absolute path: /home/nullstarfish/.cache/coursier/v1/https/repo1.maven.org/maven2/com/fasterxml/jackson/core/jackson-core/2.12.7/jackson-core-2.12.7-sources.jar[0m
2026.04.19 12:10:26 WARN  unexpected dependency with absolute path: /home/nullstarfish/.cache/coursier/v1/https/repo1.maven.org/maven2/org/json4s/json4s-jackson_2.13/4.0.6/json4s-jackson_2.13-4.0.6-sources.jar[0m
2026.04.19 12:10:26 WARN  unexpected dependency with absolute path: /home/nullstarfish/.cache/coursier/v1/https/repo1.maven.org/maven2/com/fasterxml/jackson/core/jackson-annotations/2.12.7/jackson-annotations-2.12.7-sources.jar[0m
2026.04.19 12:10:26 WARN  unexpected dependency with absolute path: /home/nullstarfish/.cache/coursier/v1/https/repo1.maven.org/maven2/org/scala-lang/scala-library/2.13.15/scala-library-2.13.15-sources.jar[0m
2026.04.19 12:10:26 WARN  unexpected dependency with absolute path: /home/nullstarfish/.cache/coursier/v1/https/repo1.maven.org/maven2/com/lihaoyi/mill-moduledefs_2.13/0.11.1/mill-moduledefs_2.13-0.11.1-sources.jar[0m
2026.04.19 12:10:26 INFO  time: indexed workspace in 4.72s[0m
2026.04.19 12:10:26 INFO  compiling rocketchip.cde (1 scala source)[0m
2026.04.19 12:10:26 INFO  compiling rocketchip.macros (1 scala source)[0m
2026.04.19 12:10:26 INFO  compiling rocketchip.hardfloat (20 scala sources)[0m
2026.04.19 12:10:30 INFO  time: compiled rocketchip.macros in 3.19s[0m
2026.04.19 12:10:30 INFO  time: compiled rocketchip.cde in 3.19s[0m
2026.04.19 12:10:30 INFO  compiling rocketchip.diplomacy (36 scala sources)[0m
2026.04.19 12:10:37 INFO  time: compiled rocketchip.diplomacy in 7.36s[0m
2026.04.19 12:10:37 INFO  time: compiled rocketchip.hardfloat in 11s[0m
2026.04.19 12:10:39 INFO  compiling rocketchip (317 scala sources)[0m
2026.04.19 12:11:26 WARN  7 deprecations[0m
2026.04.19 12:11:26 WARN  78 deprecations (since 2.13.0)[0m
2026.04.19 12:11:26 WARN  1 deprecation (since 2.13.7)[0m
2026.04.19 12:11:26 WARN  1 deprecation (since 9)[0m
2026.04.19 12:11:26 WARN  27 deprecations (since CDE 0.1)[0m
2026.04.19 12:11:26 WARN  10 deprecations (since diplomacy 1.0.0)[0m
2026.04.19 12:11:26 WARN  1 deprecation (since rocket-chip 1.2)[0m
2026.04.19 12:11:26 WARN  36 deprecations (since rocketchip 2.0.0)[0m
2026.04.19 12:11:26 WARN  161 deprecations in total; re-run with -deprecation for details[0m
2026.04.19 12:11:26 WARN  20 feature warnings; re-run with -feature for details[0m
2026.04.19 12:11:26 INFO  compiling ysyxsoc (37 scala sources)[0m
2026.04.19 12:11:28 INFO  time: compiled rocketchip in 49s[0m
2026.04.19 12:11:34 WARN  1 deprecation (since 2.13.0)[0m
2026.04.19 12:11:34 WARN  1 deprecation (since 2.13.3)[0m
2026.04.19 12:11:34 WARN  90 deprecations (since rocketchip 2.0.0)[0m
2026.04.19 12:11:34 WARN  92 deprecations in total; re-run with -deprecation for details[0m
2026.04.19 12:11:34 INFO  time: compiled ysyxsoc in 6.5s[0m
2026.04.19 12:47:14 INFO  Shutting down server[0m
2026.04.19 12:47:14 INFO  Memory monitor stopped[0m
2026.04.19 12:47:14 INFO  shutting down Metals[0m
2026.04.19 12:47:14 INFO  Shut down connection with build server.[0m
2026.04.19 12:47:14 INFO  Exiting server[0m
2026.04.19 19:46:33 INFO  tracing is disabled for protocol LSP, to enable tracing of incoming and outgoing JSON messages create an empty file at /home/nullstarfish/personal-ysyx-workbench/ysyxSoC/.metals/lsp.trace.json[0m
2026.04.19 19:46:35 INFO  logging to files /home/nullstarfish/personal-ysyx-workbench/ysyxSoC/.metals/metals.log[0m
2026.04.19 19:46:35 INFO  Started: Metals version 1.6.7 in folders '/home/nullstarfish/personal-ysyx-workbench/ysyxSoC' for client Visual Studio Code 1.116.0.[0m
2026.04.19 19:46:35 INFO  Memory monitor started[0m
2026.04.19 19:46:35 WARN  Using H2 2.4.240 which is newer than the version Flyway has been verified with. The latest verified version of H2 is 2.3.232.[0m
2026.04.19 19:46:35 INFO  no build target found for /home/nullstarfish/personal-ysyx-workbench/ysyxSoC/rocket-chip/src/main/scala/amba/apb/Bundles.scala. Using presentation compiler with project's scala-library version: 3.3.7[0m
2026.04.19 19:46:36 INFO  Attempting to connect to the build server...[0m
2026.04.19 19:46:36 INFO  No running Bloop server found, starting one.[0m
2026.04.19 19:46:37 INFO  Starting compilation server[0m
2026.04.19 19:46:37 INFO  no build target found for /home/nullstarfish/personal-ysyx-workbench/ysyxSoC/rocket-chip/src/main/scala/amba/apb/Bundles.scala. Using presentation compiler with project's scala-library version: 3.3.7[0m
2026.04.19 19:46:39 INFO  tracing is disabled for protocol BSP, to enable tracing of incoming and outgoing JSON messages create an empty file at /home/nullstarfish/personal-ysyx-workbench/ysyxSoC/.metals/bsp.trace.json[0m
2026.04.19 19:46:43 INFO  time: Connected to build server in 6.34s[0m
2026.04.19 19:46:43 INFO  Connected to Build server: Bloop v2.0.19[0m
2026.04.19 19:46:43 INFO  time: Imported build in 0.15s[0m
2026.04.19 19:46:43 WARN  2.13.14 is no longer supported in the current Metals versions, using the last known supported version 1.6.3[0m
2026.04.19 19:46:46 INFO  Created report: Optional[file:///home/nullstarfish/personal-ysyx-workbench/ysyxSoC/file:/home/nullstarfish/personal-ysyx-workbench/ysyxSoC/rocket-chip/src/main/scala/prci/ClockDomain.scala][0m
2026.04.19 19:46:46 INFO  expected identifier; obtained this (full report at: "/home/nullstarfish/personal-ysyx-workbench/ysyxSoC/.metals/.reports/metals/2026-04-19/r_scala-toplevel-mtags_19-46-46-673.md")[0m
2026.04.19 19:46:46 WARN  Could not find java sources in /usr/lib/jvm/src.zip, /usr/lib/jvm/lib/src.zip, /usr/lib/jvm/java-21-openjdk-amd64/src.zip, /usr/lib/jvm/java-21-openjdk-amd64/lib/src.zip. Java symbols will not be available.[0m
2026.04.19 19:46:46 WARN  unexpected dependency with absolute path: /home/nullstarfish/.cache/coursier/v1/https/repo1.maven.org/maven2/org/scala-lang/scala-reflect/2.13.14/scala-reflect-2.13.14-sources.jar[0m
2026.04.19 19:46:46 WARN  unexpected dependency with absolute path: /home/nullstarfish/.cache/coursier/v1/https/repo1.maven.org/maven2/org/scala-lang/scala-library/2.13.14/scala-library-2.13.14-sources.jar[0m
2026.04.19 19:46:46 WARN  unexpected dependency with absolute path: /home/nullstarfish/.cache/coursier/v1/https/repo1.maven.org/maven2/io/github/alexarchambault/data-class_2.13/0.2.6/data-class_2.13-0.2.6-sources.jar[0m
2026.04.19 19:46:46 WARN  unexpected dependency with absolute path: /home/nullstarfish/.cache/coursier/v1/https/repo1.maven.org/maven2/com/lihaoyi/upack_2.13/3.3.0/upack_2.13-3.3.0-sources.jar[0m
2026.04.19 19:46:46 WARN  unexpected dependency with absolute path: /home/nullstarfish/.cache/coursier/v1/https/repo1.maven.org/maven2/com/lihaoyi/os-lib_2.13/0.10.0/os-lib_2.13-0.10.0-sources.jar[0m
2026.04.19 19:46:46 WARN  unexpected dependency with absolute path: /home/nullstarfish/.cache/coursier/v1/https/repo1.maven.org/maven2/org/apache/commons/commons-lang3/3.14.0/commons-lang3-3.14.0-sources.jar[0m
2026.04.19 19:46:46 WARN  unexpected dependency with absolute path: /home/nullstarfish/.cache/coursier/v1/https/repo1.maven.org/maven2/com/lihaoyi/sourcecode_2.13/0.3.1/sourcecode_2.13-0.3.1-sources.jar[0m
2026.04.19 19:46:46 WARN  unexpected dependency with absolute path: /home/nullstarfish/.cache/coursier/v1/https/repo1.maven.org/maven2/com/lihaoyi/geny_2.13/1.1.0/geny_2.13-1.1.0-sources.jar[0m
2026.04.19 19:46:46 WARN  unexpected dependency with absolute path: /home/nullstarfish/.cache/coursier/v1/https/repo1.maven.org/maven2/com/lihaoyi/ujson_2.13/3.3.0/ujson_2.13-3.3.0-sources.jar[0m
2026.04.19 19:46:46 WARN  unexpected dependency with absolute path: /home/nullstarfish/.cache/coursier/v1/https/repo1.maven.org/maven2/org/chipsalliance/chisel_2.13/7.0.0-M2/chisel_2.13-7.0.0-M2-sources.jar[0m
2026.04.19 19:46:46 WARN  unexpected dependency with absolute path: /home/nullstarfish/.cache/coursier/v1/https/repo1.maven.org/maven2/org/apache/commons/commons-text/1.12.0/commons-text-1.12.0-sources.jar[0m
2026.04.19 19:46:46 WARN  unexpected dependency with absolute path: /home/nullstarfish/.cache/coursier/v1/https/repo1.maven.org/maven2/com/lihaoyi/upickle_2.13/3.3.0/upickle_2.13-3.3.0-sources.jar[0m
2026.04.19 19:46:46 WARN  unexpected dependency with absolute path: /home/nullstarfish/.cache/coursier/v1/https/repo1.maven.org/maven2/org/chipsalliance/firtool-resolver_2.13/2.0.0/firtool-resolver_2.13-2.0.0-sources.jar[0m
2026.04.19 19:46:46 WARN  unexpected dependency with absolute path: /home/nullstarfish/.cache/coursier/v1/https/repo1.maven.org/maven2/com/lihaoyi/upickle-implicits_2.13/3.3.0/upickle-implicits_2.13-3.3.0-sources.jar[0m
2026.04.19 19:46:46 WARN  unexpected dependency with absolute path: /home/nullstarfish/.cache/coursier/v1/https/repo1.maven.org/maven2/org/scala-lang/modules/scala-parallel-collections_2.13/1.0.4/scala-parallel-collections_2.13-1.0.4-sources.jar[0m
2026.04.19 19:46:46 WARN  unexpected dependency with absolute path: /home/nullstarfish/.cache/coursier/v1/https/repo1.maven.org/maven2/com/lihaoyi/upickle-core_2.13/3.3.0/upickle-core_2.13-3.3.0-sources.jar[0m
2026.04.19 19:46:46 WARN  unexpected dependency with absolute path: /home/nullstarfish/.cache/coursier/v1/https/repo1.maven.org/maven2/com/lihaoyi/mainargs_2.13/0.5.4/mainargs_2.13-0.5.4-sources.jar[0m
2026.04.19 19:46:46 WARN  unexpected dependency with absolute path: /home/nullstarfish/.cache/coursier/v1/https/repo1.maven.org/maven2/com/fasterxml/jackson/core/jackson-databind/2.12.7/jackson-databind-2.12.7-sources.jar[0m
2026.04.19 19:46:46 WARN  unexpected dependency with absolute path: /home/nullstarfish/.cache/coursier/v1/https/repo1.maven.org/maven2/org/json4s/json4s-jackson-core_2.13/4.0.6/json4s-jackson-core_2.13-4.0.6-sources.jar[0m
2026.04.19 19:46:46 WARN  unexpected dependency with absolute path: /home/nullstarfish/.cache/coursier/v1/https/repo1.maven.org/maven2/com/fasterxml/jackson/core/jackson-core/2.12.7/jackson-core-2.12.7-sources.jar[0m
2026.04.19 19:46:46 WARN  unexpected dependency with absolute path: /home/nullstarfish/.cache/coursier/v1/https/repo1.maven.org/maven2/org/json4s/json4s-jackson_2.13/4.0.6/json4s-jackson_2.13-4.0.6-sources.jar[0m
2026.04.19 19:46:46 WARN  unexpected dependency with absolute path: /home/nullstarfish/.cache/coursier/v1/https/repo1.maven.org/maven2/com/fasterxml/jackson/core/jackson-annotations/2.12.7/jackson-annotations-2.12.7-sources.jar[0m
2026.04.19 19:46:46 WARN  unexpected dependency with absolute path: /home/nullstarfish/.cache/coursier/v1/https/repo1.maven.org/maven2/org/scala-lang/scala-library/2.13.15/scala-library-2.13.15-sources.jar[0m
2026.04.19 19:46:46 WARN  unexpected dependency with absolute path: /home/nullstarfish/.cache/coursier/v1/https/repo1.maven.org/maven2/com/lihaoyi/mill-moduledefs_2.13/0.11.1/mill-moduledefs_2.13-0.11.1-sources.jar[0m
2026.04.19 19:46:46 WARN  unexpected dependency with absolute path: /home/nullstarfish/.cache/coursier/v1/https/repo1.maven.org/maven2/org/scala-lang/scala-reflect/2.13.14/scala-reflect-2.13.14-sources.jar[0m
2026.04.19 19:46:46 WARN  unexpected dependency with absolute path: /home/nullstarfish/.cache/coursier/v1/https/repo1.maven.org/maven2/org/scala-lang/scala-library/2.13.14/scala-library-2.13.14-sources.jar[0m
2026.04.19 19:46:46 WARN  unexpected dependency with absolute path: /home/nullstarfish/.cache/coursier/v1/https/repo1.maven.org/maven2/io/github/alexarchambault/data-class_2.13/0.2.6/data-class_2.13-0.2.6-sources.jar[0m
2026.04.19 19:46:46 WARN  unexpected dependency with absolute path: /home/nullstarfish/.cache/coursier/v1/https/repo1.maven.org/maven2/com/lihaoyi/upack_2.13/3.3.0/upack_2.13-3.3.0-sources.jar[0m
2026.04.19 19:46:46 WARN  unexpected dependency with absolute path: /home/nullstarfish/.cache/coursier/v1/https/repo1.maven.org/maven2/com/lihaoyi/os-lib_2.13/0.10.0/os-lib_2.13-0.10.0-sources.jar[0m
2026.04.19 19:46:46 WARN  unexpected dependency with absolute path: /home/nullstarfish/.cache/coursier/v1/https/repo1.maven.org/maven2/org/apache/commons/commons-lang3/3.14.0/commons-lang3-3.14.0-sources.jar[0m
2026.04.19 19:46:46 WARN  unexpected dependency with absolute path: /home/nullstarfish/.cache/coursier/v1/https/repo1.maven.org/maven2/com/lihaoyi/sourcecode_2.13/0.3.1/sourcecode_2.13-0.3.1-sources.jar[0m
2026.04.19 19:46:46 WARN  unexpected dependency with absolute path: /home/nullstarfish/.cache/coursier/v1/https/repo1.maven.org/maven2/com/lihaoyi/geny_2.13/1.1.0/geny_2.13-1.1.0-sources.jar[0m
2026.04.19 19:46:46 WARN  unexpected dependency with absolute path: /home/nullstarfish/.cache/coursier/v1/https/repo1.maven.org/maven2/com/lihaoyi/ujson_2.13/3.3.0/ujson_2.13-3.3.0-sources.jar[0m
2026.04.19 19:46:46 WARN  unexpected dependency with absolute path: /home/nullstarfish/.cache/coursier/v1/https/repo1.maven.org/maven2/org/chipsalliance/chisel_2.13/7.0.0-M2/chisel_2.13-7.0.0-M2-sources.jar[0m
2026.04.19 19:46:46 WARN  unexpected dependency with absolute path: /home/nullstarfish/.cache/coursier/v1/https/repo1.maven.org/maven2/org/apache/commons/commons-text/1.12.0/commons-text-1.12.0-sources.jar[0m
2026.04.19 19:46:46 WARN  unexpected dependency with absolute path: /home/nullstarfish/.cache/coursier/v1/https/repo1.maven.org/maven2/com/lihaoyi/upickle_2.13/3.3.0/upickle_2.13-3.3.0-sources.jar[0m
2026.04.19 19:46:46 WARN  unexpected dependency with absolute path: /home/nullstarfish/.cache/coursier/v1/https/repo1.maven.org/maven2/org/chipsalliance/firtool-resolver_2.13/2.0.0/firtool-resolver_2.13-2.0.0-sources.jar[0m
2026.04.19 19:46:46 WARN  unexpected dependency with absolute path: /home/nullstarfish/.cache/coursier/v1/https/repo1.maven.org/maven2/com/lihaoyi/upickle-implicits_2.13/3.3.0/upickle-implicits_2.13-3.3.0-sources.jar[0m
2026.04.19 19:46:46 WARN  unexpected dependency with absolute path: /home/nullstarfish/.cache/coursier/v1/https/repo1.maven.org/maven2/org/scala-lang/modules/scala-parallel-collections_2.13/1.0.4/scala-parallel-collections_2.13-1.0.4-sources.jar[0m
2026.04.19 19:46:46 WARN  unexpected dependency with absolute path: /home/nullstarfish/.cache/coursier/v1/https/repo1.maven.org/maven2/com/lihaoyi/upickle-core_2.13/3.3.0/upickle-core_2.13-3.3.0-sources.jar[0m
2026.04.19 19:46:46 WARN  unexpected dependency with absolute path: /home/nullstarfish/.cache/coursier/v1/https/repo1.maven.org/maven2/com/lihaoyi/mainargs_2.13/0.5.4/mainargs_2.13-0.5.4-sources.jar[0m
2026.04.19 19:46:46 WARN  unexpected dependency with absolute path: /home/nullstarfish/.cache/coursier/v1/https/repo1.maven.org/maven2/com/fasterxml/jackson/core/jackson-databind/2.12.7/jackson-databind-2.12.7-sources.jar[0m
2026.04.19 19:46:46 WARN  unexpected dependency with absolute path: /home/nullstarfish/.cache/coursier/v1/https/repo1.maven.org/maven2/org/json4s/json4s-jackson-core_2.13/4.0.6/json4s-jackson-core_2.13-4.0.6-sources.jar[0m
2026.04.19 19:46:46 WARN  unexpected dependency with absolute path: /home/nullstarfish/.cache/coursier/v1/https/repo1.maven.org/maven2/com/fasterxml/jackson/core/jackson-core/2.12.7/jackson-core-2.12.7-sources.jar[0m
2026.04.19 19:46:46 WARN  unexpected dependency with absolute path: /home/nullstarfish/.cache/coursier/v1/https/repo1.maven.org/maven2/org/json4s/json4s-jackson_2.13/4.0.6/json4s-jackson_2.13-4.0.6-sources.jar[0m
2026.04.19 19:46:46 WARN  unexpected dependency with absolute path: /home/nullstarfish/.cache/coursier/v1/https/repo1.maven.org/maven2/com/fasterxml/jackson/core/jackson-annotations/2.12.7/jackson-annotations-2.12.7-sources.jar[0m
2026.04.19 19:46:46 WARN  unexpected dependency with absolute path: /home/nullstarfish/.cache/coursier/v1/https/repo1.maven.org/maven2/org/scala-lang/scala-library/2.13.15/scala-library-2.13.15-sources.jar[0m
2026.04.19 19:46:46 WARN  unexpected dependency with absolute path: /home/nullstarfish/.cache/coursier/v1/https/repo1.maven.org/maven2/com/lihaoyi/mill-moduledefs_2.13/0.11.1/mill-moduledefs_2.13-0.11.1-sources.jar[0m
2026.04.19 19:46:46 INFO  time: indexed workspace in 3.65s[0m
2026.04.19 19:46:47 INFO  compiling rocketchip.macros (1 scala source)[0m
2026.04.19 19:46:47 INFO  compiling rocketchip.cde (1 scala source)[0m
2026.04.19 19:46:47 INFO  compiling rocketchip.hardfloat (20 scala sources)[0m
2026.04.19 19:46:50 INFO  time: compiled rocketchip.macros in 2.78s[0m
2026.04.19 19:46:50 INFO  time: compiled rocketchip.cde in 2.78s[0m
2026.04.19 19:46:50 INFO  compiling rocketchip.diplomacy (36 scala sources)[0m
2026.04.19 19:46:56 INFO  time: compiled rocketchip.diplomacy in 6.59s[0m
2026.04.19 19:46:56 INFO  time: compiled rocketchip.hardfloat in 9.91s[0m
2026.04.19 19:46:58 INFO  compiling rocketchip (317 scala sources)[0m
2026.04.19 19:47:50 WARN  7 deprecations[0m
2026.04.19 19:47:50 WARN  78 deprecations (since 2.13.0)[0m
2026.04.19 19:47:50 WARN  1 deprecation (since 2.13.7)[0m
2026.04.19 19:47:50 WARN  1 deprecation (since 9)[0m
2026.04.19 19:47:50 WARN  27 deprecations (since CDE 0.1)[0m
2026.04.19 19:47:50 WARN  10 deprecations (since diplomacy 1.0.0)[0m
2026.04.19 19:47:50 WARN  1 deprecation (since rocket-chip 1.2)[0m
2026.04.19 19:47:50 WARN  36 deprecations (since rocketchip 2.0.0)[0m
2026.04.19 19:47:50 WARN  161 deprecations in total; re-run with -deprecation for details[0m
2026.04.19 19:47:50 WARN  20 feature warnings; re-run with -feature for details[0m
2026.04.19 19:47:50 INFO  compiling ysyxsoc (37 scala sources)[0m
2026.04.19 19:47:52 INFO  time: compiled rocketchip in 53s[0m
2026.04.19 19:47:57 WARN  1 deprecation (since 2.13.0)[0m
2026.04.19 19:47:57 WARN  1 deprecation (since 2.13.3)[0m
2026.04.19 19:47:57 WARN  90 deprecations (since rocketchip 2.0.0)[0m
2026.04.19 19:47:57 WARN  92 deprecations in total; re-run with -deprecation for details[0m
2026.04.19 19:47:57 INFO  time: compiled ysyxsoc in 6.74s[0m
2026.04.20 00:14:25 INFO  Shutting down server[0m
2026.04.20 00:14:25 INFO  Memory monitor stopped[0m
2026.04.20 00:14:25 INFO  shutting down Metals[0m
2026.04.20 00:14:26 INFO  Shut down connection with build server.[0m
2026.04.20 00:14:25 INFO  Exiting server[0m
2026.04.21 13:49:31 INFO  tracing is disabled for protocol LSP, to enable tracing of incoming and outgoing JSON messages create an empty file at /home/nullstarfish/personal-ysyx-workbench/ysyxSoC/.metals/lsp.trace.json[0m
2026.04.21 13:49:32 INFO  logging to files /home/nullstarfish/personal-ysyx-workbench/ysyxSoC/.metals/metals.log[0m
2026.04.21 13:49:32 INFO  Started: Metals version 1.6.7 in folders '/home/nullstarfish/personal-ysyx-workbench/ysyxSoC' for client Visual Studio Code 1.116.0.[0m
2026.04.21 13:49:32 INFO  Memory monitor started[0m
2026.04.21 13:49:32 WARN  Using H2 2.4.240 which is newer than the version Flyway has been verified with. The latest verified version of H2 is 2.3.232.[0m
2026.04.21 13:49:33 INFO  no build target found for /home/nullstarfish/personal-ysyx-workbench/ysyxSoC/src/device/HwFunction.scala. Using presentation compiler with project's scala-library version: 3.3.7[0m
2026.04.21 13:49:33 INFO  Attempting to connect to the build server...[0m
2026.04.21 13:49:33 INFO  No running Bloop server found, starting one.[0m
2026.04.21 13:49:34 INFO  Starting compilation server[0m
2026.04.21 13:49:35 INFO  no build target found for /home/nullstarfish/personal-ysyx-workbench/ysyxSoC/rocket-chip/src/main/scala/amba/apb/Bundles.scala. Using presentation compiler with project's scala-library version: 3.3.7[0m
2026.04.21 13:49:35 INFO  no build target found for /home/nullstarfish/personal-ysyx-workbench/ysyxSoC/rocket-chip/src/main/scala/amba/apb/Bundles.scala. Using presentation compiler with project's scala-library version: 3.3.7[0m
2026.04.21 13:49:35 INFO  no build target found for /home/nullstarfish/personal-ysyx-workbench/ysyxSoC/src/device/HwFunction.scala. Using presentation compiler with project's scala-library version: 3.3.7[0m
Apr 21, 2026 1:49:35 PM org.eclipse.lsp4j.jsonrpc.RemoteEndpoint handleCancellation
WARNING: Unmatched cancel notification for request id 3
Apr 21, 2026 1:49:35 PM org.eclipse.lsp4j.jsonrpc.RemoteEndpoint handleCancellation
WARNING: Unmatched cancel notification for request id 5
Apr 21, 2026 1:49:35 PM org.eclipse.lsp4j.jsonrpc.RemoteEndpoint handleCancellation
WARNING: Unmatched cancel notification for request id 2
2026.04.21 13:49:35 INFO  no build target found for /home/nullstarfish/personal-ysyx-workbench/ysyxSoC/src/device/HwFunction.scala. Using presentation compiler with project's scala-library version: 3.3.7[0m
Exception in thread "pool-5-thread-1" java.lang.InterruptedException
	at scala.meta.internal.metals.FutureCancelToken.checkCanceled(FutureCancelToken.scala:29)
	at scala.meta.internal.pc.CompilerAccess.onCompilerJobQueue$$anonfun$1(CompilerAccess.scala:208)
	at scala.meta.internal.pc.CompilerJobQueue$Job.run(CompilerJobQueue.scala:153)
	at java.base/java.util.concurrent.ThreadPoolExecutor.runWorker(ThreadPoolExecutor.java:1144)
	at java.base/java.util.concurrent.ThreadPoolExecutor$Worker.run(ThreadPoolExecutor.java:642)
	at java.base/java.lang.Thread.run(Thread.java:1583)
2026.04.21 13:49:35 INFO  no build target found for /home/nullstarfish/personal-ysyx-workbench/ysyxSoC/src/chiplink/SinkC.scala. Using presentation compiler with project's scala-library version: 3.3.7[0m
2026.04.21 13:49:35 INFO  no build target found for /home/nullstarfish/personal-ysyx-workbench/ysyxSoC/src/chiplink/SinkC.scala. Using presentation compiler with project's scala-library version: 3.3.7[0m
Apr 21, 2026 1:49:36 PM org.eclipse.lsp4j.jsonrpc.RemoteEndpoint handleCancellation
WARNING: Unmatched cancel notification for request id 15
2026.04.21 13:49:35 INFO  no build target found for /home/nullstarfish/personal-ysyx-workbench/ysyxSoC/src/chiplink/SinkC.scala. Using presentation compiler with project's scala-library version: 3.3.7[0m
Apr 21, 2026 1:49:36 PM org.eclipse.lsp4j.jsonrpc.RemoteEndpoint handleCancellation
WARNING: Unmatched cancel notification for request id 18
Apr 21, 2026 1:49:36 PM org.eclipse.lsp4j.jsonrpc.RemoteEndpoint handleCancellation
WARNING: Unmatched cancel notification for request id 16
2026.04.21 13:49:35 INFO  no build target found for /home/nullstarfish/personal-ysyx-workbench/ysyxSoC/src/chiplink/SinkC.scala. Using presentation compiler with project's scala-library version: 3.3.7[0m
2026.04.21 13:49:35 INFO  no build target found for /home/nullstarfish/personal-ysyx-workbench/ysyxSoC/src/chiplink/SourceA.scala. Using presentation compiler with project's scala-library version: 3.3.7[0m
2026.04.21 13:49:36 INFO  tracing is disabled for protocol BSP, to enable tracing of incoming and outgoing JSON messages create an empty file at /home/nullstarfish/personal-ysyx-workbench/ysyxSoC/.metals/bsp.trace.json[0m
2026.04.21 13:49:35 INFO  no build target found for /home/nullstarfish/personal-ysyx-workbench/ysyxSoC/src/chiplink/SourceA.scala. Using presentation compiler with project's scala-library version: 3.3.7[0m
Apr 21, 2026 1:49:36 PM org.eclipse.lsp4j.jsonrpc.RemoteEndpoint handleCancellation
WARNING: Unmatched cancel notification for request id 20
2026.04.21 13:49:35 INFO  no build target found for /home/nullstarfish/personal-ysyx-workbench/ysyxSoC/src/chiplink/SourceA.scala. Using presentation compiler with project's scala-library version: 3.3.7[0m
2026.04.21 13:49:48 INFO  time: Connected to build server in 15s[0m
2026.04.21 13:49:48 INFO  Connected to Build server: Bloop v2.0.19[0m
2026.04.21 13:49:48 INFO  time: Imported build in 0.29s[0m
2026.04.21 13:49:49 WARN  2.13.14 is no longer supported in the current Metals versions, using the last known supported version 1.6.3[0m
2026.04.21 13:49:53 INFO  Created report: Optional[file:///home/nullstarfish/personal-ysyx-workbench/ysyxSoC/file:/home/nullstarfish/personal-ysyx-workbench/ysyxSoC/rocket-chip/src/main/scala/prci/ClockDomain.scala][0m
2026.04.21 13:49:53 INFO  expected identifier; obtained this (full report at: "/home/nullstarfish/personal-ysyx-workbench/ysyxSoC/.metals/.reports/metals/2026-04-21/r_scala-toplevel-mtags_13-49-53-330.md")[0m
2026.04.21 13:49:54 WARN  Could not find java sources in /usr/lib/jvm/src.zip, /usr/lib/jvm/lib/src.zip, /usr/lib/jvm/java-21-openjdk-amd64/src.zip, /usr/lib/jvm/java-21-openjdk-amd64/lib/src.zip. Java symbols will not be available.[0m
2026.04.21 13:49:54 WARN  unexpected dependency with absolute path: /home/nullstarfish/.cache/coursier/v1/https/repo1.maven.org/maven2/com/lihaoyi/mainargs_2.13/0.5.4/mainargs_2.13-0.5.4-sources.jar[0m
2026.04.21 13:49:54 WARN  unexpected dependency with absolute path: /home/nullstarfish/.cache/coursier/v1/https/repo1.maven.org/maven2/com/fasterxml/jackson/core/jackson-databind/2.12.7/jackson-databind-2.12.7-sources.jar[0m
2026.04.21 13:49:54 WARN  unexpected dependency with absolute path: /home/nullstarfish/.cache/coursier/v1/https/repo1.maven.org/maven2/com/lihaoyi/upack_2.13/3.3.0/upack_2.13-3.3.0-sources.jar[0m
2026.04.21 13:49:54 WARN  unexpected dependency with absolute path: /home/nullstarfish/.cache/coursier/v1/https/repo1.maven.org/maven2/org/scala-lang/scala-reflect/2.13.14/scala-reflect-2.13.14-sources.jar[0m
2026.04.21 13:49:54 WARN  unexpected dependency with absolute path: /home/nullstarfish/.cache/coursier/v1/https/repo1.maven.org/maven2/com/lihaoyi/os-lib_2.13/0.10.0/os-lib_2.13-0.10.0-sources.jar[0m
2026.04.21 13:49:54 WARN  unexpected dependency with absolute path: /home/nullstarfish/.cache/coursier/v1/https/repo1.maven.org/maven2/org/apache/commons/commons-lang3/3.14.0/commons-lang3-3.14.0-sources.jar[0m
2026.04.21 13:49:54 WARN  unexpected dependency with absolute path: /home/nullstarfish/.cache/coursier/v1/https/repo1.maven.org/maven2/com/lihaoyi/sourcecode_2.13/0.3.1/sourcecode_2.13-0.3.1-sources.jar[0m
2026.04.21 13:49:54 WARN  unexpected dependency with absolute path: /home/nullstarfish/.cache/coursier/v1/https/repo1.maven.org/maven2/com/lihaoyi/geny_2.13/1.1.0/geny_2.13-1.1.0-sources.jar[0m
2026.04.21 13:49:54 WARN  unexpected dependency with absolute path: /home/nullstarfish/.cache/coursier/v1/https/repo1.maven.org/maven2/org/json4s/json4s-jackson-core_2.13/4.0.6/json4s-jackson-core_2.13-4.0.6-sources.jar[0m
2026.04.21 13:49:54 WARN  unexpected dependency with absolute path: /home/nullstarfish/.cache/coursier/v1/https/repo1.maven.org/maven2/com/lihaoyi/ujson_2.13/3.3.0/ujson_2.13-3.3.0-sources.jar[0m
2026.04.21 13:49:54 WARN  unexpected dependency with absolute path: /home/nullstarfish/.cache/coursier/v1/https/repo1.maven.org/maven2/org/chipsalliance/chisel_2.13/7.0.0-M2/chisel_2.13-7.0.0-M2-sources.jar[0m
2026.04.21 13:49:54 WARN  unexpected dependency with absolute path: /home/nullstarfish/.cache/coursier/v1/https/repo1.maven.org/maven2/org/apache/commons/commons-text/1.12.0/commons-text-1.12.0-sources.jar[0m
2026.04.21 13:49:54 WARN  unexpected dependency with absolute path: /home/nullstarfish/.cache/coursier/v1/https/repo1.maven.org/maven2/com/fasterxml/jackson/core/jackson-core/2.12.7/jackson-core-2.12.7-sources.jar[0m
2026.04.21 13:49:54 WARN  unexpected dependency with absolute path: /home/nullstarfish/.cache/coursier/v1/https/repo1.maven.org/maven2/io/github/alexarchambault/data-class_2.13/0.2.6/data-class_2.13-0.2.6-sources.jar[0m
2026.04.21 13:49:54 WARN  unexpected dependency with absolute path: /home/nullstarfish/.cache/coursier/v1/https/repo1.maven.org/maven2/com/lihaoyi/upickle_2.13/3.3.0/upickle_2.13-3.3.0-sources.jar[0m
2026.04.21 13:49:54 WARN  unexpected dependency with absolute path: /home/nullstarfish/.cache/coursier/v1/https/repo1.maven.org/maven2/org/chipsalliance/firtool-resolver_2.13/2.0.0/firtool-resolver_2.13-2.0.0-sources.jar[0m
2026.04.21 13:49:54 WARN  unexpected dependency with absolute path: /home/nullstarfish/.cache/coursier/v1/https/repo1.maven.org/maven2/org/scala-lang/scala-library/2.13.14/scala-library-2.13.14-sources.jar[0m
2026.04.21 13:49:54 WARN  unexpected dependency with absolute path: /home/nullstarfish/.cache/coursier/v1/https/repo1.maven.org/maven2/org/json4s/json4s-jackson_2.13/4.0.6/json4s-jackson_2.13-4.0.6-sources.jar[0m
2026.04.21 13:49:54 WARN  unexpected dependency with absolute path: /home/nullstarfish/.cache/coursier/v1/https/repo1.maven.org/maven2/com/fasterxml/jackson/core/jackson-annotations/2.12.7/jackson-annotations-2.12.7-sources.jar[0m
2026.04.21 13:49:54 WARN  unexpected dependency with absolute path: /home/nullstarfish/.cache/coursier/v1/https/repo1.maven.org/maven2/com/lihaoyi/upickle-implicits_2.13/3.3.0/upickle-implicits_2.13-3.3.0-sources.jar[0m
2026.04.21 13:49:54 WARN  unexpected dependency with absolute path: /home/nullstarfish/.cache/coursier/v1/https/repo1.maven.org/maven2/org/scala-lang/modules/scala-parallel-collections_2.13/1.0.4/scala-parallel-collections_2.13-1.0.4-sources.jar[0m
2026.04.21 13:49:54 WARN  unexpected dependency with absolute path: /home/nullstarfish/.cache/coursier/v1/https/repo1.maven.org/maven2/com/lihaoyi/upickle-core_2.13/3.3.0/upickle-core_2.13-3.3.0-sources.jar[0m
2026.04.21 13:49:54 WARN  unexpected dependency with absolute path: /home/nullstarfish/.cache/coursier/v1/https/repo1.maven.org/maven2/org/scala-lang/scala-library/2.13.15/scala-library-2.13.15-sources.jar[0m
2026.04.21 13:49:54 WARN  unexpected dependency with absolute path: /home/nullstarfish/.cache/coursier/v1/https/repo1.maven.org/maven2/com/lihaoyi/mill-moduledefs_2.13/0.11.1/mill-moduledefs_2.13-0.11.1-sources.jar[0m
2026.04.21 13:49:54 WARN  unexpected dependency with absolute path: /home/nullstarfish/.cache/coursier/v1/https/repo1.maven.org/maven2/com/lihaoyi/mainargs_2.13/0.5.4/mainargs_2.13-0.5.4-sources.jar[0m
2026.04.21 13:49:54 WARN  unexpected dependency with absolute path: /home/nullstarfish/.cache/coursier/v1/https/repo1.maven.org/maven2/com/fasterxml/jackson/core/jackson-databind/2.12.7/jackson-databind-2.12.7-sources.jar[0m
2026.04.21 13:49:54 WARN  unexpected dependency with absolute path: /home/nullstarfish/.cache/coursier/v1/https/repo1.maven.org/maven2/com/lihaoyi/upack_2.13/3.3.0/upack_2.13-3.3.0-sources.jar[0m
2026.04.21 13:49:54 WARN  unexpected dependency with absolute path: /home/nullstarfish/.cache/coursier/v1/https/repo1.maven.org/maven2/org/scala-lang/scala-reflect/2.13.14/scala-reflect-2.13.14-sources.jar[0m
2026.04.21 13:49:54 WARN  unexpected dependency with absolute path: /home/nullstarfish/.cache/coursier/v1/https/repo1.maven.org/maven2/com/lihaoyi/os-lib_2.13/0.10.0/os-lib_2.13-0.10.0-sources.jar[0m
2026.04.21 13:49:54 WARN  unexpected dependency with absolute path: /home/nullstarfish/.cache/coursier/v1/https/repo1.maven.org/maven2/org/apache/commons/commons-lang3/3.14.0/commons-lang3-3.14.0-sources.jar[0m
2026.04.21 13:49:54 WARN  unexpected dependency with absolute path: /home/nullstarfish/.cache/coursier/v1/https/repo1.maven.org/maven2/com/lihaoyi/sourcecode_2.13/0.3.1/sourcecode_2.13-0.3.1-sources.jar[0m
2026.04.21 13:49:54 WARN  unexpected dependency with absolute path: /home/nullstarfish/.cache/coursier/v1/https/repo1.maven.org/maven2/com/lihaoyi/geny_2.13/1.1.0/geny_2.13-1.1.0-sources.jar[0m
2026.04.21 13:49:54 WARN  unexpected dependency with absolute path: /home/nullstarfish/.cache/coursier/v1/https/repo1.maven.org/maven2/org/json4s/json4s-jackson-core_2.13/4.0.6/json4s-jackson-core_2.13-4.0.6-sources.jar[0m
2026.04.21 13:49:54 WARN  unexpected dependency with absolute path: /home/nullstarfish/.cache/coursier/v1/https/repo1.maven.org/maven2/com/lihaoyi/ujson_2.13/3.3.0/ujson_2.13-3.3.0-sources.jar[0m
2026.04.21 13:49:54 WARN  unexpected dependency with absolute path: /home/nullstarfish/.cache/coursier/v1/https/repo1.maven.org/maven2/org/chipsalliance/chisel_2.13/7.0.0-M2/chisel_2.13-7.0.0-M2-sources.jar[0m
2026.04.21 13:49:54 WARN  unexpected dependency with absolute path: /home/nullstarfish/.cache/coursier/v1/https/repo1.maven.org/maven2/org/apache/commons/commons-text/1.12.0/commons-text-1.12.0-sources.jar[0m
2026.04.21 13:49:54 WARN  unexpected dependency with absolute path: /home/nullstarfish/.cache/coursier/v1/https/repo1.maven.org/maven2/com/fasterxml/jackson/core/jackson-core/2.12.7/jackson-core-2.12.7-sources.jar[0m
2026.04.21 13:49:54 WARN  unexpected dependency with absolute path: /home/nullstarfish/.cache/coursier/v1/https/repo1.maven.org/maven2/io/github/alexarchambault/data-class_2.13/0.2.6/data-class_2.13-0.2.6-sources.jar[0m
2026.04.21 13:49:54 WARN  unexpected dependency with absolute path: /home/nullstarfish/.cache/coursier/v1/https/repo1.maven.org/maven2/com/lihaoyi/upickle_2.13/3.3.0/upickle_2.13-3.3.0-sources.jar[0m
2026.04.21 13:49:54 WARN  unexpected dependency with absolute path: /home/nullstarfish/.cache/coursier/v1/https/repo1.maven.org/maven2/org/chipsalliance/firtool-resolver_2.13/2.0.0/firtool-resolver_2.13-2.0.0-sources.jar[0m
2026.04.21 13:49:54 WARN  unexpected dependency with absolute path: /home/nullstarfish/.cache/coursier/v1/https/repo1.maven.org/maven2/org/scala-lang/scala-library/2.13.14/scala-library-2.13.14-sources.jar[0m
2026.04.21 13:49:54 WARN  unexpected dependency with absolute path: /home/nullstarfish/.cache/coursier/v1/https/repo1.maven.org/maven2/org/json4s/json4s-jackson_2.13/4.0.6/json4s-jackson_2.13-4.0.6-sources.jar[0m
2026.04.21 13:49:54 WARN  unexpected dependency with absolute path: /home/nullstarfish/.cache/coursier/v1/https/repo1.maven.org/maven2/com/fasterxml/jackson/core/jackson-annotations/2.12.7/jackson-annotations-2.12.7-sources.jar[0m
2026.04.21 13:49:54 WARN  unexpected dependency with absolute path: /home/nullstarfish/.cache/coursier/v1/https/repo1.maven.org/maven2/com/lihaoyi/upickle-implicits_2.13/3.3.0/upickle-implicits_2.13-3.3.0-sources.jar[0m
2026.04.21 13:49:54 WARN  unexpected dependency with absolute path: /home/nullstarfish/.cache/coursier/v1/https/repo1.maven.org/maven2/org/scala-lang/modules/scala-parallel-collections_2.13/1.0.4/scala-parallel-collections_2.13-1.0.4-sources.jar[0m
2026.04.21 13:49:54 WARN  unexpected dependency with absolute path: /home/nullstarfish/.cache/coursier/v1/https/repo1.maven.org/maven2/com/lihaoyi/upickle-core_2.13/3.3.0/upickle-core_2.13-3.3.0-sources.jar[0m
2026.04.21 13:49:54 WARN  unexpected dependency with absolute path: /home/nullstarfish/.cache/coursier/v1/https/repo1.maven.org/maven2/org/scala-lang/scala-library/2.13.15/scala-library-2.13.15-sources.jar[0m
2026.04.21 13:49:54 WARN  unexpected dependency with absolute path: /home/nullstarfish/.cache/coursier/v1/https/repo1.maven.org/maven2/com/lihaoyi/mill-moduledefs_2.13/0.11.1/mill-moduledefs_2.13-0.11.1-sources.jar[0m
2026.04.21 13:49:54 INFO  time: indexed workspace in 5.89s[0m
2026.04.21 13:49:55 ERROR /home/nullstarfish/.cache/coursier/v1/https/repo1.maven.org/maven2/org/chipsalliance/chisel-plugin_2.13.14/7.0.0-M2/chisel-plugin_2.13.14-7.0.0-M2.jar
java.nio.file.ClosedFileSystemException
	at jdk.nio.zipfs.ZipFileSystem.ensureOpen(ZipFileSystem.java:1635)
	at jdk.nio.zipfs.ZipFileSystem$EntryInputStream.read(ZipFileSystem.java:2327)
	at jdk.nio.zipfs.ZipFileSystem$2.fill(ZipFileSystem.java:2278)
	at java.util.zip.InflaterInputStream.read(InflaterInputStream.java:175)
	at com.sun.org.apache.xerces.internal.impl.XMLEntityManager$RewindableInputStream.read(XMLEntityManager.java:3065)
	at com.sun.org.apache.xerces.internal.impl.io.UTF8Reader.read(UTF8Reader.java:303)
	at com.sun.org.apache.xerces.internal.impl.XMLEntityScanner.load(XMLEntityScanner.java:1699)
	at com.sun.org.apache.xerces.internal.impl.XMLEntityScanner.skipChar(XMLEntityScanner.java:1375)
	at com.sun.org.apache.xerces.internal.impl.XMLDocumentFragmentScannerImpl$FragmentContentDriver.next(XMLDocumentFragmentScannerImpl.java:2764)
	at com.sun.org.apache.xerces.internal.impl.XMLDocumentScannerImpl.next(XMLDocumentScannerImpl.java:605)
	at com.sun.org.apache.xerces.internal.impl.XMLDocumentFragmentScannerImpl.scanDocument(XMLDocumentFragmentScannerImpl.java:542)
	at com.sun.org.apache.xerces.internal.parsers.XML11Configuration.parse(XML11Configuration.java:889)
	at com.sun.org.apache.xerces.internal.parsers.XML11Configuration.parse(XML11Configuration.java:825)
	at com.sun.org.apache.xerces.internal.parsers.XMLParser.parse(XMLParser.java:141)
	at com.sun.org.apache.xerces.internal.parsers.AbstractSAXParser.parse(AbstractSAXParser.java:1224)
	at com.sun.org.apache.xerces.internal.jaxp.SAXParserImpl$JAXPSAXParser.parse(SAXParserImpl.java:637)
	at scala.xml.parsing.FactoryAdapter.loadDocument(FactoryAdapter.scala:141)
	at scala.xml.factory.XMLLoader.loadDocument(XMLLoader.scala:65)
	at scala.xml.factory.XMLLoader.loadDocument$(XMLLoader.scala:65)
	at scala.xml.XML$.loadDocument(XML.scala:61)
	at scala.xml.factory.XMLLoader.loadDocument(XMLLoader.scala:71)
	at scala.xml.factory.XMLLoader.loadDocument$(XMLLoader.scala:71)
	at scala.xml.XML$.loadDocument(XML.scala:61)
	at scala.xml.factory.XMLLoader.load(XMLLoader.scala:83)
	at scala.xml.factory.XMLLoader.load$(XMLLoader.scala:83)
	at scala.xml.XML$.load(XML.scala:61)
	at scala.meta.internal.metals.CompilerPlugins.$anonfun$isSupportedPlugin$2(CompilerPlugins.scala:68)
	at scala.meta.internal.metals.CompilerPlugins.$anonfun$isSupportedPlugin$2$adapted(CompilerPlugins.scala:64)
	at scala.meta.internal.io.PlatformFileIO$.withJarFileSystem(PlatformFileIO.scala:68)
	at scala.meta.internal.io.FileIO$.withJarFileSystem(FileIO.scala:33)
	at scala.meta.internal.metals.CompilerPlugins.$anonfun$isSupportedPlugin$1(CompilerPlugins.scala:64)
	at scala.meta.internal.metals.CompilerPlugins.$anonfun$isSupportedPlugin$1$adapted(CompilerPlugins.scala:61)
	at scala.collection.IterableOnceOps.exists(IterableOnce.scala:658)
	at scala.collection.IterableOnceOps.exists$(IterableOnce.scala:655)
	at scala.collection.AbstractIterable.exists(Iterable.scala:936)
	at scala.meta.internal.metals.CompilerPlugins.isSupportedPlugin(CompilerPlugins.scala:61)
	at scala.meta.internal.metals.CompilerPlugins.$anonfun$filterSupportedOptions$3(CompilerPlugins.scala:46)
	at scala.runtime.java8.JFunction0$mcZ$sp.apply(JFunction0$mcZ$sp.scala:17)
	at scala.collection.concurrent.TrieMap.getOrElseUpdate(TrieMap.scala:960)
	at scala.meta.internal.metals.CompilerPlugins.$anonfun$filterSupportedOptions$1(CompilerPlugins.scala:46)
	at scala.meta.internal.metals.CompilerPlugins.$anonfun$filterSupportedOptions$1$adapted(CompilerPlugins.scala:43)
	at scala.collection.immutable.List.filter(List.scala:505)
	at scala.collection.immutable.List.filter(List.scala:79)
	at scala.meta.internal.metals.CompilerPlugins.filterSupportedOptions(CompilerPlugins.scala:43)
	at scala.meta.internal.metals.CompilerConfiguration.scala$meta$internal$metals$CompilerConfiguration$$fromMtags(CompilerConfiguration.scala:329)
	at scala.meta.internal.metals.CompilerConfiguration$ScalaLazyCompiler.newCompiler(CompilerConfiguration.scala:226)
	at scala.meta.internal.metals.CompilerConfiguration$LazyCompiler.$anonfun$presentationCompilerFuture$2(CompilerConfiguration.scala:135)
	at scala.concurrent.impl.Promise$Transformation.run(Promise.scala:500)
	at java.util.concurrent.ThreadPoolExecutor.runWorker(ThreadPoolExecutor.java:1144)
	at java.util.concurrent.ThreadPoolExecutor$Worker.run(ThreadPoolExecutor.java:642)
	at java.lang.Thread.run(Thread.java:1583)
[0m
2026.04.21 13:49:55 ERROR /home/nullstarfish/.cache/bloop/semanticdb/org.scalameta.semanticdb-scalac_2.13.14.4.14.1/semanticdb-scalac_2.13.14-4.14.1.jar
java.nio.file.ClosedFileSystemException
	at jdk.nio.zipfs.ZipFileSystem.ensureOpen(ZipFileSystem.java:1635)
	at jdk.nio.zipfs.ZipFileSystem$EntryInputStream.read(ZipFileSystem.java:2327)
	at jdk.nio.zipfs.ZipFileSystem$2.fill(ZipFileSystem.java:2278)
	at java.util.zip.InflaterInputStream.read(InflaterInputStream.java:175)
	at java.util.zip.InflaterInputStream.read(InflaterInputStream.java:123)
	at com.sun.org.apache.xerces.internal.impl.XMLEntityManager$RewindableInputStream.readAndBuffer(XMLEntityManager.java:3027)
	at com.sun.org.apache.xerces.internal.impl.XMLEntityManager.setupCurrentEntity(XMLEntityManager.java:706)
	at com.sun.org.apache.xerces.internal.impl.XMLVersionDetector.determineDocVersion(XMLVersionDetector.java:150)
	at com.sun.org.apache.xerces.internal.parsers.XML11Configuration.parse(XML11Configuration.java:861)
	at com.sun.org.apache.xerces.internal.parsers.XML11Configuration.parse(XML11Configuration.java:825)
	at com.sun.org.apache.xerces.internal.parsers.XMLParser.parse(XMLParser.java:141)
	at com.sun.org.apache.xerces.internal.parsers.AbstractSAXParser.parse(AbstractSAXParser.java:1224)
	at com.sun.org.apache.xerces.internal.jaxp.SAXParserImpl$JAXPSAXParser.parse(SAXParserImpl.java:637)
	at scala.xml.parsing.FactoryAdapter.loadDocument(FactoryAdapter.scala:141)
	at scala.xml.factory.XMLLoader.loadDocument(XMLLoader.scala:65)
	at scala.xml.factory.XMLLoader.loadDocument$(XMLLoader.scala:65)
	at scala.xml.XML$.loadDocument(XML.scala:61)
	at scala.xml.factory.XMLLoader.loadDocument(XMLLoader.scala:71)
	at scala.xml.factory.XMLLoader.loadDocument$(XMLLoader.scala:71)
	at scala.xml.XML$.loadDocument(XML.scala:61)
	at scala.xml.factory.XMLLoader.load(XMLLoader.scala:83)
	at scala.xml.factory.XMLLoader.load$(XMLLoader.scala:83)
	at scala.xml.XML$.load(XML.scala:61)
	at scala.meta.internal.metals.CompilerPlugins.$anonfun$isSupportedPlugin$2(CompilerPlugins.scala:68)
	at scala.meta.internal.metals.CompilerPlugins.$anonfun$isSupportedPlugin$2$adapted(CompilerPlugins.scala:64)
	at scala.meta.internal.io.PlatformFileIO$.withJarFileSystem(PlatformFileIO.scala:68)
	at scala.meta.internal.io.FileIO$.withJarFileSystem(FileIO.scala:33)
	at scala.meta.internal.metals.CompilerPlugins.$anonfun$isSupportedPlugin$1(CompilerPlugins.scala:64)
	at scala.meta.internal.metals.CompilerPlugins.$anonfun$isSupportedPlugin$1$adapted(CompilerPlugins.scala:61)
	at scala.collection.IterableOnceOps.exists(IterableOnce.scala:658)
	at scala.collection.IterableOnceOps.exists$(IterableOnce.scala:655)
	at scala.collection.AbstractIterable.exists(Iterable.scala:936)
	at scala.meta.internal.metals.CompilerPlugins.isSupportedPlugin(CompilerPlugins.scala:61)
	at scala.meta.internal.metals.CompilerPlugins.$anonfun$filterSupportedOptions$3(CompilerPlugins.scala:46)
	at scala.runtime.java8.JFunction0$mcZ$sp.apply(JFunction0$mcZ$sp.scala:17)
	at scala.collection.concurrent.TrieMap.getOrElseUpdate(TrieMap.scala:960)
	at scala.meta.internal.metals.CompilerPlugins.$anonfun$filterSupportedOptions$1(CompilerPlugins.scala:46)
	at scala.meta.internal.metals.CompilerPlugins.$anonfun$filterSupportedOptions$1$adapted(CompilerPlugins.scala:43)
	at scala.collection.immutable.List.filter(List.scala:549)
	at scala.collection.immutable.List.filter(List.scala:79)
	at scala.meta.internal.metals.CompilerPlugins.filterSupportedOptions(CompilerPlugins.scala:43)
	at scala.meta.internal.metals.CompilerConfiguration.scala$meta$internal$metals$CompilerConfiguration$$fromMtags(CompilerConfiguration.scala:329)
	at scala.meta.internal.metals.CompilerConfiguration$ScalaLazyCompiler.newCompiler(CompilerConfiguration.scala:226)
	at scala.meta.internal.metals.CompilerConfiguration$LazyCompiler.$anonfun$presentationCompilerFuture$2(CompilerConfiguration.scala:135)
	at scala.concurrent.impl.Promise$Transformation.run(Promise.scala:500)
	at java.util.concurrent.ThreadPoolExecutor.runWorker(ThreadPoolExecutor.java:1144)
	at java.util.concurrent.ThreadPoolExecutor$Worker.run(ThreadPoolExecutor.java:642)
	at java.lang.Thread.run(Thread.java:1583)
[0m
Apr 21, 2026 1:49:55 PM org.eclipse.lsp4j.jsonrpc.RemoteEndpoint handleCancellation
WARNING: Unmatched cancel notification for request id 28
Apr 21, 2026 1:49:55 PM org.eclipse.lsp4j.jsonrpc.RemoteEndpoint handleCancellation
WARNING: Unmatched cancel notification for request id 31
Apr 21, 2026 1:49:55 PM org.eclipse.lsp4j.jsonrpc.RemoteEndpoint handleCancellation
WARNING: Unmatched cancel notification for request id 29
Apr 21, 2026 1:49:55 PM org.eclipse.lsp4j.jsonrpc.RemoteEndpoint handleCancellation
WARNING: Unmatched cancel notification for request id 37
Apr 21, 2026 1:49:55 PM org.eclipse.lsp4j.jsonrpc.RemoteEndpoint handleCancellation
WARNING: Unmatched cancel notification for request id 36
Apr 21, 2026 1:49:55 PM org.eclipse.lsp4j.jsonrpc.RemoteEndpoint handleCancellation
WARNING: Unmatched cancel notification for request id 34
2026.04.21 13:49:55 INFO  compiling rocketchip.macros (1 scala source)[0m
2026.04.21 13:49:55 INFO  compiling rocketchip.cde (1 scala source)[0m
2026.04.21 13:49:55 INFO  compiling rocketchip.hardfloat (20 scala sources)[0m
2026.04.21 13:50:00 INFO  time: compiled rocketchip.cde in 4.93s[0m
2026.04.21 13:50:00 INFO  time: compiled rocketchip.macros in 4.93s[0m
2026.04.21 13:50:00 INFO  compiling rocketchip.diplomacy (36 scala sources)[0m
2026.04.21 13:50:09 INFO  time: compiled rocketchip.diplomacy in 8.67s[0m
2026.04.21 13:50:09 INFO  time: compiled rocketchip.hardfloat in 14s[0m
2026.04.21 13:50:11 INFO  compiling rocketchip (317 scala sources)[0m
Apr 21, 2026 1:50:24 PM org.eclipse.lsp4j.jsonrpc.services.GenericEndpoint notify
INFO: Unsupported notification method: $/setTrace
2026.04.21 13:51:18 WARN  7 deprecations[0m
2026.04.21 13:51:18 WARN  78 deprecations (since 2.13.0)[0m
2026.04.21 13:51:18 WARN  1 deprecation (since 2.13.7)[0m
2026.04.21 13:51:18 WARN  1 deprecation (since 9)[0m
2026.04.21 13:51:18 WARN  27 deprecations (since CDE 0.1)[0m
2026.04.21 13:51:18 WARN  10 deprecations (since diplomacy 1.0.0)[0m
2026.04.21 13:51:18 WARN  1 deprecation (since rocket-chip 1.2)[0m
2026.04.21 13:51:18 WARN  36 deprecations (since rocketchip 2.0.0)[0m
2026.04.21 13:51:18 WARN  161 deprecations in total; re-run with -deprecation for details[0m
2026.04.21 13:51:18 WARN  20 feature warnings; re-run with -feature for details[0m
2026.04.21 13:51:19 INFO  compiling ysyxsoc (37 scala sources)[0m
2026.04.21 13:51:20 INFO  time: compiled rocketchip in 1m8s[0m
2026.04.21 13:51:27 WARN  1 deprecation (since 2.13.0)[0m
2026.04.21 13:51:27 WARN  1 deprecation (since 2.13.3)[0m
2026.04.21 13:51:27 WARN  90 deprecations (since rocketchip 2.0.0)[0m
2026.04.21 13:51:27 WARN  92 deprecations in total; re-run with -deprecation for details[0m
2026.04.21 13:51:27 INFO  time: compiled ysyxsoc in 8.22s[0m
2026.04.29 14:08:07 INFO  tracing is disabled for protocol LSP, to enable tracing of incoming and outgoing JSON messages create an empty file at /home/nullstarfish/personal-ysyx-workbench/ysyxSoC/.metals/lsp.trace.json[0m
2026.04.29 14:08:08 INFO  logging to files /home/nullstarfish/personal-ysyx-workbench/ysyxSoC/.metals/metals.log[0m
2026.04.29 14:08:08 INFO  Started: Metals version 1.6.7 in folders '/home/nullstarfish/personal-ysyx-workbench/ysyxSoC' for client Visual Studio Code 1.117.0.[0m
2026.04.29 14:08:08 INFO  Memory monitor started[0m
2026.04.29 14:08:13 WARN  Using H2 2.4.240 which is newer than the version Flyway has been verified with. The latest verified version of H2 is 2.3.232.[0m
2026.04.29 14:08:13 INFO  no build target found for /home/nullstarfish/personal-ysyx-workbench/ysyxSoC/rocket-chip/src/main/scala/amba/apb/SRAM.scala. Using presentation compiler with project's scala-library version: 3.3.7[0m
2026.04.29 14:08:13 INFO  Attempting to connect to the build server...[0m
2026.04.29 14:08:13 INFO  Found a Bloop server running[0m
2026.04.29 14:08:13 INFO  tracing is disabled for protocol BSP, to enable tracing of incoming and outgoing JSON messages create an empty file at /home/nullstarfish/personal-ysyx-workbench/ysyxSoC/.metals/bsp.trace.json[0m
2026.04.29 14:08:14 INFO  no build target found for /home/nullstarfish/personal-ysyx-workbench/ysyxSoC/rocket-chip/src/main/scala/amba/apb/Parameters.scala. Using presentation compiler with project's scala-library version: 3.3.7[0m
Apr 29, 2026 2:08:14 PM org.eclipse.lsp4j.jsonrpc.RemoteEndpoint handleCancellation
WARNING: Unmatched cancel notification for request id 4
Apr 29, 2026 2:08:14 PM org.eclipse.lsp4j.jsonrpc.RemoteEndpoint handleCancellation
WARNING: Unmatched cancel notification for request id 6
Apr 29, 2026 2:08:14 PM org.eclipse.lsp4j.jsonrpc.RemoteEndpoint handleCancellation
WARNING: Unmatched cancel notification for request id 2
2026.04.29 14:08:14 INFO  no build target found for /home/nullstarfish/personal-ysyx-workbench/ysyxSoC/rocket-chip/src/main/scala/amba/apb/Parameters.scala. Using presentation compiler with project's scala-library version: 3.3.7[0m
2026.04.29 14:08:14 Apr 29, 2026 2:08:14 PM org.eclipse.lsp4j.jsonrpc.RemoteEndpoint handleCancellation
WARNING: Unmatched cancel notification for request id 5
INFO  no build target found for /home/nullstarfish/personal-ysyx-workbench/ysyxSoC/rocket-chip/src/main/scala/amba/apb/SRAM.scala. Using presentation compiler with project's scala-library version: 3.3.7[0m
Apr 29, 2026 2:08:14 PM org.eclipse.lsp4j.jsonrpc.RemoteEndpoint handleCancellation
WARNING: Unmatched cancel notification for request id 3
2026.04.29 14:08:14 INFO  no build target found for /home/nullstarfish/personal-ysyx-workbench/ysyxSoC/rocket-chip/src/main/scala/amba/apb/SRAM.scala. Using presentation compiler with project's scala-library version: 3.3.7[0m
Apr 29, 2026 2:08:15 PM org.eclipse.lsp4j.jsonrpc.RemoteEndpoint handleCancellation
WARNING: Unmatched cancel notification for request id 11
Apr 29, 2026 2:08:15 PM org.eclipse.lsp4j.jsonrpc.RemoteEndpoint handleCancellation
WARNING: Unmatched cancel notification for request id 8
Apr 29, 2026 2:08:15 PM org.eclipse.lsp4j.jsonrpc.RemoteEndpoint handleCancellation
WARNING: Unmatched cancel notification for request id 12
Apr 29, 2026 2:08:15 PM org.eclipse.lsp4j.jsonrpc.RemoteEndpoint handleCancellation
WARNING: Unmatched cancel notification for request id 13
Apr 29, 2026 2:08:15 PM org.eclipse.lsp4j.jsonrpc.RemoteEndpoint handleCancellation
WARNING: Unmatched cancel notification for request id 1
2026.04.29 14:08:14 INFO  no build target found for /home/nullstarfish/personal-ysyx-workbench/ysyxSoC/rocket-chip/src/main/scala/amba/apb/SRAM.scala. Using presentation compiler with project's scala-library version: 3.3.7[0m
2026.04.29 14:08:23 INFO  time: Connected to build server in 9.85s[0m
2026.04.29 14:08:23 INFO  Connected to Build server: Bloop v2.0.19[0m
2026.04.29 14:08:23 WARN  2.13.14 is no longer supported in the current Metals versions, using the last known supported version 1.6.3[0m
2026.04.29 14:08:25 INFO  Created report: Optional[file:///home/nullstarfish/personal-ysyx-workbench/ysyxSoC/file:/home/nullstarfish/personal-ysyx-workbench/ysyxSoC/rocket-chip/src/main/scala/prci/ClockDomain.scala][0m
2026.04.29 14:08:25 INFO  expected identifier; obtained this (full report at: "/home/nullstarfish/personal-ysyx-workbench/ysyxSoC/.metals/.reports/metals/2026-04-29/r_scala-toplevel-mtags_14-08-25-821.md")[0m
2026.04.29 14:08:27 WARN  Could not find java sources in /usr/lib/jvm/src.zip, /usr/lib/jvm/lib/src.zip, /usr/lib/jvm/java-21-openjdk-amd64/src.zip, /usr/lib/jvm/java-21-openjdk-amd64/lib/src.zip. Java symbols will not be available.[0m
2026.04.29 14:08:27 WARN  unexpected dependency with absolute path: /home/nullstarfish/.cache/coursier/v1/https/repo1.maven.org/maven2/io/github/alexarchambault/data-class_2.13/0.2.6/data-class_2.13-0.2.6-sources.jar[0m
2026.04.29 14:08:27 WARN  unexpected dependency with absolute path: /home/nullstarfish/.cache/coursier/v1/https/repo1.maven.org/maven2/com/lihaoyi/upack_2.13/3.3.0/upack_2.13-3.3.0-sources.jar[0m
2026.04.29 14:08:27 WARN  unexpected dependency with absolute path: /home/nullstarfish/.cache/coursier/v1/https/repo1.maven.org/maven2/org/scala-lang/scala-reflect/2.13.14/scala-reflect-2.13.14-sources.jar[0m
2026.04.29 14:08:27 WARN  unexpected dependency with absolute path: /home/nullstarfish/.cache/coursier/v1/https/repo1.maven.org/maven2/com/lihaoyi/os-lib_2.13/0.10.0/os-lib_2.13-0.10.0-sources.jar[0m
2026.04.29 14:08:27 WARN  unexpected dependency with absolute path: /home/nullstarfish/.cache/coursier/v1/https/repo1.maven.org/maven2/org/apache/commons/commons-lang3/3.14.0/commons-lang3-3.14.0-sources.jar[0m
2026.04.29 14:08:27 WARN  unexpected dependency with absolute path: /home/nullstarfish/.cache/coursier/v1/https/repo1.maven.org/maven2/com/lihaoyi/geny_2.13/1.1.0/geny_2.13-1.1.0-sources.jar[0m
2026.04.29 14:08:27 WARN  unexpected dependency with absolute path: /home/nullstarfish/.cache/coursier/v1/https/repo1.maven.org/maven2/com/lihaoyi/ujson_2.13/3.3.0/ujson_2.13-3.3.0-sources.jar[0m
2026.04.29 14:08:27 WARN  unexpected dependency with absolute path: /home/nullstarfish/.cache/coursier/v1/https/repo1.maven.org/maven2/org/chipsalliance/chisel_2.13/7.0.0-M2/chisel_2.13-7.0.0-M2-sources.jar[0m
2026.04.29 14:08:27 WARN  unexpected dependency with absolute path: /home/nullstarfish/.cache/coursier/v1/https/repo1.maven.org/maven2/org/apache/commons/commons-text/1.12.0/commons-text-1.12.0-sources.jar[0m
2026.04.29 14:08:27 WARN  unexpected dependency with absolute path: /home/nullstarfish/.cache/coursier/v1/https/repo1.maven.org/maven2/com/lihaoyi/upickle_2.13/3.3.0/upickle_2.13-3.3.0-sources.jar[0m
2026.04.29 14:08:27 WARN  unexpected dependency with absolute path: /home/nullstarfish/.cache/coursier/v1/https/repo1.maven.org/maven2/org/chipsalliance/firtool-resolver_2.13/2.0.0/firtool-resolver_2.13-2.0.0-sources.jar[0m
2026.04.29 14:08:27 WARN  unexpected dependency with absolute path: /home/nullstarfish/.cache/coursier/v1/https/repo1.maven.org/maven2/org/scala-lang/scala-library/2.13.14/scala-library-2.13.14-sources.jar[0m
2026.04.29 14:08:27 WARN  unexpected dependency with absolute path: /home/nullstarfish/.cache/coursier/v1/https/repo1.maven.org/maven2/com/lihaoyi/upickle-implicits_2.13/3.3.0/upickle-implicits_2.13-3.3.0-sources.jar[0m
2026.04.29 14:08:27 WARN  unexpected dependency with absolute path: /home/nullstarfish/.cache/coursier/v1/https/repo1.maven.org/maven2/org/scala-lang/modules/scala-parallel-collections_2.13/1.0.4/scala-parallel-collections_2.13-1.0.4-sources.jar[0m
2026.04.29 14:08:27 WARN  unexpected dependency with absolute path: /home/nullstarfish/.cache/coursier/v1/https/repo1.maven.org/maven2/com/lihaoyi/upickle-core_2.13/3.3.0/upickle-core_2.13-3.3.0-sources.jar[0m
2026.04.29 14:08:27 WARN  unexpected dependency with absolute path: /home/nullstarfish/.cache/coursier/v1/https/repo1.maven.org/maven2/com/lihaoyi/mainargs_2.13/0.5.4/mainargs_2.13-0.5.4-sources.jar[0m
2026.04.29 14:08:27 WARN  unexpected dependency with absolute path: /home/nullstarfish/.cache/coursier/v1/https/repo1.maven.org/maven2/com/fasterxml/jackson/core/jackson-databind/2.12.7/jackson-databind-2.12.7-sources.jar[0m
2026.04.29 14:08:27 WARN  unexpected dependency with absolute path: /home/nullstarfish/.cache/coursier/v1/https/repo1.maven.org/maven2/com/lihaoyi/sourcecode_2.13/0.3.1/sourcecode_2.13-0.3.1-sources.jar[0m
2026.04.29 14:08:27 WARN  unexpected dependency with absolute path: /home/nullstarfish/.cache/coursier/v1/https/repo1.maven.org/maven2/org/json4s/json4s-jackson-core_2.13/4.0.6/json4s-jackson-core_2.13-4.0.6-sources.jar[0m
2026.04.29 14:08:27 WARN  unexpected dependency with absolute path: /home/nullstarfish/.cache/coursier/v1/https/repo1.maven.org/maven2/com/fasterxml/jackson/core/jackson-core/2.12.7/jackson-core-2.12.7-sources.jar[0m
2026.04.29 14:08:27 WARN  unexpected dependency with absolute path: /home/nullstarfish/.cache/coursier/v1/https/repo1.maven.org/maven2/org/json4s/json4s-jackson_2.13/4.0.6/json4s-jackson_2.13-4.0.6-sources.jar[0m
2026.04.29 14:08:27 WARN  unexpected dependency with absolute path: /home/nullstarfish/.cache/coursier/v1/https/repo1.maven.org/maven2/com/fasterxml/jackson/core/jackson-annotations/2.12.7/jackson-annotations-2.12.7-sources.jar[0m
2026.04.29 14:08:27 WARN  unexpected dependency with absolute path: /home/nullstarfish/.cache/coursier/v1/https/repo1.maven.org/maven2/org/scala-lang/scala-library/2.13.15/scala-library-2.13.15-sources.jar[0m
2026.04.29 14:08:27 WARN  unexpected dependency with absolute path: /home/nullstarfish/.cache/coursier/v1/https/repo1.maven.org/maven2/com/lihaoyi/mill-moduledefs_2.13/0.11.1/mill-moduledefs_2.13-0.11.1-sources.jar[0m
2026.04.29 14:08:27 WARN  unexpected dependency with absolute path: /home/nullstarfish/.cache/coursier/v1/https/repo1.maven.org/maven2/io/github/alexarchambault/data-class_2.13/0.2.6/data-class_2.13-0.2.6-sources.jar[0m
2026.04.29 14:08:27 WARN  unexpected dependency with absolute path: /home/nullstarfish/.cache/coursier/v1/https/repo1.maven.org/maven2/com/lihaoyi/upack_2.13/3.3.0/upack_2.13-3.3.0-sources.jar[0m
2026.04.29 14:08:27 WARN  unexpected dependency with absolute path: /home/nullstarfish/.cache/coursier/v1/https/repo1.maven.org/maven2/org/scala-lang/scala-reflect/2.13.14/scala-reflect-2.13.14-sources.jar[0m
2026.04.29 14:08:27 WARN  unexpected dependency with absolute path: /home/nullstarfish/.cache/coursier/v1/https/repo1.maven.org/maven2/com/lihaoyi/os-lib_2.13/0.10.0/os-lib_2.13-0.10.0-sources.jar[0m
2026.04.29 14:08:27 WARN  unexpected dependency with absolute path: /home/nullstarfish/.cache/coursier/v1/https/repo1.maven.org/maven2/org/apache/commons/commons-lang3/3.14.0/commons-lang3-3.14.0-sources.jar[0m
2026.04.29 14:08:27 WARN  unexpected dependency with absolute path: /home/nullstarfish/.cache/coursier/v1/https/repo1.maven.org/maven2/com/lihaoyi/geny_2.13/1.1.0/geny_2.13-1.1.0-sources.jar[0m
2026.04.29 14:08:27 WARN  unexpected dependency with absolute path: /home/nullstarfish/.cache/coursier/v1/https/repo1.maven.org/maven2/com/lihaoyi/ujson_2.13/3.3.0/ujson_2.13-3.3.0-sources.jar[0m
2026.04.29 14:08:27 WARN  unexpected dependency with absolute path: /home/nullstarfish/.cache/coursier/v1/https/repo1.maven.org/maven2/org/chipsalliance/chisel_2.13/7.0.0-M2/chisel_2.13-7.0.0-M2-sources.jar[0m
2026.04.29 14:08:27 WARN  unexpected dependency with absolute path: /home/nullstarfish/.cache/coursier/v1/https/repo1.maven.org/maven2/org/apache/commons/commons-text/1.12.0/commons-text-1.12.0-sources.jar[0m
2026.04.29 14:08:27 WARN  unexpected dependency with absolute path: /home/nullstarfish/.cache/coursier/v1/https/repo1.maven.org/maven2/com/lihaoyi/upickle_2.13/3.3.0/upickle_2.13-3.3.0-sources.jar[0m
2026.04.29 14:08:27 WARN  unexpected dependency with absolute path: /home/nullstarfish/.cache/coursier/v1/https/repo1.maven.org/maven2/org/chipsalliance/firtool-resolver_2.13/2.0.0/firtool-resolver_2.13-2.0.0-sources.jar[0m
2026.04.29 14:08:27 WARN  unexpected dependency with absolute path: /home/nullstarfish/.cache/coursier/v1/https/repo1.maven.org/maven2/org/scala-lang/scala-library/2.13.14/scala-library-2.13.14-sources.jar[0m
2026.04.29 14:08:27 WARN  unexpected dependency with absolute path: /home/nullstarfish/.cache/coursier/v1/https/repo1.maven.org/maven2/com/lihaoyi/upickle-implicits_2.13/3.3.0/upickle-implicits_2.13-3.3.0-sources.jar[0m
2026.04.29 14:08:27 WARN  unexpected dependency with absolute path: /home/nullstarfish/.cache/coursier/v1/https/repo1.maven.org/maven2/org/scala-lang/modules/scala-parallel-collections_2.13/1.0.4/scala-parallel-collections_2.13-1.0.4-sources.jar[0m
2026.04.29 14:08:27 WARN  unexpected dependency with absolute path: /home/nullstarfish/.cache/coursier/v1/https/repo1.maven.org/maven2/com/lihaoyi/upickle-core_2.13/3.3.0/upickle-core_2.13-3.3.0-sources.jar[0m
2026.04.29 14:08:27 WARN  unexpected dependency with absolute path: /home/nullstarfish/.cache/coursier/v1/https/repo1.maven.org/maven2/com/lihaoyi/mainargs_2.13/0.5.4/mainargs_2.13-0.5.4-sources.jar[0m
2026.04.29 14:08:27 WARN  unexpected dependency with absolute path: /home/nullstarfish/.cache/coursier/v1/https/repo1.maven.org/maven2/com/fasterxml/jackson/core/jackson-databind/2.12.7/jackson-databind-2.12.7-sources.jar[0m
2026.04.29 14:08:27 WARN  unexpected dependency with absolute path: /home/nullstarfish/.cache/coursier/v1/https/repo1.maven.org/maven2/com/lihaoyi/sourcecode_2.13/0.3.1/sourcecode_2.13-0.3.1-sources.jar[0m
2026.04.29 14:08:27 WARN  unexpected dependency with absolute path: /home/nullstarfish/.cache/coursier/v1/https/repo1.maven.org/maven2/org/json4s/json4s-jackson-core_2.13/4.0.6/json4s-jackson-core_2.13-4.0.6-sources.jar[0m
2026.04.29 14:08:27 WARN  unexpected dependency with absolute path: /home/nullstarfish/.cache/coursier/v1/https/repo1.maven.org/maven2/com/fasterxml/jackson/core/jackson-core/2.12.7/jackson-core-2.12.7-sources.jar[0m
2026.04.29 14:08:27 WARN  unexpected dependency with absolute path: /home/nullstarfish/.cache/coursier/v1/https/repo1.maven.org/maven2/org/json4s/json4s-jackson_2.13/4.0.6/json4s-jackson_2.13-4.0.6-sources.jar[0m
2026.04.29 14:08:27 WARN  unexpected dependency with absolute path: /home/nullstarfish/.cache/coursier/v1/https/repo1.maven.org/maven2/com/fasterxml/jackson/core/jackson-annotations/2.12.7/jackson-annotations-2.12.7-sources.jar[0m
2026.04.29 14:08:27 WARN  unexpected dependency with absolute path: /home/nullstarfish/.cache/coursier/v1/https/repo1.maven.org/maven2/org/scala-lang/scala-library/2.13.15/scala-library-2.13.15-sources.jar[0m
2026.04.29 14:08:27 WARN  unexpected dependency with absolute path: /home/nullstarfish/.cache/coursier/v1/https/repo1.maven.org/maven2/com/lihaoyi/mill-moduledefs_2.13/0.11.1/mill-moduledefs_2.13-0.11.1-sources.jar[0m
2026.04.29 14:08:27 INFO  time: indexed workspace in 3.96s[0m
2026.04.29 14:08:27 INFO  compiling rocketchip.macros (1 scala source)[0m
2026.04.29 14:08:27 INFO  compiling rocketchip.cde (1 scala source)[0m
2026.04.29 14:08:27 INFO  compiling rocketchip.hardfloat (20 scala sources)[0m
2026.04.29 14:08:30 INFO  time: compiled rocketchip.macros in 2.97s[0m
2026.04.29 14:08:30 INFO  time: compiled rocketchip.cde in 2.97s[0m
2026.04.29 14:08:30 INFO  compiling rocketchip.diplomacy (36 scala sources)[0m
2026.04.29 14:08:38 INFO  time: compiled rocketchip.diplomacy in 7.18s[0m
2026.04.29 14:08:38 INFO  time: compiled rocketchip.hardfloat in 10s[0m
2026.04.29 14:08:39 INFO  compiling rocketchip (317 scala sources)[0m
2026.04.29 14:09:27 WARN  7 deprecations[0m
2026.04.29 14:09:27 WARN  78 deprecations (since 2.13.0)[0m
2026.04.29 14:09:27 WARN  1 deprecation (since 2.13.7)[0m
2026.04.29 14:09:27 WARN  1 deprecation (since 9)[0m
2026.04.29 14:09:27 WARN  27 deprecations (since CDE 0.1)[0m
2026.04.29 14:09:27 WARN  10 deprecations (since diplomacy 1.0.0)[0m
2026.04.29 14:09:27 WARN  1 deprecation (since rocket-chip 1.2)[0m
2026.04.29 14:09:27 WARN  36 deprecations (since rocketchip 2.0.0)[0m
2026.04.29 14:09:27 WARN  161 deprecations in total; re-run with -deprecation for details[0m
2026.04.29 14:09:27 WARN  20 feature warnings; re-run with -feature for details[0m
2026.04.29 14:09:28 INFO  compiling ysyxsoc (37 scala sources)[0m
2026.04.29 14:09:28 INFO  time: compiled rocketchip in 49s[0m
2026.04.29 14:09:34 WARN  1 deprecation (since 2.13.0)[0m
2026.04.29 14:09:34 WARN  1 deprecation (since 2.13.3)[0m
2026.04.29 14:09:34 WARN  90 deprecations (since rocketchip 2.0.0)[0m
2026.04.29 14:09:34 WARN  92 deprecations in total; re-run with -deprecation for details[0m
2026.04.29 14:09:34 INFO  time: compiled ysyxsoc in 6.31s[0m
Apr 29, 2026 2:21:35 PM org.eclipse.lsp4j.jsonrpc.services.GenericEndpoint notify
INFO: Unsupported notification method: $/setTrace
2026.04.29 15:54:49 INFO  Shutting down server[0m
2026.04.29 15:54:49 INFO  Memory monitor stopped[0m
2026.04.29 15:54:49 INFO  shutting down Metals[0m
2026.04.29 15:54:50 INFO  Shut down connection with build server.[0m
2026.04.29 15:54:49 INFO  Exiting server[0m
2026.04.30 22:44:50 INFO  tracing is disabled for protocol LSP, to enable tracing of incoming and outgoing JSON messages create an empty file at /home/nullstarfish/personal-ysyx-workbench/ysyxSoC/.metals/lsp.trace.json[0m
2026.04.30 22:44:51 INFO  logging to files /home/nullstarfish/personal-ysyx-workbench/ysyxSoC/.metals/metals.log[0m
2026.04.30 22:44:51 INFO  Started: Metals version 1.6.7 in folders '/home/nullstarfish/personal-ysyx-workbench/ysyxSoC' for client Visual Studio Code 1.117.0.[0m
2026.04.30 22:44:51 INFO  Memory monitor started[0m
2026.04.30 22:44:53 WARN  Using H2 2.4.240 which is newer than the version Flyway has been verified with. The latest verified version of H2 is 2.3.232.[0m
2026.04.30 22:44:53 INFO  Attempting to connect to the build server...[0m
2026.04.30 22:44:53 INFO  Found a Bloop server running[0m
2026.04.30 22:44:53 INFO  tracing is disabled for protocol BSP, to enable tracing of incoming and outgoing JSON messages create an empty file at /home/nullstarfish/personal-ysyx-workbench/ysyxSoC/.metals/bsp.trace.json[0m
2026.04.30 22:44:59 INFO  time: Connected to build server in 6.48s[0m
2026.04.30 22:44:59 INFO  Connected to Build server: Bloop v2.0.19[0m
2026.04.30 22:45:00 INFO  time: Imported build in 0.12s[0m
2026.04.30 22:44:59 WARN  2.13.14 is no longer supported in the current Metals versions, using the last known supported version 1.6.3[0m
2026.04.30 22:45:03 INFO  Created report: Optional[file:///home/nullstarfish/personal-ysyx-workbench/ysyxSoC/file:/home/nullstarfish/personal-ysyx-workbench/ysyxSoC/rocket-chip/src/main/scala/prci/ClockDomain.scala][0m
2026.04.30 22:45:03 INFO  expected identifier; obtained this (full report at: "/home/nullstarfish/personal-ysyx-workbench/ysyxSoC/.metals/.reports/metals/2026-04-30/r_scala-toplevel-mtags_22-45-03-860.md")[0m
2026.04.30 22:45:05 WARN  Could not find java sources in /usr/lib/jvm/src.zip, /usr/lib/jvm/lib/src.zip, /usr/lib/jvm/java-21-openjdk-amd64/src.zip, /usr/lib/jvm/java-21-openjdk-amd64/lib/src.zip. Java symbols will not be available.[0m
2026.04.30 22:45:05 WARN  unexpected dependency with absolute path: /home/nullstarfish/.cache/coursier/v1/https/repo1.maven.org/maven2/com/lihaoyi/mainargs_2.13/0.5.4/mainargs_2.13-0.5.4-sources.jar[0m
2026.04.30 22:45:05 WARN  unexpected dependency with absolute path: /home/nullstarfish/.cache/coursier/v1/https/repo1.maven.org/maven2/com/fasterxml/jackson/core/jackson-databind/2.12.7/jackson-databind-2.12.7-sources.jar[0m
2026.04.30 22:45:05 WARN  unexpected dependency with absolute path: /home/nullstarfish/.cache/coursier/v1/https/repo1.maven.org/maven2/com/lihaoyi/upack_2.13/3.3.0/upack_2.13-3.3.0-sources.jar[0m
2026.04.30 22:45:05 WARN  unexpected dependency with absolute path: /home/nullstarfish/.cache/coursier/v1/https/repo1.maven.org/maven2/org/scala-lang/scala-reflect/2.13.14/scala-reflect-2.13.14-sources.jar[0m
2026.04.30 22:45:05 WARN  unexpected dependency with absolute path: /home/nullstarfish/.cache/coursier/v1/https/repo1.maven.org/maven2/com/lihaoyi/os-lib_2.13/0.10.0/os-lib_2.13-0.10.0-sources.jar[0m
2026.04.30 22:45:05 WARN  unexpected dependency with absolute path: /home/nullstarfish/.cache/coursier/v1/https/repo1.maven.org/maven2/org/apache/commons/commons-lang3/3.14.0/commons-lang3-3.14.0-sources.jar[0m
2026.04.30 22:45:05 WARN  unexpected dependency with absolute path: /home/nullstarfish/.cache/coursier/v1/https/repo1.maven.org/maven2/com/lihaoyi/sourcecode_2.13/0.3.1/sourcecode_2.13-0.3.1-sources.jar[0m
2026.04.30 22:45:05 WARN  unexpected dependency with absolute path: /home/nullstarfish/.cache/coursier/v1/https/repo1.maven.org/maven2/com/lihaoyi/geny_2.13/1.1.0/geny_2.13-1.1.0-sources.jar[0m
2026.04.30 22:45:05 WARN  unexpected dependency with absolute path: /home/nullstarfish/.cache/coursier/v1/https/repo1.maven.org/maven2/org/json4s/json4s-jackson-core_2.13/4.0.6/json4s-jackson-core_2.13-4.0.6-sources.jar[0m
2026.04.30 22:45:05 WARN  unexpected dependency with absolute path: /home/nullstarfish/.cache/coursier/v1/https/repo1.maven.org/maven2/com/lihaoyi/ujson_2.13/3.3.0/ujson_2.13-3.3.0-sources.jar[0m
2026.04.30 22:45:05 WARN  unexpected dependency with absolute path: /home/nullstarfish/.cache/coursier/v1/https/repo1.maven.org/maven2/org/chipsalliance/chisel_2.13/7.0.0-M2/chisel_2.13-7.0.0-M2-sources.jar[0m
2026.04.30 22:45:05 WARN  unexpected dependency with absolute path: /home/nullstarfish/.cache/coursier/v1/https/repo1.maven.org/maven2/org/apache/commons/commons-text/1.12.0/commons-text-1.12.0-sources.jar[0m
2026.04.30 22:45:05 WARN  unexpected dependency with absolute path: /home/nullstarfish/.cache/coursier/v1/https/repo1.maven.org/maven2/com/fasterxml/jackson/core/jackson-core/2.12.7/jackson-core-2.12.7-sources.jar[0m
2026.04.30 22:45:05 WARN  unexpected dependency with absolute path: /home/nullstarfish/.cache/coursier/v1/https/repo1.maven.org/maven2/io/github/alexarchambault/data-class_2.13/0.2.6/data-class_2.13-0.2.6-sources.jar[0m
2026.04.30 22:45:05 WARN  unexpected dependency with absolute path: /home/nullstarfish/.cache/coursier/v1/https/repo1.maven.org/maven2/com/lihaoyi/upickle_2.13/3.3.0/upickle_2.13-3.3.0-sources.jar[0m
2026.04.30 22:45:05 WARN  unexpected dependency with absolute path: /home/nullstarfish/.cache/coursier/v1/https/repo1.maven.org/maven2/org/chipsalliance/firtool-resolver_2.13/2.0.0/firtool-resolver_2.13-2.0.0-sources.jar[0m
2026.04.30 22:45:05 WARN  unexpected dependency with absolute path: /home/nullstarfish/.cache/coursier/v1/https/repo1.maven.org/maven2/org/scala-lang/scala-library/2.13.14/scala-library-2.13.14-sources.jar[0m
2026.04.30 22:45:05 WARN  unexpected dependency with absolute path: /home/nullstarfish/.cache/coursier/v1/https/repo1.maven.org/maven2/org/json4s/json4s-jackson_2.13/4.0.6/json4s-jackson_2.13-4.0.6-sources.jar[0m
2026.04.30 22:45:05 WARN  unexpected dependency with absolute path: /home/nullstarfish/.cache/coursier/v1/https/repo1.maven.org/maven2/com/fasterxml/jackson/core/jackson-annotations/2.12.7/jackson-annotations-2.12.7-sources.jar[0m
2026.04.30 22:45:05 WARN  unexpected dependency with absolute path: /home/nullstarfish/.cache/coursier/v1/https/repo1.maven.org/maven2/com/lihaoyi/upickle-implicits_2.13/3.3.0/upickle-implicits_2.13-3.3.0-sources.jar[0m
2026.04.30 22:45:05 WARN  unexpected dependency with absolute path: /home/nullstarfish/.cache/coursier/v1/https/repo1.maven.org/maven2/org/scala-lang/modules/scala-parallel-collections_2.13/1.0.4/scala-parallel-collections_2.13-1.0.4-sources.jar[0m
2026.04.30 22:45:05 WARN  unexpected dependency with absolute path: /home/nullstarfish/.cache/coursier/v1/https/repo1.maven.org/maven2/com/lihaoyi/upickle-core_2.13/3.3.0/upickle-core_2.13-3.3.0-sources.jar[0m
2026.04.30 22:45:05 WARN  unexpected dependency with absolute path: /home/nullstarfish/.cache/coursier/v1/https/repo1.maven.org/maven2/org/scala-lang/scala-library/2.13.15/scala-library-2.13.15-sources.jar[0m
2026.04.30 22:45:05 WARN  unexpected dependency with absolute path: /home/nullstarfish/.cache/coursier/v1/https/repo1.maven.org/maven2/com/lihaoyi/mill-moduledefs_2.13/0.11.1/mill-moduledefs_2.13-0.11.1-sources.jar[0m
2026.04.30 22:45:05 WARN  unexpected dependency with absolute path: /home/nullstarfish/.cache/coursier/v1/https/repo1.maven.org/maven2/com/lihaoyi/mainargs_2.13/0.5.4/mainargs_2.13-0.5.4-sources.jar[0m
2026.04.30 22:45:05 WARN  unexpected dependency with absolute path: /home/nullstarfish/.cache/coursier/v1/https/repo1.maven.org/maven2/com/fasterxml/jackson/core/jackson-databind/2.12.7/jackson-databind-2.12.7-sources.jar[0m
2026.04.30 22:45:05 WARN  unexpected dependency with absolute path: /home/nullstarfish/.cache/coursier/v1/https/repo1.maven.org/maven2/com/lihaoyi/upack_2.13/3.3.0/upack_2.13-3.3.0-sources.jar[0m
2026.04.30 22:45:05 WARN  unexpected dependency with absolute path: /home/nullstarfish/.cache/coursier/v1/https/repo1.maven.org/maven2/org/scala-lang/scala-reflect/2.13.14/scala-reflect-2.13.14-sources.jar[0m
2026.04.30 22:45:05 WARN  unexpected dependency with absolute path: /home/nullstarfish/.cache/coursier/v1/https/repo1.maven.org/maven2/com/lihaoyi/os-lib_2.13/0.10.0/os-lib_2.13-0.10.0-sources.jar[0m
2026.04.30 22:45:05 WARN  unexpected dependency with absolute path: /home/nullstarfish/.cache/coursier/v1/https/repo1.maven.org/maven2/org/apache/commons/commons-lang3/3.14.0/commons-lang3-3.14.0-sources.jar[0m
2026.04.30 22:45:05 WARN  unexpected dependency with absolute path: /home/nullstarfish/.cache/coursier/v1/https/repo1.maven.org/maven2/com/lihaoyi/sourcecode_2.13/0.3.1/sourcecode_2.13-0.3.1-sources.jar[0m
2026.04.30 22:45:05 WARN  unexpected dependency with absolute path: /home/nullstarfish/.cache/coursier/v1/https/repo1.maven.org/maven2/com/lihaoyi/geny_2.13/1.1.0/geny_2.13-1.1.0-sources.jar[0m
2026.04.30 22:45:05 WARN  unexpected dependency with absolute path: /home/nullstarfish/.cache/coursier/v1/https/repo1.maven.org/maven2/org/json4s/json4s-jackson-core_2.13/4.0.6/json4s-jackson-core_2.13-4.0.6-sources.jar[0m
2026.04.30 22:45:05 WARN  unexpected dependency with absolute path: /home/nullstarfish/.cache/coursier/v1/https/repo1.maven.org/maven2/com/lihaoyi/ujson_2.13/3.3.0/ujson_2.13-3.3.0-sources.jar[0m
2026.04.30 22:45:05 WARN  unexpected dependency with absolute path: /home/nullstarfish/.cache/coursier/v1/https/repo1.maven.org/maven2/org/chipsalliance/chisel_2.13/7.0.0-M2/chisel_2.13-7.0.0-M2-sources.jar[0m
2026.04.30 22:45:05 WARN  unexpected dependency with absolute path: /home/nullstarfish/.cache/coursier/v1/https/repo1.maven.org/maven2/org/apache/commons/commons-text/1.12.0/commons-text-1.12.0-sources.jar[0m
2026.04.30 22:45:05 WARN  unexpected dependency with absolute path: /home/nullstarfish/.cache/coursier/v1/https/repo1.maven.org/maven2/com/fasterxml/jackson/core/jackson-core/2.12.7/jackson-core-2.12.7-sources.jar[0m
2026.04.30 22:45:05 WARN  unexpected dependency with absolute path: /home/nullstarfish/.cache/coursier/v1/https/repo1.maven.org/maven2/io/github/alexarchambault/data-class_2.13/0.2.6/data-class_2.13-0.2.6-sources.jar[0m
2026.04.30 22:45:05 WARN  unexpected dependency with absolute path: /home/nullstarfish/.cache/coursier/v1/https/repo1.maven.org/maven2/com/lihaoyi/upickle_2.13/3.3.0/upickle_2.13-3.3.0-sources.jar[0m
2026.04.30 22:45:05 WARN  unexpected dependency with absolute path: /home/nullstarfish/.cache/coursier/v1/https/repo1.maven.org/maven2/org/chipsalliance/firtool-resolver_2.13/2.0.0/firtool-resolver_2.13-2.0.0-sources.jar[0m
2026.04.30 22:45:05 WARN  unexpected dependency with absolute path: /home/nullstarfish/.cache/coursier/v1/https/repo1.maven.org/maven2/org/scala-lang/scala-library/2.13.14/scala-library-2.13.14-sources.jar[0m
2026.04.30 22:45:05 WARN  unexpected dependency with absolute path: /home/nullstarfish/.cache/coursier/v1/https/repo1.maven.org/maven2/org/json4s/json4s-jackson_2.13/4.0.6/json4s-jackson_2.13-4.0.6-sources.jar[0m
2026.04.30 22:45:05 WARN  unexpected dependency with absolute path: /home/nullstarfish/.cache/coursier/v1/https/repo1.maven.org/maven2/com/fasterxml/jackson/core/jackson-annotations/2.12.7/jackson-annotations-2.12.7-sources.jar[0m
2026.04.30 22:45:05 WARN  unexpected dependency with absolute path: /home/nullstarfish/.cache/coursier/v1/https/repo1.maven.org/maven2/com/lihaoyi/upickle-implicits_2.13/3.3.0/upickle-implicits_2.13-3.3.0-sources.jar[0m
2026.04.30 22:45:05 WARN  unexpected dependency with absolute path: /home/nullstarfish/.cache/coursier/v1/https/repo1.maven.org/maven2/org/scala-lang/modules/scala-parallel-collections_2.13/1.0.4/scala-parallel-collections_2.13-1.0.4-sources.jar[0m
2026.04.30 22:45:05 WARN  unexpected dependency with absolute path: /home/nullstarfish/.cache/coursier/v1/https/repo1.maven.org/maven2/com/lihaoyi/upickle-core_2.13/3.3.0/upickle-core_2.13-3.3.0-sources.jar[0m
2026.04.30 22:45:05 WARN  unexpected dependency with absolute path: /home/nullstarfish/.cache/coursier/v1/https/repo1.maven.org/maven2/org/scala-lang/scala-library/2.13.15/scala-library-2.13.15-sources.jar[0m
2026.04.30 22:45:05 WARN  unexpected dependency with absolute path: /home/nullstarfish/.cache/coursier/v1/https/repo1.maven.org/maven2/com/lihaoyi/mill-moduledefs_2.13/0.11.1/mill-moduledefs_2.13-0.11.1-sources.jar[0m
2026.04.30 22:45:05 INFO  time: indexed workspace in 5.8s[0m
2026.05.01 00:12:19 INFO  Shutting down server[0m
2026.05.01 00:12:19 INFO  Memory monitor stopped[0m
2026.05.01 00:12:19 INFO  shutting down Metals[0m
2026.05.01 00:12:19 INFO  Shut down connection with build server.[0m
2026.05.01 00:12:19 INFO  Exiting server[0m
2026.05.01 09:09:47 INFO  tracing is disabled for protocol LSP, to enable tracing of incoming and outgoing JSON messages create an empty file at /home/nullstarfish/personal-ysyx-workbench/ysyxSoC/.metals/lsp.trace.json[0m
2026.05.01 09:09:48 INFO  logging to files /home/nullstarfish/personal-ysyx-workbench/ysyxSoC/.metals/metals.log[0m
2026.05.01 09:09:48 INFO  Started: Metals version 1.6.7 in folders '/home/nullstarfish/personal-ysyx-workbench/ysyxSoC' for client Visual Studio Code 1.117.0.[0m
2026.05.01 09:09:48 INFO  Memory monitor started[0m
2026.05.01 09:09:50 WARN  Using H2 2.4.240 which is newer than the version Flyway has been verified with. The latest verified version of H2 is 2.3.232.[0m
2026.05.01 09:09:50 INFO  Attempting to connect to the build server...[0m
2026.05.01 09:09:50 INFO  No running Bloop server found, starting one.[0m
2026.05.01 09:09:51 INFO  Starting compilation server[0m
2026.05.01 09:09:52 INFO  tracing is disabled for protocol BSP, to enable tracing of incoming and outgoing JSON messages create an empty file at /home/nullstarfish/personal-ysyx-workbench/ysyxSoC/.metals/bsp.trace.json[0m
2026.05.01 09:09:55 INFO  time: Connected to build server in 4.95s[0m
2026.05.01 09:09:55 INFO  Connected to Build server: Bloop v2.0.19[0m
2026.05.01 09:09:55 INFO  time: Imported build in 0.16s[0m
2026.05.01 09:09:55 WARN  2.13.14 is no longer supported in the current Metals versions, using the last known supported version 1.6.3[0m
2026.05.01 09:09:59 INFO  Created report: Optional[file:///home/nullstarfish/personal-ysyx-workbench/ysyxSoC/file:/home/nullstarfish/personal-ysyx-workbench/ysyxSoC/rocket-chip/src/main/scala/prci/ClockDomain.scala][0m
2026.05.01 09:09:59 INFO  expected identifier; obtained this (full report at: "/home/nullstarfish/personal-ysyx-workbench/ysyxSoC/.metals/.reports/metals/2026-05-01/r_scala-toplevel-mtags_09-09-59-060.md")[0m
2026.05.01 09:09:59 WARN  Could not find java sources in /usr/lib/jvm/src.zip, /usr/lib/jvm/lib/src.zip, /usr/lib/jvm/java-21-openjdk-amd64/src.zip, /usr/lib/jvm/java-21-openjdk-amd64/lib/src.zip. Java symbols will not be available.[0m
2026.05.01 09:09:59 WARN  unexpected dependency with absolute path: /home/nullstarfish/.cache/coursier/v1/https/repo1.maven.org/maven2/org/scala-lang/scala-reflect/2.13.14/scala-reflect-2.13.14-sources.jar[0m
2026.05.01 09:09:59 WARN  unexpected dependency with absolute path: /home/nullstarfish/.cache/coursier/v1/https/repo1.maven.org/maven2/org/scala-lang/scala-library/2.13.14/scala-library-2.13.14-sources.jar[0m
2026.05.01 09:09:59 WARN  unexpected dependency with absolute path: /home/nullstarfish/.cache/coursier/v1/https/repo1.maven.org/maven2/com/lihaoyi/mainargs_2.13/0.5.4/mainargs_2.13-0.5.4-sources.jar[0m
2026.05.01 09:09:59 WARN  unexpected dependency with absolute path: /home/nullstarfish/.cache/coursier/v1/https/repo1.maven.org/maven2/com/fasterxml/jackson/core/jackson-databind/2.12.7/jackson-databind-2.12.7-sources.jar[0m
2026.05.01 09:09:59 WARN  unexpected dependency with absolute path: /home/nullstarfish/.cache/coursier/v1/https/repo1.maven.org/maven2/com/lihaoyi/upack_2.13/3.3.0/upack_2.13-3.3.0-sources.jar[0m
2026.05.01 09:09:59 WARN  unexpected dependency with absolute path: /home/nullstarfish/.cache/coursier/v1/https/repo1.maven.org/maven2/com/lihaoyi/os-lib_2.13/0.10.0/os-lib_2.13-0.10.0-sources.jar[0m
2026.05.01 09:09:59 WARN  unexpected dependency with absolute path: /home/nullstarfish/.cache/coursier/v1/https/repo1.maven.org/maven2/org/apache/commons/commons-lang3/3.14.0/commons-lang3-3.14.0-sources.jar[0m
2026.05.01 09:09:59 WARN  unexpected dependency with absolute path: /home/nullstarfish/.cache/coursier/v1/https/repo1.maven.org/maven2/com/lihaoyi/sourcecode_2.13/0.3.1/sourcecode_2.13-0.3.1-sources.jar[0m
2026.05.01 09:09:59 WARN  unexpected dependency with absolute path: /home/nullstarfish/.cache/coursier/v1/https/repo1.maven.org/maven2/com/lihaoyi/geny_2.13/1.1.0/geny_2.13-1.1.0-sources.jar[0m
2026.05.01 09:09:59 WARN  unexpected dependency with absolute path: /home/nullstarfish/.cache/coursier/v1/https/repo1.maven.org/maven2/org/json4s/json4s-jackson-core_2.13/4.0.6/json4s-jackson-core_2.13-4.0.6-sources.jar[0m
2026.05.01 09:09:59 WARN  unexpected dependency with absolute path: /home/nullstarfish/.cache/coursier/v1/https/repo1.maven.org/maven2/com/lihaoyi/ujson_2.13/3.3.0/ujson_2.13-3.3.0-sources.jar[0m
2026.05.01 09:09:59 WARN  unexpected dependency with absolute path: /home/nullstarfish/.cache/coursier/v1/https/repo1.maven.org/maven2/org/chipsalliance/chisel_2.13/7.0.0-M2/chisel_2.13-7.0.0-M2-sources.jar[0m
2026.05.01 09:09:59 WARN  unexpected dependency with absolute path: /home/nullstarfish/.cache/coursier/v1/https/repo1.maven.org/maven2/org/apache/commons/commons-text/1.12.0/commons-text-1.12.0-sources.jar[0m
2026.05.01 09:09:59 WARN  unexpected dependency with absolute path: /home/nullstarfish/.cache/coursier/v1/https/repo1.maven.org/maven2/com/fasterxml/jackson/core/jackson-core/2.12.7/jackson-core-2.12.7-sources.jar[0m
2026.05.01 09:09:59 WARN  unexpected dependency with absolute path: /home/nullstarfish/.cache/coursier/v1/https/repo1.maven.org/maven2/io/github/alexarchambault/data-class_2.13/0.2.6/data-class_2.13-0.2.6-sources.jar[0m
2026.05.01 09:09:59 WARN  unexpected dependency with absolute path: /home/nullstarfish/.cache/coursier/v1/https/repo1.maven.org/maven2/com/lihaoyi/upickle_2.13/3.3.0/upickle_2.13-3.3.0-sources.jar[0m
2026.05.01 09:09:59 WARN  unexpected dependency with absolute path: /home/nullstarfish/.cache/coursier/v1/https/repo1.maven.org/maven2/org/chipsalliance/firtool-resolver_2.13/2.0.0/firtool-resolver_2.13-2.0.0-sources.jar[0m
2026.05.01 09:09:59 WARN  unexpected dependency with absolute path: /home/nullstarfish/.cache/coursier/v1/https/repo1.maven.org/maven2/org/json4s/json4s-jackson_2.13/4.0.6/json4s-jackson_2.13-4.0.6-sources.jar[0m
2026.05.01 09:09:59 WARN  unexpected dependency with absolute path: /home/nullstarfish/.cache/coursier/v1/https/repo1.maven.org/maven2/com/fasterxml/jackson/core/jackson-annotations/2.12.7/jackson-annotations-2.12.7-sources.jar[0m
2026.05.01 09:09:59 WARN  unexpected dependency with absolute path: /home/nullstarfish/.cache/coursier/v1/https/repo1.maven.org/maven2/com/lihaoyi/upickle-implicits_2.13/3.3.0/upickle-implicits_2.13-3.3.0-sources.jar[0m
2026.05.01 09:09:59 WARN  unexpected dependency with absolute path: /home/nullstarfish/.cache/coursier/v1/https/repo1.maven.org/maven2/org/scala-lang/modules/scala-parallel-collections_2.13/1.0.4/scala-parallel-collections_2.13-1.0.4-sources.jar[0m
2026.05.01 09:09:59 WARN  unexpected dependency with absolute path: /home/nullstarfish/.cache/coursier/v1/https/repo1.maven.org/maven2/com/lihaoyi/upickle-core_2.13/3.3.0/upickle-core_2.13-3.3.0-sources.jar[0m
2026.05.01 09:09:59 WARN  unexpected dependency with absolute path: /home/nullstarfish/.cache/coursier/v1/https/repo1.maven.org/maven2/org/scala-lang/scala-library/2.13.15/scala-library-2.13.15-sources.jar[0m
2026.05.01 09:09:59 WARN  unexpected dependency with absolute path: /home/nullstarfish/.cache/coursier/v1/https/repo1.maven.org/maven2/com/lihaoyi/mill-moduledefs_2.13/0.11.1/mill-moduledefs_2.13-0.11.1-sources.jar[0m
2026.05.01 09:09:59 WARN  unexpected dependency with absolute path: /home/nullstarfish/.cache/coursier/v1/https/repo1.maven.org/maven2/org/scala-lang/scala-reflect/2.13.14/scala-reflect-2.13.14-sources.jar[0m
2026.05.01 09:09:59 WARN  unexpected dependency with absolute path: /home/nullstarfish/.cache/coursier/v1/https/repo1.maven.org/maven2/org/scala-lang/scala-library/2.13.14/scala-library-2.13.14-sources.jar[0m
2026.05.01 09:09:59 WARN  unexpected dependency with absolute path: /home/nullstarfish/.cache/coursier/v1/https/repo1.maven.org/maven2/com/lihaoyi/mainargs_2.13/0.5.4/mainargs_2.13-0.5.4-sources.jar[0m
2026.05.01 09:09:59 WARN  unexpected dependency with absolute path: /home/nullstarfish/.cache/coursier/v1/https/repo1.maven.org/maven2/com/fasterxml/jackson/core/jackson-databind/2.12.7/jackson-databind-2.12.7-sources.jar[0m
2026.05.01 09:09:59 WARN  unexpected dependency with absolute path: /home/nullstarfish/.cache/coursier/v1/https/repo1.maven.org/maven2/com/lihaoyi/upack_2.13/3.3.0/upack_2.13-3.3.0-sources.jar[0m
2026.05.01 09:09:59 WARN  unexpected dependency with absolute path: /home/nullstarfish/.cache/coursier/v1/https/repo1.maven.org/maven2/com/lihaoyi/os-lib_2.13/0.10.0/os-lib_2.13-0.10.0-sources.jar[0m
2026.05.01 09:09:59 WARN  unexpected dependency with absolute path: /home/nullstarfish/.cache/coursier/v1/https/repo1.maven.org/maven2/org/apache/commons/commons-lang3/3.14.0/commons-lang3-3.14.0-sources.jar[0m
2026.05.01 09:09:59 WARN  unexpected dependency with absolute path: /home/nullstarfish/.cache/coursier/v1/https/repo1.maven.org/maven2/com/lihaoyi/sourcecode_2.13/0.3.1/sourcecode_2.13-0.3.1-sources.jar[0m
2026.05.01 09:09:59 WARN  unexpected dependency with absolute path: /home/nullstarfish/.cache/coursier/v1/https/repo1.maven.org/maven2/com/lihaoyi/geny_2.13/1.1.0/geny_2.13-1.1.0-sources.jar[0m
2026.05.01 09:09:59 WARN  unexpected dependency with absolute path: /home/nullstarfish/.cache/coursier/v1/https/repo1.maven.org/maven2/org/json4s/json4s-jackson-core_2.13/4.0.6/json4s-jackson-core_2.13-4.0.6-sources.jar[0m
2026.05.01 09:09:59 WARN  unexpected dependency with absolute path: /home/nullstarfish/.cache/coursier/v1/https/repo1.maven.org/maven2/com/lihaoyi/ujson_2.13/3.3.0/ujson_2.13-3.3.0-sources.jar[0m
2026.05.01 09:09:59 WARN  unexpected dependency with absolute path: /home/nullstarfish/.cache/coursier/v1/https/repo1.maven.org/maven2/org/chipsalliance/chisel_2.13/7.0.0-M2/chisel_2.13-7.0.0-M2-sources.jar[0m
2026.05.01 09:09:59 WARN  unexpected dependency with absolute path: /home/nullstarfish/.cache/coursier/v1/https/repo1.maven.org/maven2/org/apache/commons/commons-text/1.12.0/commons-text-1.12.0-sources.jar[0m
2026.05.01 09:09:59 WARN  unexpected dependency with absolute path: /home/nullstarfish/.cache/coursier/v1/https/repo1.maven.org/maven2/com/fasterxml/jackson/core/jackson-core/2.12.7/jackson-core-2.12.7-sources.jar[0m
2026.05.01 09:09:59 WARN  unexpected dependency with absolute path: /home/nullstarfish/.cache/coursier/v1/https/repo1.maven.org/maven2/io/github/alexarchambault/data-class_2.13/0.2.6/data-class_2.13-0.2.6-sources.jar[0m
2026.05.01 09:09:59 WARN  unexpected dependency with absolute path: /home/nullstarfish/.cache/coursier/v1/https/repo1.maven.org/maven2/com/lihaoyi/upickle_2.13/3.3.0/upickle_2.13-3.3.0-sources.jar[0m
2026.05.01 09:09:59 WARN  unexpected dependency with absolute path: /home/nullstarfish/.cache/coursier/v1/https/repo1.maven.org/maven2/org/chipsalliance/firtool-resolver_2.13/2.0.0/firtool-resolver_2.13-2.0.0-sources.jar[0m
2026.05.01 09:09:59 WARN  unexpected dependency with absolute path: /home/nullstarfish/.cache/coursier/v1/https/repo1.maven.org/maven2/org/json4s/json4s-jackson_2.13/4.0.6/json4s-jackson_2.13-4.0.6-sources.jar[0m
2026.05.01 09:09:59 WARN  unexpected dependency with absolute path: /home/nullstarfish/.cache/coursier/v1/https/repo1.maven.org/maven2/com/fasterxml/jackson/core/jackson-annotations/2.12.7/jackson-annotations-2.12.7-sources.jar[0m
2026.05.01 09:09:59 WARN  unexpected dependency with absolute path: /home/nullstarfish/.cache/coursier/v1/https/repo1.maven.org/maven2/com/lihaoyi/upickle-implicits_2.13/3.3.0/upickle-implicits_2.13-3.3.0-sources.jar[0m
2026.05.01 09:09:59 WARN  unexpected dependency with absolute path: /home/nullstarfish/.cache/coursier/v1/https/repo1.maven.org/maven2/org/scala-lang/modules/scala-parallel-collections_2.13/1.0.4/scala-parallel-collections_2.13-1.0.4-sources.jar[0m
2026.05.01 09:09:59 WARN  unexpected dependency with absolute path: /home/nullstarfish/.cache/coursier/v1/https/repo1.maven.org/maven2/com/lihaoyi/upickle-core_2.13/3.3.0/upickle-core_2.13-3.3.0-sources.jar[0m
2026.05.01 09:09:59 WARN  unexpected dependency with absolute path: /home/nullstarfish/.cache/coursier/v1/https/repo1.maven.org/maven2/org/scala-lang/scala-library/2.13.15/scala-library-2.13.15-sources.jar[0m
2026.05.01 09:09:59 WARN  unexpected dependency with absolute path: /home/nullstarfish/.cache/coursier/v1/https/repo1.maven.org/maven2/com/lihaoyi/mill-moduledefs_2.13/0.11.1/mill-moduledefs_2.13-0.11.1-sources.jar[0m
2026.05.01 09:09:59 INFO  time: indexed workspace in 3.69s[0m
May 01, 2026 9:14:43 AM org.eclipse.lsp4j.jsonrpc.services.GenericEndpoint notify
INFO: Unsupported notification method: $/setTrace
May 01, 2026 9:14:43 AM org.eclipse.lsp4j.jsonrpc.services.GenericEndpoint notify
INFO: Unsupported notification method: $/setTrace
2026.05.01 11:37:11 INFO  Shutting down server[0m
2026.05.01 11:37:11 INFO  Memory monitor stopped[0m
2026.05.01 11:37:11 INFO  shutting down Metals[0m
2026.05.01 11:37:11 INFO  Shut down connection with build server.[0m
2026.05.01 11:37:11 INFO  Exiting server[0m
2026.05.04 10:09:17 INFO  tracing is disabled for protocol LSP, to enable tracing of incoming and outgoing JSON messages create an empty file at /home/nullstarfish/personal-ysyx-workbench/ysyxSoC/.metals/lsp.trace.json[0m
2026.05.04 10:09:18 INFO  logging to files /home/nullstarfish/personal-ysyx-workbench/ysyxSoC/.metals/metals.log[0m
2026.05.04 10:09:18 INFO  Started: Metals version 1.6.7 in folders '/home/nullstarfish/personal-ysyx-workbench/ysyxSoC' for client Visual Studio Code 1.118.1.[0m
2026.05.04 10:09:18 INFO  Memory monitor started[0m
2026.05.04 10:09:20 WARN  Using H2 2.4.240 which is newer than the version Flyway has been verified with. The latest verified version of H2 is 2.3.232.[0m
2026.05.04 10:09:20 INFO  Attempting to connect to the build server...[0m
2026.05.04 10:09:20 INFO  Found a Bloop server running[0m
2026.05.04 10:09:20 INFO  tracing is disabled for protocol BSP, to enable tracing of incoming and outgoing JSON messages create an empty file at /home/nullstarfish/personal-ysyx-workbench/ysyxSoC/.metals/bsp.trace.json[0m
2026.05.04 10:09:24 INFO  time: Connected to build server in 3.93s[0m
2026.05.04 10:09:24 INFO  Connected to Build server: Bloop v2.0.19[0m
2026.05.04 10:09:24 WARN  2.13.14 is no longer supported in the current Metals versions, using the last known supported version 1.6.3[0m
2026.05.04 10:09:27 INFO  Created report: Optional[file:///home/nullstarfish/personal-ysyx-workbench/ysyxSoC/file:/home/nullstarfish/personal-ysyx-workbench/ysyxSoC/rocket-chip/src/main/scala/prci/ClockDomain.scala][0m
2026.05.04 10:09:27 INFO  expected identifier; obtained this (full report at: "/home/nullstarfish/personal-ysyx-workbench/ysyxSoC/.metals/.reports/metals/2026-05-04/r_scala-toplevel-mtags_10-09-27-966.md")[0m
2026.05.04 10:09:28 WARN  Could not find java sources in /usr/lib/jvm/src.zip, /usr/lib/jvm/lib/src.zip, /usr/lib/jvm/java-21-openjdk-amd64/src.zip, /usr/lib/jvm/java-21-openjdk-amd64/lib/src.zip. Java symbols will not be available.[0m
2026.05.04 10:09:28 WARN  unexpected dependency with absolute path: /home/nullstarfish/.cache/coursier/v1/https/repo1.maven.org/maven2/io/github/alexarchambault/data-class_2.13/0.2.6/data-class_2.13-0.2.6-sources.jar[0m
2026.05.04 10:09:28 WARN  unexpected dependency with absolute path: /home/nullstarfish/.cache/coursier/v1/https/repo1.maven.org/maven2/com/lihaoyi/upack_2.13/3.3.0/upack_2.13-3.3.0-sources.jar[0m
2026.05.04 10:09:28 WARN  unexpected dependency with absolute path: /home/nullstarfish/.cache/coursier/v1/https/repo1.maven.org/maven2/org/scala-lang/scala-reflect/2.13.14/scala-reflect-2.13.14-sources.jar[0m
2026.05.04 10:09:28 WARN  unexpected dependency with absolute path: /home/nullstarfish/.cache/coursier/v1/https/repo1.maven.org/maven2/com/lihaoyi/os-lib_2.13/0.10.0/os-lib_2.13-0.10.0-sources.jar[0m
2026.05.04 10:09:28 WARN  unexpected dependency with absolute path: /home/nullstarfish/.cache/coursier/v1/https/repo1.maven.org/maven2/org/apache/commons/commons-lang3/3.14.0/commons-lang3-3.14.0-sources.jar[0m
2026.05.04 10:09:28 WARN  unexpected dependency with absolute path: /home/nullstarfish/.cache/coursier/v1/https/repo1.maven.org/maven2/com/lihaoyi/geny_2.13/1.1.0/geny_2.13-1.1.0-sources.jar[0m
2026.05.04 10:09:28 WARN  unexpected dependency with absolute path: /home/nullstarfish/.cache/coursier/v1/https/repo1.maven.org/maven2/com/lihaoyi/ujson_2.13/3.3.0/ujson_2.13-3.3.0-sources.jar[0m
2026.05.04 10:09:28 WARN  unexpected dependency with absolute path: /home/nullstarfish/.cache/coursier/v1/https/repo1.maven.org/maven2/org/chipsalliance/chisel_2.13/7.0.0-M2/chisel_2.13-7.0.0-M2-sources.jar[0m
2026.05.04 10:09:28 WARN  unexpected dependency with absolute path: /home/nullstarfish/.cache/coursier/v1/https/repo1.maven.org/maven2/org/apache/commons/commons-text/1.12.0/commons-text-1.12.0-sources.jar[0m
2026.05.04 10:09:28 WARN  unexpected dependency with absolute path: /home/nullstarfish/.cache/coursier/v1/https/repo1.maven.org/maven2/com/lihaoyi/upickle_2.13/3.3.0/upickle_2.13-3.3.0-sources.jar[0m
2026.05.04 10:09:28 WARN  unexpected dependency with absolute path: /home/nullstarfish/.cache/coursier/v1/https/repo1.maven.org/maven2/org/chipsalliance/firtool-resolver_2.13/2.0.0/firtool-resolver_2.13-2.0.0-sources.jar[0m
2026.05.04 10:09:28 WARN  unexpected dependency with absolute path: /home/nullstarfish/.cache/coursier/v1/https/repo1.maven.org/maven2/org/scala-lang/scala-library/2.13.14/scala-library-2.13.14-sources.jar[0m
2026.05.04 10:09:28 WARN  unexpected dependency with absolute path: /home/nullstarfish/.cache/coursier/v1/https/repo1.maven.org/maven2/com/lihaoyi/upickle-implicits_2.13/3.3.0/upickle-implicits_2.13-3.3.0-sources.jar[0m
2026.05.04 10:09:28 WARN  unexpected dependency with absolute path: /home/nullstarfish/.cache/coursier/v1/https/repo1.maven.org/maven2/org/scala-lang/modules/scala-parallel-collections_2.13/1.0.4/scala-parallel-collections_2.13-1.0.4-sources.jar[0m
2026.05.04 10:09:28 WARN  unexpected dependency with absolute path: /home/nullstarfish/.cache/coursier/v1/https/repo1.maven.org/maven2/com/lihaoyi/upickle-core_2.13/3.3.0/upickle-core_2.13-3.3.0-sources.jar[0m
2026.05.04 10:09:28 WARN  unexpected dependency with absolute path: /home/nullstarfish/.cache/coursier/v1/https/repo1.maven.org/maven2/com/lihaoyi/mainargs_2.13/0.5.4/mainargs_2.13-0.5.4-sources.jar[0m
2026.05.04 10:09:28 WARN  unexpected dependency with absolute path: /home/nullstarfish/.cache/coursier/v1/https/repo1.maven.org/maven2/com/fasterxml/jackson/core/jackson-databind/2.12.7/jackson-databind-2.12.7-sources.jar[0m
2026.05.04 10:09:28 WARN  unexpected dependency with absolute path: /home/nullstarfish/.cache/coursier/v1/https/repo1.maven.org/maven2/com/lihaoyi/sourcecode_2.13/0.3.1/sourcecode_2.13-0.3.1-sources.jar[0m
2026.05.04 10:09:28 WARN  unexpected dependency with absolute path: /home/nullstarfish/.cache/coursier/v1/https/repo1.maven.org/maven2/org/json4s/json4s-jackson-core_2.13/4.0.6/json4s-jackson-core_2.13-4.0.6-sources.jar[0m
2026.05.04 10:09:28 WARN  unexpected dependency with absolute path: /home/nullstarfish/.cache/coursier/v1/https/repo1.maven.org/maven2/com/fasterxml/jackson/core/jackson-core/2.12.7/jackson-core-2.12.7-sources.jar[0m
2026.05.04 10:09:28 WARN  unexpected dependency with absolute path: /home/nullstarfish/.cache/coursier/v1/https/repo1.maven.org/maven2/org/json4s/json4s-jackson_2.13/4.0.6/json4s-jackson_2.13-4.0.6-sources.jar[0m
2026.05.04 10:09:28 WARN  unexpected dependency with absolute path: /home/nullstarfish/.cache/coursier/v1/https/repo1.maven.org/maven2/com/fasterxml/jackson/core/jackson-annotations/2.12.7/jackson-annotations-2.12.7-sources.jar[0m
2026.05.04 10:09:28 WARN  unexpected dependency with absolute path: /home/nullstarfish/.cache/coursier/v1/https/repo1.maven.org/maven2/org/scala-lang/scala-library/2.13.15/scala-library-2.13.15-sources.jar[0m
2026.05.04 10:09:28 WARN  unexpected dependency with absolute path: /home/nullstarfish/.cache/coursier/v1/https/repo1.maven.org/maven2/com/lihaoyi/mill-moduledefs_2.13/0.11.1/mill-moduledefs_2.13-0.11.1-sources.jar[0m
2026.05.04 10:09:28 WARN  unexpected dependency with absolute path: /home/nullstarfish/.cache/coursier/v1/https/repo1.maven.org/maven2/io/github/alexarchambault/data-class_2.13/0.2.6/data-class_2.13-0.2.6-sources.jar[0m
2026.05.04 10:09:28 WARN  unexpected dependency with absolute path: /home/nullstarfish/.cache/coursier/v1/https/repo1.maven.org/maven2/com/lihaoyi/upack_2.13/3.3.0/upack_2.13-3.3.0-sources.jar[0m
2026.05.04 10:09:28 WARN  unexpected dependency with absolute path: /home/nullstarfish/.cache/coursier/v1/https/repo1.maven.org/maven2/org/scala-lang/scala-reflect/2.13.14/scala-reflect-2.13.14-sources.jar[0m
2026.05.04 10:09:28 WARN  unexpected dependency with absolute path: /home/nullstarfish/.cache/coursier/v1/https/repo1.maven.org/maven2/com/lihaoyi/os-lib_2.13/0.10.0/os-lib_2.13-0.10.0-sources.jar[0m
2026.05.04 10:09:28 WARN  unexpected dependency with absolute path: /home/nullstarfish/.cache/coursier/v1/https/repo1.maven.org/maven2/org/apache/commons/commons-lang3/3.14.0/commons-lang3-3.14.0-sources.jar[0m
2026.05.04 10:09:28 WARN  unexpected dependency with absolute path: /home/nullstarfish/.cache/coursier/v1/https/repo1.maven.org/maven2/com/lihaoyi/geny_2.13/1.1.0/geny_2.13-1.1.0-sources.jar[0m
2026.05.04 10:09:28 WARN  unexpected dependency with absolute path: /home/nullstarfish/.cache/coursier/v1/https/repo1.maven.org/maven2/com/lihaoyi/ujson_2.13/3.3.0/ujson_2.13-3.3.0-sources.jar[0m
2026.05.04 10:09:28 WARN  unexpected dependency with absolute path: /home/nullstarfish/.cache/coursier/v1/https/repo1.maven.org/maven2/org/chipsalliance/chisel_2.13/7.0.0-M2/chisel_2.13-7.0.0-M2-sources.jar[0m
2026.05.04 10:09:28 WARN  unexpected dependency with absolute path: /home/nullstarfish/.cache/coursier/v1/https/repo1.maven.org/maven2/org/apache/commons/commons-text/1.12.0/commons-text-1.12.0-sources.jar[0m
2026.05.04 10:09:28 WARN  unexpected dependency with absolute path: /home/nullstarfish/.cache/coursier/v1/https/repo1.maven.org/maven2/com/lihaoyi/upickle_2.13/3.3.0/upickle_2.13-3.3.0-sources.jar[0m
2026.05.04 10:09:28 WARN  unexpected dependency with absolute path: /home/nullstarfish/.cache/coursier/v1/https/repo1.maven.org/maven2/org/chipsalliance/firtool-resolver_2.13/2.0.0/firtool-resolver_2.13-2.0.0-sources.jar[0m
2026.05.04 10:09:28 WARN  unexpected dependency with absolute path: /home/nullstarfish/.cache/coursier/v1/https/repo1.maven.org/maven2/org/scala-lang/scala-library/2.13.14/scala-library-2.13.14-sources.jar[0m
2026.05.04 10:09:28 WARN  unexpected dependency with absolute path: /home/nullstarfish/.cache/coursier/v1/https/repo1.maven.org/maven2/com/lihaoyi/upickle-implicits_2.13/3.3.0/upickle-implicits_2.13-3.3.0-sources.jar[0m
2026.05.04 10:09:28 WARN  unexpected dependency with absolute path: /home/nullstarfish/.cache/coursier/v1/https/repo1.maven.org/maven2/org/scala-lang/modules/scala-parallel-collections_2.13/1.0.4/scala-parallel-collections_2.13-1.0.4-sources.jar[0m
2026.05.04 10:09:28 WARN  unexpected dependency with absolute path: /home/nullstarfish/.cache/coursier/v1/https/repo1.maven.org/maven2/com/lihaoyi/upickle-core_2.13/3.3.0/upickle-core_2.13-3.3.0-sources.jar[0m
2026.05.04 10:09:28 WARN  unexpected dependency with absolute path: /home/nullstarfish/.cache/coursier/v1/https/repo1.maven.org/maven2/com/lihaoyi/mainargs_2.13/0.5.4/mainargs_2.13-0.5.4-sources.jar[0m
2026.05.04 10:09:28 WARN  unexpected dependency with absolute path: /home/nullstarfish/.cache/coursier/v1/https/repo1.maven.org/maven2/com/fasterxml/jackson/core/jackson-databind/2.12.7/jackson-databind-2.12.7-sources.jar[0m
2026.05.04 10:09:28 WARN  unexpected dependency with absolute path: /home/nullstarfish/.cache/coursier/v1/https/repo1.maven.org/maven2/com/lihaoyi/sourcecode_2.13/0.3.1/sourcecode_2.13-0.3.1-sources.jar[0m
2026.05.04 10:09:28 WARN  unexpected dependency with absolute path: /home/nullstarfish/.cache/coursier/v1/https/repo1.maven.org/maven2/org/json4s/json4s-jackson-core_2.13/4.0.6/json4s-jackson-core_2.13-4.0.6-sources.jar[0m
2026.05.04 10:09:28 WARN  unexpected dependency with absolute path: /home/nullstarfish/.cache/coursier/v1/https/repo1.maven.org/maven2/com/fasterxml/jackson/core/jackson-core/2.12.7/jackson-core-2.12.7-sources.jar[0m
2026.05.04 10:09:28 WARN  unexpected dependency with absolute path: /home/nullstarfish/.cache/coursier/v1/https/repo1.maven.org/maven2/org/json4s/json4s-jackson_2.13/4.0.6/json4s-jackson_2.13-4.0.6-sources.jar[0m
2026.05.04 10:09:28 WARN  unexpected dependency with absolute path: /home/nullstarfish/.cache/coursier/v1/https/repo1.maven.org/maven2/com/fasterxml/jackson/core/jackson-annotations/2.12.7/jackson-annotations-2.12.7-sources.jar[0m
2026.05.04 10:09:28 WARN  unexpected dependency with absolute path: /home/nullstarfish/.cache/coursier/v1/https/repo1.maven.org/maven2/org/scala-lang/scala-library/2.13.15/scala-library-2.13.15-sources.jar[0m
2026.05.04 10:09:28 WARN  unexpected dependency with absolute path: /home/nullstarfish/.cache/coursier/v1/https/repo1.maven.org/maven2/com/lihaoyi/mill-moduledefs_2.13/0.11.1/mill-moduledefs_2.13-0.11.1-sources.jar[0m
2026.05.04 10:09:28 INFO  time: indexed workspace in 4.07s[0m
2026.05.04 10:09:37 INFO  compiling rocketchip.macros (1 scala source)[0m
2026.05.04 10:09:37 INFO  compiling rocketchip.cde (1 scala source)[0m
2026.05.04 10:09:37 INFO  compiling rocketchip.hardfloat (20 scala sources)[0m
May 04, 2026 10:09:37 AM org.eclipse.lsp4j.jsonrpc.RemoteEndpoint handleCancellation
WARNING: Unmatched cancel notification for request id 1
2026.05.04 10:09:40 INFO  time: compiled rocketchip.macros in 3.06s[0m
2026.05.04 10:09:40 INFO  time: compiled rocketchip.cde in 3.07s[0m
2026.05.04 10:09:40 INFO  compiling rocketchip.diplomacy (36 scala sources)[0m
2026.05.04 10:09:47 INFO  time: compiled rocketchip.diplomacy in 6.14s[0m
2026.05.04 10:09:47 INFO  time: compiled rocketchip.hardfloat in 9.64s[0m
2026.05.04 10:09:48 INFO  compiling rocketchip (317 scala sources)[0m
2026.05.04 10:10:33 WARN  7 deprecations[0m
2026.05.04 10:10:33 WARN  78 deprecations (since 2.13.0)[0m
2026.05.04 10:10:33 WARN  1 deprecation (since 2.13.7)[0m
2026.05.04 10:10:33 WARN  1 deprecation (since 9)[0m
2026.05.04 10:10:33 WARN  27 deprecations (since CDE 0.1)[0m
2026.05.04 10:10:33 WARN  10 deprecations (since diplomacy 1.0.0)[0m
2026.05.04 10:10:33 WARN  1 deprecation (since rocket-chip 1.2)[0m
2026.05.04 10:10:33 WARN  36 deprecations (since rocketchip 2.0.0)[0m
2026.05.04 10:10:33 WARN  161 deprecations in total; re-run with -deprecation for details[0m
2026.05.04 10:10:33 WARN  20 feature warnings; re-run with -feature for details[0m
2026.05.04 10:10:33 INFO  compiling ysyxsoc (37 scala sources)[0m
2026.05.04 10:10:35 INFO  time: compiled rocketchip in 46s[0m
2026.05.04 10:10:39 WARN  1 deprecation (since 2.13.0)[0m
2026.05.04 10:10:39 WARN  1 deprecation (since 2.13.3)[0m
2026.05.04 10:10:39 WARN  90 deprecations (since rocketchip 2.0.0)[0m
2026.05.04 10:10:39 WARN  92 deprecations in total; re-run with -deprecation for details[0m
2026.05.04 10:10:39 INFO  time: compiled ysyxsoc in 4.79s[0m
May 04, 2026 10:55:43 AM org.eclipse.lsp4j.jsonrpc.services.GenericEndpoint notify
INFO: Unsupported notification method: $/setTrace
2026.05.04 10:58:13 INFO  Shutting down server[0m
2026.05.04 10:58:13 INFO  Memory monitor stopped[0m
2026.05.04 10:58:13 INFO  shutting down Metals[0m
2026.05.04 10:58:13 INFO  Shut down connection with build server.[0m
2026.05.04 10:58:13 INFO  Exiting server[0m
2026.05.04 11:09:31 INFO  tracing is disabled for protocol LSP, to enable tracing of incoming and outgoing JSON messages create an empty file at /home/nullstarfish/personal-ysyx-workbench/ysyxSoC/.metals/lsp.trace.json[0m
2026.05.04 11:09:32 INFO  logging to files /home/nullstarfish/personal-ysyx-workbench/ysyxSoC/.metals/metals.log[0m
2026.05.04 11:09:32 INFO  Started: Metals version 1.6.7 in folders '/home/nullstarfish/personal-ysyx-workbench/ysyxSoC' for client Visual Studio Code 1.118.1.[0m
2026.05.04 11:09:32 INFO  Memory monitor started[0m
2026.05.04 11:09:33 WARN  Using H2 2.4.240 which is newer than the version Flyway has been verified with. The latest verified version of H2 is 2.3.232.[0m
2026.05.04 11:09:33 INFO  no build target found for /home/nullstarfish/personal-ysyx-workbench/ysyxSoC/src/device/GPIO.scala. Using presentation compiler with project's scala-library version: 3.3.7[0m
2026.05.04 11:09:34 INFO  Attempting to connect to the build server...[0m
2026.05.04 11:09:34 INFO  No running Bloop server found, starting one.[0m
2026.05.04 11:09:35 INFO  Starting compilation server[0m
2026.05.04 11:09:35 INFO  no build target found for /home/nullstarfish/personal-ysyx-workbench/ysyxSoC/src/device/Keyboard.scala. Using presentation compiler with project's scala-library version: 3.3.7[0m
2026.05.04 11:09:35 INFO  no build target found for /home/nullstarfish/personal-ysyx-workbench/ysyxSoC/src/device/GPIO.scala. Using presentation compiler with project's scala-library version: 3.3.7[0m
2026.05.04 11:09:35 INFO  no build target found for /home/nullstarfish/personal-ysyx-workbench/ysyxSoC/src/device/Keyboard.scala. Using presentation compiler with project's scala-library version: 3.3.7[0m
2026.05.04 11:09:35 INFO  no build target found for /home/nullstarfish/personal-ysyx-workbench/ysyxSoC/src/device/Keyboard.scala. Using presentation compiler with project's scala-library version: 3.3.7[0m
May 04, 2026 11:09:35 AM org.eclipse.lsp4j.jsonrpc.RemoteEndpoint handleCancellation
WARNING: Unmatched cancel notification for request id 15
2026.05.04 11:09:35 INFO  no build target found for /home/nullstarfish/personal-ysyx-workbench/ysyxSoC/src/device/Keyboard.scala. Using presentation compiler with project's scala-library version: 3.3.7[0m
2026.05.04 11:09:35 INFO  no build target found for /home/nullstarfish/personal-ysyx-workbench/ysyxSoC/src/device/Keyboard.scala. Using presentation compiler with project's scala-library version: 3.3.7[0m
2026.05.04 11:09:35 INFO  no build target found for /home/nullstarfish/personal-ysyx-workbench/ysyxSoC/src/device/Keyboard.scala. Using presentation compiler with project's scala-library version: 3.3.7[0m
2026.05.04 11:09:36 INFO  tracing is disabled for protocol BSP, to enable tracing of incoming and outgoing JSON messages create an empty file at /home/nullstarfish/personal-ysyx-workbench/ysyxSoC/.metals/bsp.trace.json[0m
2026.05.04 11:09:38 INFO  no build target found for /home/nullstarfish/personal-ysyx-workbench/ysyxSoC/src/device/Keyboard.scala. Using presentation compiler with project's scala-library version: 3.3.7[0m
2026.05.04 11:09:38 INFO  no build target found for /home/nullstarfish/personal-ysyx-workbench/ysyxSoC/src/device/Keyboard.scala. Using presentation compiler with project's scala-library version: 3.3.7[0m
2026.05.04 11:09:38 INFO  no build target found for /home/nullstarfish/personal-ysyx-workbench/ysyxSoC/src/device/Keyboard.scala. Using presentation compiler with project's scala-library version: 3.3.7[0m
2026.05.04 11:09:38 INFO  no build target found for /home/nullstarfish/personal-ysyx-workbench/ysyxSoC/src/device/Keyboard.scala. Using presentation compiler with project's scala-library version: 3.3.7[0m
2026.05.04 11:09:39 INFO  no build target found for /home/nullstarfish/personal-ysyx-workbench/ysyxSoC/src/device/Keyboard.scala. Using presentation compiler with project's scala-library version: 3.3.7[0m
2026.05.04 11:09:39 INFO  time: Connected to build server in 5.4s[0m
2026.05.04 11:09:39 INFO  Connected to Build server: Bloop v2.0.19[0m
2026.05.04 11:09:39 INFO  no build target found for /home/nullstarfish/personal-ysyx-workbench/ysyxSoC/src/device/Keyboard.scala. Using presentation compiler with project's scala-library version: 3.3.7[0m
2026.05.04 11:09:39 INFO  time: Imported build in 0.17s[0m
2026.05.04 11:09:39 WARN  2.13.14 is no longer supported in the current Metals versions, using the last known supported version 1.6.3[0m
2026.05.04 11:09:41 INFO  Created report: Optional[file:///home/nullstarfish/personal-ysyx-workbench/ysyxSoC/file:/home/nullstarfish/personal-ysyx-workbench/ysyxSoC/rocket-chip/src/main/scala/prci/ClockDomain.scala][0m
2026.05.04 11:09:41 INFO  expected identifier; obtained this (full report at: "/home/nullstarfish/personal-ysyx-workbench/ysyxSoC/.metals/.reports/metals/2026-05-04/r_scala-toplevel-mtags_11-09-41-384.md")[0m
2026.05.04 11:09:42 WARN  Could not find java sources in /usr/lib/jvm/src.zip, /usr/lib/jvm/lib/src.zip, /usr/lib/jvm/java-21-openjdk-amd64/src.zip, /usr/lib/jvm/java-21-openjdk-amd64/lib/src.zip. Java symbols will not be available.[0m
2026.05.04 11:09:42 WARN  unexpected dependency with absolute path: /home/nullstarfish/.cache/coursier/v1/https/repo1.maven.org/maven2/com/lihaoyi/mainargs_2.13/0.5.4/mainargs_2.13-0.5.4-sources.jar[0m
2026.05.04 11:09:42 WARN  unexpected dependency with absolute path: /home/nullstarfish/.cache/coursier/v1/https/repo1.maven.org/maven2/com/fasterxml/jackson/core/jackson-databind/2.12.7/jackson-databind-2.12.7-sources.jar[0m
2026.05.04 11:09:42 WARN  unexpected dependency with absolute path: /home/nullstarfish/.cache/coursier/v1/https/repo1.maven.org/maven2/com/lihaoyi/upack_2.13/3.3.0/upack_2.13-3.3.0-sources.jar[0m
2026.05.04 11:09:42 WARN  unexpected dependency with absolute path: /home/nullstarfish/.cache/coursier/v1/https/repo1.maven.org/maven2/org/scala-lang/scala-reflect/2.13.14/scala-reflect-2.13.14-sources.jar[0m
2026.05.04 11:09:42 WARN  unexpected dependency with absolute path: /home/nullstarfish/.cache/coursier/v1/https/repo1.maven.org/maven2/com/lihaoyi/os-lib_2.13/0.10.0/os-lib_2.13-0.10.0-sources.jar[0m
2026.05.04 11:09:42 WARN  unexpected dependency with absolute path: /home/nullstarfish/.cache/coursier/v1/https/repo1.maven.org/maven2/org/apache/commons/commons-lang3/3.14.0/commons-lang3-3.14.0-sources.jar[0m
2026.05.04 11:09:42 WARN  unexpected dependency with absolute path: /home/nullstarfish/.cache/coursier/v1/https/repo1.maven.org/maven2/com/lihaoyi/sourcecode_2.13/0.3.1/sourcecode_2.13-0.3.1-sources.jar[0m
2026.05.04 11:09:42 WARN  unexpected dependency with absolute path: /home/nullstarfish/.cache/coursier/v1/https/repo1.maven.org/maven2/com/lihaoyi/geny_2.13/1.1.0/geny_2.13-1.1.0-sources.jar[0m
2026.05.04 11:09:42 WARN  unexpected dependency with absolute path: /home/nullstarfish/.cache/coursier/v1/https/repo1.maven.org/maven2/org/json4s/json4s-jackson-core_2.13/4.0.6/json4s-jackson-core_2.13-4.0.6-sources.jar[0m
2026.05.04 11:09:42 WARN  unexpected dependency with absolute path: /home/nullstarfish/.cache/coursier/v1/https/repo1.maven.org/maven2/com/lihaoyi/ujson_2.13/3.3.0/ujson_2.13-3.3.0-sources.jar[0m
2026.05.04 11:09:42 WARN  unexpected dependency with absolute path: /home/nullstarfish/.cache/coursier/v1/https/repo1.maven.org/maven2/org/chipsalliance/chisel_2.13/7.0.0-M2/chisel_2.13-7.0.0-M2-sources.jar[0m
2026.05.04 11:09:42 WARN  unexpected dependency with absolute path: /home/nullstarfish/.cache/coursier/v1/https/repo1.maven.org/maven2/org/apache/commons/commons-text/1.12.0/commons-text-1.12.0-sources.jar[0m
2026.05.04 11:09:42 WARN  unexpected dependency with absolute path: /home/nullstarfish/.cache/coursier/v1/https/repo1.maven.org/maven2/com/fasterxml/jackson/core/jackson-core/2.12.7/jackson-core-2.12.7-sources.jar[0m
2026.05.04 11:09:42 WARN  unexpected dependency with absolute path: /home/nullstarfish/.cache/coursier/v1/https/repo1.maven.org/maven2/io/github/alexarchambault/data-class_2.13/0.2.6/data-class_2.13-0.2.6-sources.jar[0m
2026.05.04 11:09:42 WARN  unexpected dependency with absolute path: /home/nullstarfish/.cache/coursier/v1/https/repo1.maven.org/maven2/com/lihaoyi/upickle_2.13/3.3.0/upickle_2.13-3.3.0-sources.jar[0m
2026.05.04 11:09:42 WARN  unexpected dependency with absolute path: /home/nullstarfish/.cache/coursier/v1/https/repo1.maven.org/maven2/org/chipsalliance/firtool-resolver_2.13/2.0.0/firtool-resolver_2.13-2.0.0-sources.jar[0m
2026.05.04 11:09:42 WARN  unexpected dependency with absolute path: /home/nullstarfish/.cache/coursier/v1/https/repo1.maven.org/maven2/org/scala-lang/scala-library/2.13.14/scala-library-2.13.14-sources.jar[0m
2026.05.04 11:09:42 WARN  unexpected dependency with absolute path: /home/nullstarfish/.cache/coursier/v1/https/repo1.maven.org/maven2/org/json4s/json4s-jackson_2.13/4.0.6/json4s-jackson_2.13-4.0.6-sources.jar[0m
2026.05.04 11:09:42 WARN  unexpected dependency with absolute path: /home/nullstarfish/.cache/coursier/v1/https/repo1.maven.org/maven2/com/fasterxml/jackson/core/jackson-annotations/2.12.7/jackson-annotations-2.12.7-sources.jar[0m
2026.05.04 11:09:42 WARN  unexpected dependency with absolute path: /home/nullstarfish/.cache/coursier/v1/https/repo1.maven.org/maven2/com/lihaoyi/upickle-implicits_2.13/3.3.0/upickle-implicits_2.13-3.3.0-sources.jar[0m
2026.05.04 11:09:42 WARN  unexpected dependency with absolute path: /home/nullstarfish/.cache/coursier/v1/https/repo1.maven.org/maven2/org/scala-lang/modules/scala-parallel-collections_2.13/1.0.4/scala-parallel-collections_2.13-1.0.4-sources.jar[0m
2026.05.04 11:09:42 WARN  unexpected dependency with absolute path: /home/nullstarfish/.cache/coursier/v1/https/repo1.maven.org/maven2/com/lihaoyi/upickle-core_2.13/3.3.0/upickle-core_2.13-3.3.0-sources.jar[0m
2026.05.04 11:09:42 WARN  unexpected dependency with absolute path: /home/nullstarfish/.cache/coursier/v1/https/repo1.maven.org/maven2/org/scala-lang/scala-library/2.13.15/scala-library-2.13.15-sources.jar[0m
2026.05.04 11:09:42 WARN  unexpected dependency with absolute path: /home/nullstarfish/.cache/coursier/v1/https/repo1.maven.org/maven2/com/lihaoyi/mill-moduledefs_2.13/0.11.1/mill-moduledefs_2.13-0.11.1-sources.jar[0m
2026.05.04 11:09:42 WARN  unexpected dependency with absolute path: /home/nullstarfish/.cache/coursier/v1/https/repo1.maven.org/maven2/com/lihaoyi/mainargs_2.13/0.5.4/mainargs_2.13-0.5.4-sources.jar[0m
2026.05.04 11:09:42 WARN  unexpected dependency with absolute path: /home/nullstarfish/.cache/coursier/v1/https/repo1.maven.org/maven2/com/fasterxml/jackson/core/jackson-databind/2.12.7/jackson-databind-2.12.7-sources.jar[0m
2026.05.04 11:09:42 WARN  unexpected dependency with absolute path: /home/nullstarfish/.cache/coursier/v1/https/repo1.maven.org/maven2/com/lihaoyi/upack_2.13/3.3.0/upack_2.13-3.3.0-sources.jar[0m
2026.05.04 11:09:42 WARN  unexpected dependency with absolute path: /home/nullstarfish/.cache/coursier/v1/https/repo1.maven.org/maven2/org/scala-lang/scala-reflect/2.13.14/scala-reflect-2.13.14-sources.jar[0m
2026.05.04 11:09:42 WARN  unexpected dependency with absolute path: /home/nullstarfish/.cache/coursier/v1/https/repo1.maven.org/maven2/com/lihaoyi/os-lib_2.13/0.10.0/os-lib_2.13-0.10.0-sources.jar[0m
2026.05.04 11:09:42 WARN  unexpected dependency with absolute path: /home/nullstarfish/.cache/coursier/v1/https/repo1.maven.org/maven2/org/apache/commons/commons-lang3/3.14.0/commons-lang3-3.14.0-sources.jar[0m
2026.05.04 11:09:42 WARN  unexpected dependency with absolute path: /home/nullstarfish/.cache/coursier/v1/https/repo1.maven.org/maven2/com/lihaoyi/sourcecode_2.13/0.3.1/sourcecode_2.13-0.3.1-sources.jar[0m
2026.05.04 11:09:42 WARN  unexpected dependency with absolute path: /home/nullstarfish/.cache/coursier/v1/https/repo1.maven.org/maven2/com/lihaoyi/geny_2.13/1.1.0/geny_2.13-1.1.0-sources.jar[0m
2026.05.04 11:09:42 WARN  unexpected dependency with absolute path: /home/nullstarfish/.cache/coursier/v1/https/repo1.maven.org/maven2/org/json4s/json4s-jackson-core_2.13/4.0.6/json4s-jackson-core_2.13-4.0.6-sources.jar[0m
2026.05.04 11:09:42 WARN  unexpected dependency with absolute path: /home/nullstarfish/.cache/coursier/v1/https/repo1.maven.org/maven2/com/lihaoyi/ujson_2.13/3.3.0/ujson_2.13-3.3.0-sources.jar[0m
2026.05.04 11:09:42 WARN  unexpected dependency with absolute path: /home/nullstarfish/.cache/coursier/v1/https/repo1.maven.org/maven2/org/chipsalliance/chisel_2.13/7.0.0-M2/chisel_2.13-7.0.0-M2-sources.jar[0m
2026.05.04 11:09:42 WARN  unexpected dependency with absolute path: /home/nullstarfish/.cache/coursier/v1/https/repo1.maven.org/maven2/org/apache/commons/commons-text/1.12.0/commons-text-1.12.0-sources.jar[0m
2026.05.04 11:09:42 WARN  unexpected dependency with absolute path: /home/nullstarfish/.cache/coursier/v1/https/repo1.maven.org/maven2/com/fasterxml/jackson/core/jackson-core/2.12.7/jackson-core-2.12.7-sources.jar[0m
2026.05.04 11:09:42 WARN  unexpected dependency with absolute path: /home/nullstarfish/.cache/coursier/v1/https/repo1.maven.org/maven2/io/github/alexarchambault/data-class_2.13/0.2.6/data-class_2.13-0.2.6-sources.jar[0m
2026.05.04 11:09:42 WARN  unexpected dependency with absolute path: /home/nullstarfish/.cache/coursier/v1/https/repo1.maven.org/maven2/com/lihaoyi/upickle_2.13/3.3.0/upickle_2.13-3.3.0-sources.jar[0m
2026.05.04 11:09:42 WARN  unexpected dependency with absolute path: /home/nullstarfish/.cache/coursier/v1/https/repo1.maven.org/maven2/org/chipsalliance/firtool-resolver_2.13/2.0.0/firtool-resolver_2.13-2.0.0-sources.jar[0m
2026.05.04 11:09:42 WARN  unexpected dependency with absolute path: /home/nullstarfish/.cache/coursier/v1/https/repo1.maven.org/maven2/org/scala-lang/scala-library/2.13.14/scala-library-2.13.14-sources.jar[0m
2026.05.04 11:09:42 WARN  unexpected dependency with absolute path: /home/nullstarfish/.cache/coursier/v1/https/repo1.maven.org/maven2/org/json4s/json4s-jackson_2.13/4.0.6/json4s-jackson_2.13-4.0.6-sources.jar[0m
2026.05.04 11:09:42 WARN  unexpected dependency with absolute path: /home/nullstarfish/.cache/coursier/v1/https/repo1.maven.org/maven2/com/fasterxml/jackson/core/jackson-annotations/2.12.7/jackson-annotations-2.12.7-sources.jar[0m
2026.05.04 11:09:42 WARN  unexpected dependency with absolute path: /home/nullstarfish/.cache/coursier/v1/https/repo1.maven.org/maven2/com/lihaoyi/upickle-implicits_2.13/3.3.0/upickle-implicits_2.13-3.3.0-sources.jar[0m
2026.05.04 11:09:42 WARN  unexpected dependency with absolute path: /home/nullstarfish/.cache/coursier/v1/https/repo1.maven.org/maven2/org/scala-lang/modules/scala-parallel-collections_2.13/1.0.4/scala-parallel-collections_2.13-1.0.4-sources.jar[0m
2026.05.04 11:09:42 WARN  unexpected dependency with absolute path: /home/nullstarfish/.cache/coursier/v1/https/repo1.maven.org/maven2/com/lihaoyi/upickle-core_2.13/3.3.0/upickle-core_2.13-3.3.0-sources.jar[0m
2026.05.04 11:09:42 WARN  unexpected dependency with absolute path: /home/nullstarfish/.cache/coursier/v1/https/repo1.maven.org/maven2/org/scala-lang/scala-library/2.13.15/scala-library-2.13.15-sources.jar[0m
2026.05.04 11:09:42 WARN  unexpected dependency with absolute path: /home/nullstarfish/.cache/coursier/v1/https/repo1.maven.org/maven2/com/lihaoyi/mill-moduledefs_2.13/0.11.1/mill-moduledefs_2.13-0.11.1-sources.jar[0m
2026.05.04 11:09:42 INFO  time: indexed workspace in 3.09s[0m
2026.05.04 11:09:43 INFO  compiling rocketchip.macros (1 scala source)[0m
2026.05.04 11:09:43 INFO  compiling rocketchip.cde (1 scala source)[0m
2026.05.04 11:09:43 INFO  compiling rocketchip.hardfloat (20 scala sources)[0m
2026.05.04 11:09:45 INFO  time: compiled rocketchip.macros in 2.4s[0m
2026.05.04 11:09:45 INFO  time: compiled rocketchip.cde in 2.4s[0m
2026.05.04 11:09:45 INFO  compiling rocketchip.diplomacy (36 scala sources)[0m
2026.05.04 11:09:51 INFO  time: compiled rocketchip.diplomacy in 5.78s[0m
2026.05.04 11:09:51 INFO  time: compiled rocketchip.hardfloat in 8.63s[0m
2026.05.04 11:09:53 INFO  compiling rocketchip (317 scala sources)[0m
2026.05.04 11:10:36 WARN  7 deprecations[0m
2026.05.04 11:10:36 WARN  78 deprecations (since 2.13.0)[0m
2026.05.04 11:10:36 WARN  1 deprecation (since 2.13.7)[0m
2026.05.04 11:10:36 WARN  1 deprecation (since 9)[0m
2026.05.04 11:10:36 WARN  27 deprecations (since CDE 0.1)[0m
2026.05.04 11:10:36 WARN  10 deprecations (since diplomacy 1.0.0)[0m
2026.05.04 11:10:36 WARN  1 deprecation (since rocket-chip 1.2)[0m
2026.05.04 11:10:36 WARN  36 deprecations (since rocketchip 2.0.0)[0m
2026.05.04 11:10:36 WARN  161 deprecations in total; re-run with -deprecation for details[0m
2026.05.04 11:10:36 WARN  20 feature warnings; re-run with -feature for details[0m
2026.05.04 11:10:36 INFO  compiling ysyxsoc (37 scala sources)[0m
2026.05.04 11:10:37 INFO  time: compiled rocketchip in 44s[0m
2026.05.04 11:10:42 WARN  1 deprecation (since 2.13.0)[0m
2026.05.04 11:10:42 WARN  1 deprecation (since 2.13.3)[0m
2026.05.04 11:10:42 WARN  90 deprecations (since rocketchip 2.0.0)[0m
2026.05.04 11:10:42 WARN  92 deprecations in total; re-run with -deprecation for details[0m
2026.05.04 11:10:42 INFO  time: compiled ysyxsoc in 5.62s[0m
May 04, 2026 11:11:53 AM org.eclipse.lsp4j.jsonrpc.RemoteEndpoint handleCancellation
WARNING: Unmatched cancel notification for request id 133
May 04, 2026 11:11:54 AM org.eclipse.lsp4j.jsonrpc.RemoteEndpoint handleCancellation
WARNING: Unmatched cancel notification for request id 157
May 04, 2026 11:11:55 AM org.eclipse.lsp4j.jsonrpc.RemoteEndpoint handleCancellation
WARNING: Unmatched cancel notification for request id 160
May 04, 2026 11:12:04 AM org.eclipse.lsp4j.jsonrpc.RemoteEndpoint handleCancellation
WARNING: Unmatched cancel notification for request id 276
2026.05.04 11:12:40 INFO  compiling ysyxsoc (1 scala source)[0m
2026.05.04 11:12:41 WARN  2 deprecations (since rocketchip 2.0.0); re-run with -deprecation for details[0m
2026.05.04 11:12:41 INFO  time: compiled ysyxsoc in 1.97s[0m
2026.05.04 11:13:08 INFO  Created report: Optional[file:///home/nullstarfish/personal-ysyx-workbench/ysyxSoC/rocket-chip/src/main/scala/amba/apb/Bundles.scala][0m
2026.05.04 11:13:08 INFO  empty definition using pc, found symbol in pc: chisel3/BoolFactory#apply(). (full report at: "/home/nullstarfish/personal-ysyx-workbench/ysyxSoC/.metals/.reports/metals-full/2026-05-04/r_empty-definition_(rocketchip)_11-13-08-162.md")[0m
May 04, 2026 11:13:08 AM org.eclipse.lsp4j.jsonrpc.RemoteEndpoint handleCancellation
WARNING: Unmatched cancel notification for request id 586
May 04, 2026 11:13:08 AM org.eclipse.lsp4j.jsonrpc.RemoteEndpoint handleCancellation
WARNING: Unmatched cancel notification for request id 587
May 04, 2026 11:13:16 AM org.eclipse.lsp4j.jsonrpc.RemoteEndpoint handleCancellation
WARNING: Unmatched cancel notification for request id 617
2026.05.04 11:13:49 INFO  Created report: Optional[file:///home/nullstarfish/personal-ysyx-workbench/ysyxSoC/src/device/Keyboard.scala][0m
2026.05.04 11:13:49 INFO  empty definition using pc, found symbol in pc: chisel3/util/Queue# (full report at: "/home/nullstarfish/personal-ysyx-workbench/ysyxSoC/.metals/.reports/metals-full/2026-05-04/r_empty-definition_(ysyxsoc)_11-13-49-271.md")[0m
2026.05.04 11:13:49 INFO  empty definition using pc, found symbol in pc: chisel3/util/Queue# (full report at: "/home/nullstarfish/personal-ysyx-workbench/ysyxSoC/.metals/.reports/metals-full/2026-05-04/r_empty-definition_(ysyxsoc)_11-13-49-271.md")[0m
2026.05.04 11:13:50 INFO  empty definition using pc, found symbol in pc: chisel3/util/Queue# (full report at: "/home/nullstarfish/personal-ysyx-workbench/ysyxSoC/.metals/.reports/metals-full/2026-05-04/r_empty-definition_(ysyxsoc)_11-13-49-271.md")[0m
2026.05.04 11:13:51 INFO  empty definition using pc, found symbol in pc: chisel3/util/Queue# (full report at: "/home/nullstarfish/personal-ysyx-workbench/ysyxSoC/.metals/.reports/metals-full/2026-05-04/r_empty-definition_(ysyxsoc)_11-13-49-271.md")[0m
2026.05.04 11:13:52 INFO  empty definition using pc, found symbol in pc: chisel3/util/Queue# (full report at: "/home/nullstarfish/personal-ysyx-workbench/ysyxSoC/.metals/.reports/metals-full/2026-05-04/r_empty-definition_(ysyxsoc)_11-13-49-271.md")[0m
2026.05.04 11:13:52 INFO  empty definition using pc, found symbol in pc: chisel3/util/Queue# (full report at: "/home/nullstarfish/personal-ysyx-workbench/ysyxSoC/.metals/.reports/metals-full/2026-05-04/r_empty-definition_(ysyxsoc)_11-13-49-271.md")[0m
2026.05.04 11:13:53 INFO  compiling ysyxsoc (1 scala source)[0m
2026.05.04 11:13:53 INFO  time: compiled ysyxsoc in 0.14s[0m
2026.05.04 11:13:57 INFO  compiling ysyxsoc (1 scala source)[0m
2026.05.04 11:13:57 INFO  time: compiled ysyxsoc in 0.23s[0m
2026.05.04 11:14:04 INFO  empty definition using pc, found symbol in pc: chisel3/util/Queue# (full report at: "/home/nullstarfish/personal-ysyx-workbench/ysyxSoC/.metals/.reports/metals-full/2026-05-04/r_empty-definition_(ysyxsoc)_11-13-49-271.md")[0m
2026.05.04 11:14:04 INFO  empty definition using pc, found symbol in pc: chisel3/util/Queue# (full report at: "/home/nullstarfish/personal-ysyx-workbench/ysyxSoC/.metals/.reports/metals-full/2026-05-04/r_empty-definition_(ysyxsoc)_11-13-49-271.md")[0m
2026.05.04 11:14:05 INFO  empty definition using pc, found symbol in pc: chisel3/util/Queue# (full report at: "/home/nullstarfish/personal-ysyx-workbench/ysyxSoC/.metals/.reports/metals-full/2026-05-04/r_empty-definition_(ysyxsoc)_11-13-49-271.md")[0m
2026.05.04 11:14:06 INFO  empty definition using pc, found symbol in pc: chisel3/util/Queue# (full report at: "/home/nullstarfish/personal-ysyx-workbench/ysyxSoC/.metals/.reports/metals-full/2026-05-04/r_empty-definition_(ysyxsoc)_11-13-49-271.md")[0m
2026.05.04 11:14:06 INFO  Created report: Optional[file:///home/nullstarfish/personal-ysyx-workbench/ysyxSoC/src/device/Keyboard.scala][0m
2026.05.04 11:14:06 INFO  empty definition using pc, found symbol in pc: chisel3/UIntFactory#apply(+1). (full report at: "/home/nullstarfish/personal-ysyx-workbench/ysyxSoC/.metals/.reports/metals-full/2026-05-04/r_empty-definition_(ysyxsoc)_11-14-06-766.md")[0m
2026.05.04 11:14:22 INFO  compiling ysyxsoc (1 scala source)[0m
2026.05.04 11:14:23 WARN  2 deprecations (since rocketchip 2.0.0); re-run with -deprecation for details[0m
2026.05.04 11:14:23 INFO  time: compiled ysyxsoc in 1.34s[0m
May 04, 2026 11:15:24 AM org.eclipse.lsp4j.jsonrpc.RemoteEndpoint handleCancellation
WARNING: Unmatched cancel notification for request id 1381
2026.05.04 11:15:26 INFO  compiling ysyxsoc (1 scala source)[0m
2026.05.04 11:15:27 WARN  2 deprecations (since rocketchip 2.0.0); re-run with -deprecation for details[0m
2026.05.04 11:15:27 INFO  time: compiled ysyxsoc in 1.98s[0m
2026.05.04 11:15:38 INFO  compiling ysyxsoc (1 scala source)[0m
2026.05.04 11:15:38 WARN  2 deprecations (since rocketchip 2.0.0); re-run with -deprecation for details[0m
2026.05.04 11:15:38 INFO  time: compiled ysyxsoc in 0.93s[0m
2026.05.04 11:15:57 INFO  compiling ysyxsoc (1 scala source)[0m
2026.05.04 11:15:57 WARN  2 deprecations (since rocketchip 2.0.0); re-run with -deprecation for details[0m
2026.05.04 11:15:57 INFO  time: compiled ysyxsoc in 0.86s[0m
May 04, 2026 11:16:06 AM org.eclipse.lsp4j.jsonrpc.RemoteEndpoint handleCancellation
WARNING: Unmatched cancel notification for request id 1592
2026.05.04 11:16:19 INFO  compiling ysyxsoc (1 scala source)[0m
2026.05.04 11:16:19 WARN  2 deprecations (since rocketchip 2.0.0); re-run with -deprecation for details[0m
2026.05.04 11:16:19 INFO  time: compiled ysyxsoc in 0.74s[0m
May 04, 2026 11:17:13 AM org.eclipse.lsp4j.jsonrpc.RemoteEndpoint handleCancellation
WARNING: Unmatched cancel notification for request id 1994
2026.05.04 11:18:02 INFO  compiling ysyxsoc (1 scala source)[0m
2026.05.04 11:18:04 WARN  2 deprecations (since rocketchip 2.0.0); re-run with -deprecation for details[0m
2026.05.04 11:18:04 INFO  time: compiled ysyxsoc in 2.36s[0m
2026.05.04 11:20:13 WARN  Could not find semantic tokens for: file:///home/nullstarfish/personal-ysyx-workbench/ysyxSoC/src/device/Keyboard.scala[0m
2026.05.04 11:20:14 INFO  compiling ysyxsoc (1 scala source)[0m
2026.05.04 11:20:16 WARN  2 deprecations (since rocketchip 2.0.0); re-run with -deprecation for details[0m
2026.05.04 11:20:16 INFO  time: compiled ysyxsoc in 1.85s[0m
2026.05.04 11:20:52 INFO  compiling ysyxsoc (1 scala source)[0m
2026.05.04 11:20:53 WARN  2 deprecations (since rocketchip 2.0.0); re-run with -deprecation for details[0m
2026.05.04 11:20:53 INFO  time: compiled ysyxsoc in 1.19s[0m
May 04, 2026 11:20:59 AM org.eclipse.lsp4j.jsonrpc.RemoteEndpoint handleCancellation
WARNING: Unmatched cancel notification for request id 2939
2026.05.04 11:21:13 INFO  compiling ysyxsoc (1 scala source)[0m
2026.05.04 11:21:13 WARN  2 deprecations (since rocketchip 2.0.0); re-run with -deprecation for details[0m
2026.05.04 11:21:13 INFO  time: compiled ysyxsoc in 0.87s[0m
2026.05.04 11:21:31 INFO  compiling ysyxsoc (1 scala source)[0m
2026.05.04 11:21:31 WARN  2 deprecations (since rocketchip 2.0.0); re-run with -deprecation for details[0m
2026.05.04 11:21:31 INFO  time: compiled ysyxsoc in 0.79s[0m
May 04, 2026 11:22:09 AM org.eclipse.lsp4j.jsonrpc.RemoteEndpoint handleCancellation
WARNING: Unmatched cancel notification for request id 3345
May 04, 2026 11:22:09 AM org.eclipse.lsp4j.jsonrpc.RemoteEndpoint handleCancellation
WARNING: Unmatched cancel notification for request id 3346
May 04, 2026 11:22:30 AM org.eclipse.lsp4j.jsonrpc.RemoteEndpoint handleCancellation
WARNING: Unmatched cancel notification for request id 3559
2026.05.04 11:22:30 WARN  Could not find semantic tokens for: file:///home/nullstarfish/personal-ysyx-workbench/ysyxSoC/src/device/Keyboard.scala[0m
May 04, 2026 11:22:32 AM org.eclipse.lsp4j.jsonrpc.RemoteEndpoint handleCancellation
WARNING: Unmatched cancel notification for request id 3598
May 04, 2026 11:22:43 AM org.eclipse.lsp4j.jsonrpc.RemoteEndpoint handleCancellation
WARNING: Unmatched cancel notification for request id 3712
May 04, 2026 11:22:49 AM org.eclipse.lsp4j.jsonrpc.RemoteEndpoint handleCancellation
WARNING: Unmatched cancel notification for request id 3810
May 04, 2026 11:22:52 AM scala.meta.internal.pc.CompletionItemResolver fullDocstring
WARNING: Error getting docstring for value cnt
java.lang.IndexOutOfBoundsException: -1 is out of bounds (min 0, max 2)
	at scala.collection.mutable.ArrayBuffer.apply(ArrayBuffer.scala:102)
	at scala.reflect.internal.Types$Type.findMemberInternal$1(Types.scala:1030)
	at scala.reflect.internal.Types$Type.findMember(Types.scala:1035)
	at scala.reflect.internal.Types$Type.memberBasedOnName(Types.scala:661)
	at scala.reflect.internal.Types$Type.nonLocalMember(Types.scala:652)
	at scala.tools.nsc.typechecker.Typers$Typer.member(Typers.scala:684)
	at scala.tools.nsc.typechecker.Typers$Typer.typedSelect$1(Typers.scala:5442)
	at scala.tools.nsc.typechecker.Typers$Typer.typedSelectOrSuperCall$1(Typers.scala:5604)
	at scala.tools.nsc.typechecker.Typers$Typer.typed1(Typers.scala:6206)
	at scala.tools.nsc.typechecker.Typers$Typer.typed(Typers.scala:6261)
	at scala.tools.nsc.typechecker.Typers$Typer.typedSelect$1(Typers.scala:5457)
	at scala.tools.nsc.typechecker.Typers$Typer.typedSelectOrSuperCall$1(Typers.scala:5604)
	at scala.tools.nsc.typechecker.Typers$Typer.typed1(Typers.scala:6206)
	at scala.tools.nsc.typechecker.Typers$Typer.typed(Typers.scala:6261)
	at scala.tools.nsc.typechecker.Typers$Typer.$anonfun$typed1$41(Typers.scala:5233)
	at scala.tools.nsc.typechecker.Typers$Typer.silent(Typers.scala:713)
	at scala.tools.nsc.typechecker.Typers$Typer.normalTypedApply$1(Typers.scala:5235)
	at scala.tools.nsc.typechecker.Typers$Typer.typedApply$1(Typers.scala:5267)
	at scala.tools.nsc.typechecker.Typers$Typer.typed1(Typers.scala:6205)
	at scala.tools.nsc.typechecker.Typers$Typer.typed(Typers.scala:6261)
	at scala.tools.nsc.typechecker.Typers$Typer.typedArg(Typers.scala:3557)
	at scala.tools.nsc.typechecker.Typers$Typer.handlePolymorphicCall$1(Typers.scala:3961)
	at scala.tools.nsc.typechecker.Typers$Typer.doTypedApply(Typers.scala:3980)
	at scala.tools.nsc.typechecker.Typers$Typer.$anonfun$typed1$28(Typers.scala:5166)
	at scala.tools.nsc.typechecker.Typers$Typer.silent(Typers.scala:713)
	at scala.tools.nsc.typechecker.Typers$Typer.tryTypedApply$1(Typers.scala:5166)
	at scala.tools.nsc.typechecker.Typers$Typer.normalTypedApply$1(Typers.scala:5254)
	at scala.tools.nsc.typechecker.Typers$Typer.typedApply$1(Typers.scala:5267)
	at scala.tools.nsc.typechecker.Typers$Typer.typed1(Typers.scala:6205)
	at scala.tools.nsc.typechecker.Typers$Typer.typed(Typers.scala:6261)
	at scala.tools.nsc.typechecker.Typers$Typer.computeType(Typers.scala:6350)
	at scala.tools.nsc.typechecker.Namers$Namer.assignTypeToTree(Namers.scala:1105)
	at scala.tools.nsc.typechecker.Namers$Namer.inferredValTpt$1(Namers.scala:1752)
	at scala.tools.nsc.typechecker.Namers$Namer.valDefSig(Namers.scala:1765)
	at scala.tools.nsc.typechecker.Namers$Namer.memberSig(Namers.scala:1953)
	at scala.tools.nsc.typechecker.Namers$Namer.typeSig(Namers.scala:1903)
	at scala.tools.nsc.typechecker.Namers$Namer$ValTypeCompleter.completeImpl(Namers.scala:918)
	at scala.tools.nsc.typechecker.Namers$Namer$AccessorTypeCompleter.completeImpl(Namers.scala:942)
	at scala.tools.nsc.typechecker.Namers$LockingTypeCompleter.complete(Namers.scala:2100)
	at scala.tools.nsc.typechecker.Namers$LockingTypeCompleter.complete$(Namers.scala:2098)
	at scala.tools.nsc.typechecker.Namers$TypeCompleterBase.complete(Namers.scala:2093)
	at scala.reflect.internal.Symbols$Symbol.completeInfo(Symbols.scala:1566)
	at scala.reflect.internal.Symbols$Symbol.info(Symbols.scala:1538)
	at scala.meta.internal.pc.CompletionItemResolver.fullDocstring(CompletionItemResolver.scala:71)
	at scala.meta.internal.pc.CompletionItemResolver.$anonfun$handleSymbol$2(CompletionItemResolver.scala:43)
	at scala.meta.internal.pc.ItemResolver.enrichDocs(ItemResolver.scala:75)
	at scala.meta.internal.pc.ItemResolver.enrichDocs$(ItemResolver.scala:14)
	at scala.meta.internal.pc.CompletionItemResolver.enrichDocs(CompletionItemResolver.scala:12)
	at scala.meta.internal.pc.CompletionItemResolver.handleSymbol(CompletionItemResolver.scala:44)
	at scala.meta.internal.pc.CompletionItemResolver.resolve(CompletionItemResolver.scala:28)
	at scala.meta.internal.pc.ScalaPresentationCompiler.$anonfun$completionItemResolve$1(ScalaPresentationCompiler.scala:421)
	at scala.meta.internal.pc.CompilerAccess.withSharedCompiler(CompilerAccess.scala:148)
	at scala.meta.internal.pc.ScalaPresentationCompiler.completionItemResolve(ScalaPresentationCompiler.scala:422)
	at scala.meta.internal.metals.Compilers.$anonfun$completionItemResolve$2(Compilers.scala:418)
	at scala.Option.map(Option.scala:242)
	at scala.meta.internal.metals.Compilers.$anonfun$completionItemResolve$1(Compilers.scala:417)
	at scala.Option.flatMap(Option.scala:283)
	at scala.meta.internal.metals.Compilers.completionItemResolve(Compilers.scala:416)
	at scala.meta.internal.metals.MetalsLspService.$anonfun$completionItemResolve$1(MetalsLspService.scala:1200)
	at scala.meta.internal.metals.CancelTokens$.future(CancelTokens.scala:38)
	at scala.meta.internal.metals.MetalsLspService.completionItemResolve(MetalsLspService.scala:1198)
	at scala.meta.internal.metals.WorkspaceLspService.$anonfun$completionItemResolve$1(WorkspaceLspService.scala:615)
	at scala.Option.map(Option.scala:242)
	at scala.meta.internal.metals.WorkspaceLspService.completionItemResolve(WorkspaceLspService.scala:615)
	at scala.meta.metals.lsp.DelegatingScalaService.completionItemResolve(DelegatingScalaService.scala:149)
	at java.base/jdk.internal.reflect.DirectMethodHandleAccessor.invoke(DirectMethodHandleAccessor.java:103)
	at java.base/java.lang.reflect.Method.invoke(Method.java:580)
	at org.eclipse.lsp4j.jsonrpc.services.GenericEndpoint.lambda$recursiveFindRpcMethods$0(GenericEndpoint.java:65)
	at org.eclipse.lsp4j.jsonrpc.services.GenericEndpoint.request(GenericEndpoint.java:128)
	at org.eclipse.lsp4j.jsonrpc.RemoteEndpoint.handleRequest(RemoteEndpoint.java:265)
	at org.eclipse.lsp4j.jsonrpc.RemoteEndpoint.consume(RemoteEndpoint.java:195)
	at org.eclipse.lsp4j.jsonrpc.json.StreamMessageProducer.handleMessage(StreamMessageProducer.java:189)
	at org.eclipse.lsp4j.jsonrpc.json.StreamMessageProducer.listen(StreamMessageProducer.java:97)
	at org.eclipse.lsp4j.jsonrpc.json.ConcurrentMessageProcessor.run(ConcurrentMessageProcessor.java:97)
	at java.base/java.util.concurrent.Executors$RunnableAdapter.call(Executors.java:572)
	at java.base/java.util.concurrent.FutureTask.run(FutureTask.java:317)
	at java.base/java.util.concurrent.ThreadPoolExecutor.runWorker(ThreadPoolExecutor.java:1144)
	at java.base/java.util.concurrent.ThreadPoolExecutor$Worker.run(ThreadPoolExecutor.java:642)
	at java.base/java.lang.Thread.run(Thread.java:1583)

May 04, 2026 11:22:52 AM org.eclipse.lsp4j.jsonrpc.RemoteEndpoint handleCancellation
WARNING: Unmatched cancel notification for request id 3851
2026.05.04 11:22:52 INFO  Created report: Optional[file:///home/nullstarfish/personal-ysyx-workbench/ysyxSoC/src/device/Keyboard.scala][0m
2026.05.04 11:22:52 INFO  java.lang.IndexOutOfBoundsException: -1 is out of bounds (min 0, max 2) (full report at: "/home/nullstarfish/personal-ysyx-workbench/ysyxSoC/.metals/.reports/metals-full/2026-05-04/r_compiler-error_(ysyxsoc)_11-22-52-575.md")[0m
2026.05.04 11:22:52 WARN  Could not find semantic tokens for: file:///home/nullstarfish/personal-ysyx-workbench/ysyxSoC/src/device/Keyboard.scala[0m
2026.05.04 11:23:03 WARN  Could not find semantic tokens for: file:///home/nullstarfish/personal-ysyx-workbench/ysyxSoC/src/device/Keyboard.scala[0m
May 04, 2026 11:23:04 AM org.eclipse.lsp4j.jsonrpc.RemoteEndpoint handleCancellation
WARNING: Unmatched cancel notification for request id 3988
2026.05.04 11:23:10 WARN  Could not find semantic tokens for: file:///home/nullstarfish/personal-ysyx-workbench/ysyxSoC/src/device/Keyboard.scala[0m
May 04, 2026 11:23:14 AM org.eclipse.lsp4j.jsonrpc.RemoteEndpoint handleCancellation
WARNING: Unmatched cancel notification for request id 4098
May 04, 2026 11:23:30 AM scala.meta.internal.pc.CompletionItemResolver fullDocstring
WARNING: Error getting docstring for value cnt
java.lang.IndexOutOfBoundsException: -1 is out of bounds (min 0, max 2)
	at scala.collection.mutable.ArrayBuffer.apply(ArrayBuffer.scala:102)
	at scala.reflect.internal.Types$Type.findMemberInternal$1(Types.scala:1030)
	at scala.reflect.internal.Types$Type.findMember(Types.scala:1035)
	at scala.reflect.internal.Types$Type.memberBasedOnName(Types.scala:661)
	at scala.reflect.internal.Types$Type.nonLocalMember(Types.scala:652)
	at scala.tools.nsc.typechecker.Contexts$ImportInfo.importedSelectedSymbol(Contexts.scala:1944)
	at scala.tools.nsc.typechecker.Contexts$SymbolLookup.apply(Contexts.scala:1530)
	at scala.tools.nsc.typechecker.Contexts$Context.lookupSymbol(Contexts.scala:1282)
	at scala.tools.nsc.typechecker.Typers$Typer.typedIdent$2(Typers.scala:5663)
	at scala.tools.nsc.typechecker.Typers$Typer.typedIdentOrWildcard$1(Typers.scala:5732)
	at scala.tools.nsc.typechecker.Typers$Typer.typed1(Typers.scala:6203)
	at scala.tools.nsc.typechecker.Typers$Typer.typed(Typers.scala:6261)
	at scala.tools.nsc.typechecker.Typers$Typer.$anonfun$typed1$41(Typers.scala:5233)
	at scala.tools.nsc.typechecker.Typers$Typer.silent(Typers.scala:713)
	at scala.tools.nsc.typechecker.Typers$Typer.normalTypedApply$1(Typers.scala:5235)
	at scala.tools.nsc.typechecker.Typers$Typer.typedApply$1(Typers.scala:5267)
	at scala.tools.nsc.typechecker.Typers$Typer.typed1(Typers.scala:6205)
	at scala.tools.nsc.typechecker.Implicits$ImplicitSearch.typedImplicit1(Implicits.scala:869)
	at scala.tools.nsc.typechecker.Implicits$ImplicitSearch.typedImplicit0(Implicits.scala:824)
	at scala.tools.nsc.typechecker.Implicits$ImplicitSearch.scala$tools$nsc$typechecker$Implicits$ImplicitSearch$$typedImplicit(Implicits.scala:639)
	at scala.tools.nsc.typechecker.Implicits$ImplicitSearch$ImplicitComputation.rankImplicits(Implicits.scala:1219)
	at scala.tools.nsc.typechecker.Implicits$ImplicitSearch$ImplicitComputation.findBest(Implicits.scala:1260)
	at scala.tools.nsc.typechecker.Implicits$ImplicitSearch.searchImplicit(Implicits.scala:1319)
	at scala.tools.nsc.typechecker.Implicits$ImplicitSearch.bestImplicit(Implicits.scala:1716)
	at scala.tools.nsc.typechecker.Implicits.inferImplicit1(Implicits.scala:112)
	at scala.tools.nsc.typechecker.Implicits.inferImplicit(Implicits.scala:91)
	at scala.tools.nsc.typechecker.Implicits.inferImplicit$(Implicits.scala:88)
	at scala.meta.internal.pc.MetalsGlobal$MetalsInteractiveAnalyzer.inferImplicit(MetalsGlobal.scala:85)
	at scala.tools.nsc.typechecker.Implicits.inferImplicitView(Implicits.scala:50)
	at scala.tools.nsc.typechecker.Implicits.inferImplicitView$(Implicits.scala:49)
	at scala.meta.internal.pc.MetalsGlobal$MetalsInteractiveAnalyzer.inferImplicitView(MetalsGlobal.scala:85)
	at scala.tools.nsc.typechecker.Typers$Typer.inferView(Typers.scala:332)
	at scala.tools.nsc.typechecker.Typers$Typer.adaptToMember(Typers.scala:1416)
	at scala.tools.nsc.typechecker.Typers$Typer.$anonfun$adaptToMemberWithArgs$6(Typers.scala:1469)
	at scala.tools.nsc.typechecker.Typers$Typer.silent(Typers.scala:727)
	at scala.tools.nsc.typechecker.Typers$Typer.adaptToMemberWithArgs(Typers.scala:1469)
	at scala.tools.nsc.typechecker.Typers$Typer.typedSelect$1(Typers.scala:5454)
	at scala.tools.nsc.typechecker.Typers$Typer.typedSelectOrSuperCall$1(Typers.scala:5604)
	at scala.tools.nsc.typechecker.Typers$Typer.typed1(Typers.scala:6206)
	at scala.tools.nsc.typechecker.Typers$Typer.typed(Typers.scala:6261)
	at scala.tools.nsc.typechecker.Typers$Typer.$anonfun$typed1$41(Typers.scala:5233)
	at scala.tools.nsc.typechecker.Typers$Typer.silent(Typers.scala:713)
	at scala.tools.nsc.typechecker.Typers$Typer.normalTypedApply$1(Typers.scala:5235)
	at scala.tools.nsc.typechecker.Typers$Typer.typedApply$1(Typers.scala:5267)
	at scala.tools.nsc.typechecker.Typers$Typer.typed1(Typers.scala:6205)
	at scala.tools.nsc.typechecker.Typers$Typer.typed(Typers.scala:6261)
	at scala.tools.nsc.typechecker.Typers$Typer.typedArg(Typers.scala:3557)
	at scala.tools.nsc.typechecker.Typers$Typer.handlePolymorphicCall$1(Typers.scala:3961)
	at scala.tools.nsc.typechecker.Typers$Typer.doTypedApply(Typers.scala:3980)
	at scala.tools.nsc.typechecker.Typers$Typer.$anonfun$typed1$28(Typers.scala:5166)
	at scala.tools.nsc.typechecker.Typers$Typer.silent(Typers.scala:713)
	at scala.tools.nsc.typechecker.Typers$Typer.tryTypedApply$1(Typers.scala:5166)
	at scala.tools.nsc.typechecker.Typers$Typer.normalTypedApply$1(Typers.scala:5254)
	at scala.tools.nsc.typechecker.Typers$Typer.typedApply$1(Typers.scala:5267)
	at scala.tools.nsc.typechecker.Typers$Typer.typed1(Typers.scala:6205)
	at scala.tools.nsc.typechecker.Typers$Typer.typed(Typers.scala:6261)
	at scala.tools.nsc.typechecker.Typers$Typer.computeType(Typers.scala:6350)
	at scala.tools.nsc.typechecker.Namers$Namer.assignTypeToTree(Namers.scala:1105)
	at scala.tools.nsc.typechecker.Namers$Namer.inferredValTpt$1(Namers.scala:1752)
	at scala.tools.nsc.typechecker.Namers$Namer.valDefSig(Namers.scala:1765)
	at scala.tools.nsc.typechecker.Namers$Namer.memberSig(Namers.scala:1953)
	at scala.tools.nsc.typechecker.Namers$Namer.typeSig(Namers.scala:1903)
	at scala.tools.nsc.typechecker.Namers$Namer$ValTypeCompleter.completeImpl(Namers.scala:918)
	at scala.tools.nsc.typechecker.Namers$Namer$AccessorTypeCompleter.completeImpl(Namers.scala:942)
	at scala.tools.nsc.typechecker.Namers$LockingTypeCompleter.complete(Namers.scala:2100)
	at scala.tools.nsc.typechecker.Namers$LockingTypeCompleter.complete$(Namers.scala:2098)
	at scala.tools.nsc.typechecker.Namers$TypeCompleterBase.complete(Namers.scala:2093)
	at scala.reflect.internal.Symbols$Symbol.completeInfo(Symbols.scala:1566)
	at scala.reflect.internal.Symbols$Symbol.info(Symbols.scala:1538)
	at scala.meta.internal.pc.CompletionItemResolver.fullDocstring(CompletionItemResolver.scala:71)
	at scala.meta.internal.pc.CompletionItemResolver.$anonfun$handleSymbol$2(CompletionItemResolver.scala:43)
	at scala.meta.internal.pc.ItemResolver.enrichDocs(ItemResolver.scala:75)
	at scala.meta.internal.pc.ItemResolver.enrichDocs$(ItemResolver.scala:14)
	at scala.meta.internal.pc.CompletionItemResolver.enrichDocs(CompletionItemResolver.scala:12)
	at scala.meta.internal.pc.CompletionItemResolver.handleSymbol(CompletionItemResolver.scala:44)
	at scala.meta.internal.pc.CompletionItemResolver.resolve(CompletionItemResolver.scala:28)
	at scala.meta.internal.pc.ScalaPresentationCompiler.$anonfun$completionItemResolve$1(ScalaPresentationCompiler.scala:421)
	at scala.meta.internal.pc.CompilerAccess.withSharedCompiler(CompilerAccess.scala:148)
	at scala.meta.internal.pc.ScalaPresentationCompiler.completionItemResolve(ScalaPresentationCompiler.scala:422)
	at scala.meta.internal.metals.Compilers.$anonfun$completionItemResolve$2(Compilers.scala:418)
	at scala.Option.map(Option.scala:242)
	at scala.meta.internal.metals.Compilers.$anonfun$completionItemResolve$1(Compilers.scala:417)
	at scala.Option.flatMap(Option.scala:283)
	at scala.meta.internal.metals.Compilers.completionItemResolve(Compilers.scala:416)
	at scala.meta.internal.metals.MetalsLspService.$anonfun$completionItemResolve$1(MetalsLspService.scala:1200)
	at scala.meta.internal.metals.CancelTokens$.future(CancelTokens.scala:38)
	at scala.meta.internal.metals.MetalsLspService.completionItemResolve(MetalsLspService.scala:1198)
	at scala.meta.internal.metals.WorkspaceLspService.$anonfun$completionItemResolve$1(WorkspaceLspService.scala:615)
	at scala.Option.map(Option.scala:242)
	at scala.meta.internal.metals.WorkspaceLspService.completionItemResolve(WorkspaceLspService.scala:615)
	at scala.meta.metals.lsp.DelegatingScalaService.completionItemResolve(DelegatingScalaService.scala:149)
	at java.base/jdk.internal.reflect.DirectMethodHandleAccessor.invoke(DirectMethodHandleAccessor.java:103)
	at java.base/java.lang.reflect.Method.invoke(Method.java:580)
	at org.eclipse.lsp4j.jsonrpc.services.GenericEndpoint.lambda$recursiveFindRpcMethods$0(GenericEndpoint.java:65)
	at org.eclipse.lsp4j.jsonrpc.services.GenericEndpoint.request(GenericEndpoint.java:128)
	at org.eclipse.lsp4j.jsonrpc.RemoteEndpoint.handleRequest(RemoteEndpoint.java:265)
	at org.eclipse.lsp4j.jsonrpc.RemoteEndpoint.consume(RemoteEndpoint.java:195)
	at org.eclipse.lsp4j.jsonrpc.json.StreamMessageProducer.handleMessage(StreamMessageProducer.java:189)
	at org.eclipse.lsp4j.jsonrpc.json.StreamMessageProducer.listen(StreamMessageProducer.java:97)
	at org.eclipse.lsp4j.jsonrpc.json.ConcurrentMessageProcessor.run(ConcurrentMessageProcessor.java:97)
	at java.base/java.util.concurrent.Executors$RunnableAdapter.call(Executors.java:572)
	at java.base/java.util.concurrent.FutureTask.run(FutureTask.java:317)
	at java.base/java.util.concurrent.ThreadPoolExecutor.runWorker(ThreadPoolExecutor.java:1144)
	at java.base/java.util.concurrent.ThreadPoolExecutor$Worker.run(ThreadPoolExecutor.java:642)
	at java.base/java.lang.Thread.run(Thread.java:1583)

2026.05.04 11:23:30 INFO  Created report: Optional[file:///home/nullstarfish/personal-ysyx-workbench/ysyxSoC/src/device/Keyboard.scala][0m
2026.05.04 11:23:30 INFO  java.lang.IndexOutOfBoundsException: -1 is out of bounds (min 0, max 2) (full report at: "/home/nullstarfish/personal-ysyx-workbench/ysyxSoC/.metals/.reports/metals-full/2026-05-04/r_compiler-error_(ysyxsoc)_11-23-30-432.md")[0m
2026.05.04 11:23:36 INFO  compiling ysyxsoc (1 scala source)[0m
2026.05.04 11:23:38 WARN  2 deprecations (since rocketchip 2.0.0); re-run with -deprecation for details[0m
2026.05.04 11:23:38 INFO  time: compiled ysyxsoc in 2.2s[0m
May 04, 2026 11:23:56 AM org.eclipse.lsp4j.jsonrpc.RemoteEndpoint handleCancellation
WARNING: Unmatched cancel notification for request id 4332
2026.05.04 11:23:56 WARN  Could not find semantic tokens for: file:///home/nullstarfish/personal-ysyx-workbench/ysyxSoC/src/device/Keyboard.scala[0m
2026.05.04 11:24:12 WARN  Could not find semantic tokens for: file:///home/nullstarfish/personal-ysyx-workbench/ysyxSoC/src/device/Keyboard.scala[0m
2026.05.04 11:24:20 WARN  Could not find semantic tokens for: file:///home/nullstarfish/personal-ysyx-workbench/ysyxSoC/src/device/Keyboard.scala[0m
2026.05.04 11:24:21 WARN  Could not find semantic tokens for: file:///home/nullstarfish/personal-ysyx-workbench/ysyxSoC/src/device/Keyboard.scala[0m
2026.05.04 11:24:23 WARN  Could not find semantic tokens for: file:///home/nullstarfish/personal-ysyx-workbench/ysyxSoC/src/device/Keyboard.scala[0m
2026.05.04 11:24:26 WARN  Could not find semantic tokens for: file:///home/nullstarfish/personal-ysyx-workbench/ysyxSoC/src/device/Keyboard.scala[0m
2026.05.04 11:24:30 INFO  compiling ysyxsoc (1 scala source)[0m
2026.05.04 11:24:31 WARN  2 deprecations (since rocketchip 2.0.0); re-run with -deprecation for details[0m
2026.05.04 11:24:31 INFO  time: compiled ysyxsoc in 1.5s[0m
May 04, 2026 11:24:44 AM org.eclipse.lsp4j.jsonrpc.RemoteEndpoint handleCancellation
WARNING: Unmatched cancel notification for request id 4735
May 04, 2026 11:24:50 AM org.eclipse.lsp4j.jsonrpc.RemoteEndpoint handleCancellation
WARNING: Unmatched cancel notification for request id 4752
May 04, 2026 11:25:10 AM org.eclipse.lsp4j.jsonrpc.RemoteEndpoint handleCancellation
WARNING: Unmatched cancel notification for request id 4979
May 04, 2026 11:25:12 AM org.eclipse.lsp4j.jsonrpc.RemoteEndpoint handleCancellation
WARNING: Unmatched cancel notification for request id 5014
May 04, 2026 11:25:14 AM org.eclipse.lsp4j.jsonrpc.RemoteEndpoint handleCancellation
WARNING: Unmatched cancel notification for request id 5037
2026.05.04 11:25:20 WARN  Could not find semantic tokens for: file:///home/nullstarfish/personal-ysyx-workbench/ysyxSoC/src/device/Keyboard.scala[0m
2026.05.04 11:25:22 WARN  Could not find semantic tokens for: file:///home/nullstarfish/personal-ysyx-workbench/ysyxSoC/src/device/Keyboard.scala[0m
2026.05.04 11:25:28 INFO  compiling ysyxsoc (1 scala source)[0m
2026.05.04 11:25:29 WARN  2 deprecations (since rocketchip 2.0.0); re-run with -deprecation for details[0m
2026.05.04 11:25:29 INFO  time: compiled ysyxsoc in 1.16s[0m
May 04, 2026 11:25:51 AM org.eclipse.lsp4j.jsonrpc.RemoteEndpoint handleCancellation
WARNING: Unmatched cancel notification for request id 5307
2026.05.04 11:25:52 WARN  Could not find semantic tokens for: file:///home/nullstarfish/personal-ysyx-workbench/ysyxSoC/src/device/Keyboard.scala[0m
May 04, 2026 11:26:21 AM org.eclipse.lsp4j.jsonrpc.RemoteEndpoint handleCancellation
WARNING: Unmatched cancel notification for request id 5553
May 04, 2026 11:26:32 AM org.eclipse.lsp4j.jsonrpc.RemoteEndpoint handleCancellation
WARNING: Unmatched cancel notification for request id 5710
2026.05.04 11:26:34 WARN  Could not find semantic tokens for: file:///home/nullstarfish/personal-ysyx-workbench/ysyxSoC/src/device/Keyboard.scala[0m
May 04, 2026 11:26:47 AM org.eclipse.lsp4j.jsonrpc.RemoteEndpoint handleCancellation
WARNING: Unmatched cancel notification for request id 5900
2026.05.04 11:26:52 WARN  Could not find semantic tokens for: file:///home/nullstarfish/personal-ysyx-workbench/ysyxSoC/src/device/Keyboard.scala[0m
2026.05.04 11:26:58 INFO  compiling ysyxsoc (1 scala source)[0m
2026.05.04 11:26:58 INFO  time: compiled ysyxsoc in 0.66s[0m
2026.05.04 11:27:00 INFO  compiling ysyxsoc (1 scala source)[0m
2026.05.04 11:27:00 INFO  time: compiled ysyxsoc in 0.29s[0m
May 04, 2026 11:27:42 AM org.eclipse.lsp4j.jsonrpc.RemoteEndpoint handleCancellation
WARNING: Unmatched cancel notification for request id 6268
May 04, 2026 11:27:42 AM org.eclipse.lsp4j.jsonrpc.RemoteEndpoint handleCancellation
WARNING: Unmatched cancel notification for request id 6269
2026.05.04 11:27:44 INFO  compiling ysyxsoc (1 scala source)[0m
2026.05.04 11:27:45 WARN  2 deprecations (since rocketchip 2.0.0); re-run with -deprecation for details[0m
2026.05.04 11:27:45 INFO  time: compiled ysyxsoc in 1.63s[0m
2026.05.04 11:27:55 WARN  Could not find semantic tokens for: file:///home/nullstarfish/personal-ysyx-workbench/ysyxSoC/src/device/Keyboard.scala[0m
May 04, 2026 11:28:05 AM org.eclipse.lsp4j.jsonrpc.RemoteEndpoint handleCancellation
WARNING: Unmatched cancel notification for request id 6500
2026.05.04 11:28:29 WARN  Could not find semantic tokens for: file:///home/nullstarfish/personal-ysyx-workbench/ysyxSoC/src/device/Keyboard.scala[0m
2026.05.04 11:28:36 INFO  compiling ysyxsoc (1 scala source)[0m
2026.05.04 11:28:37 WARN  2 deprecations (since rocketchip 2.0.0); re-run with -deprecation for details[0m
2026.05.04 11:28:37 INFO  time: compiled ysyxsoc in 1.24s[0m
2026.05.04 11:28:38 INFO  compiling ysyxsoc (1 scala source)[0m
2026.05.04 11:28:38 WARN  2 deprecations (since rocketchip 2.0.0); re-run with -deprecation for details[0m
2026.05.04 11:28:38 INFO  time: compiled ysyxsoc in 0.84s[0m
May 04, 2026 11:29:26 AM org.eclipse.lsp4j.jsonrpc.RemoteEndpoint handleCancellation
WARNING: Unmatched cancel notification for request id 6878
2026.05.04 11:29:33 WARN  Could not find semantic tokens for: file:///home/nullstarfish/personal-ysyx-workbench/ysyxSoC/src/device/Keyboard.scala[0m
May 04, 2026 11:29:42 AM org.eclipse.lsp4j.jsonrpc.RemoteEndpoint handleCancellation
WARNING: Unmatched cancel notification for request id 7111
May 04, 2026 11:29:42 AM org.eclipse.lsp4j.jsonrpc.RemoteEndpoint handleCancellation
WARNING: Unmatched cancel notification for request id 7115
May 04, 2026 11:29:42 AM scala.meta.internal.pc.CompletionItemResolver fullDocstring
WARNING: Error getting docstring for value row_buffer
java.lang.IndexOutOfBoundsException: -1 is out of bounds (min 0, max 2)
	at scala.collection.mutable.ArrayBuffer.apply(ArrayBuffer.scala:102)
	at scala.reflect.internal.Types$Type.findMemberInternal$1(Types.scala:1030)
	at scala.reflect.internal.Types$Type.findMember(Types.scala:1035)
	at scala.reflect.internal.Types$Type.memberBasedOnName(Types.scala:661)
	at scala.reflect.internal.Types$Type.nonLocalMember(Types.scala:652)
	at scala.tools.nsc.typechecker.Contexts$ImportInfo.importedSelectedSymbol(Contexts.scala:1944)
	at scala.tools.nsc.typechecker.Contexts$SymbolLookup.apply(Contexts.scala:1530)
	at scala.tools.nsc.typechecker.Contexts$Context.lookupSymbol(Contexts.scala:1282)
	at scala.tools.nsc.typechecker.Typers$Typer.typedIdent$2(Typers.scala:5663)
	at scala.tools.nsc.typechecker.Typers$Typer.typedIdentOrWildcard$1(Typers.scala:5732)
	at scala.tools.nsc.typechecker.Typers$Typer.typed1(Typers.scala:6203)
	at scala.tools.nsc.typechecker.Typers$Typer.typed(Typers.scala:6261)
	at scala.tools.nsc.typechecker.Typers$Typer.$anonfun$typed1$41(Typers.scala:5233)
	at scala.tools.nsc.typechecker.Typers$Typer.silent(Typers.scala:713)
	at scala.tools.nsc.typechecker.Typers$Typer.normalTypedApply$1(Typers.scala:5235)
	at scala.tools.nsc.typechecker.Typers$Typer.typedApply$1(Typers.scala:5267)
	at scala.tools.nsc.typechecker.Typers$Typer.typed1(Typers.scala:6205)
	at scala.tools.nsc.typechecker.Typers$Typer.typed(Typers.scala:6261)
	at scala.tools.nsc.typechecker.Typers$Typer.computeType(Typers.scala:6350)
	at scala.tools.nsc.typechecker.Namers$Namer.assignTypeToTree(Namers.scala:1105)
	at scala.tools.nsc.typechecker.Namers$Namer.inferredValTpt$1(Namers.scala:1752)
	at scala.tools.nsc.typechecker.Namers$Namer.valDefSig(Namers.scala:1765)
	at scala.tools.nsc.typechecker.Namers$Namer.memberSig(Namers.scala:1953)
	at scala.tools.nsc.typechecker.Namers$Namer.typeSig(Namers.scala:1903)
	at scala.tools.nsc.typechecker.Namers$Namer$ValTypeCompleter.completeImpl(Namers.scala:918)
	at scala.tools.nsc.typechecker.Namers$Namer$AccessorTypeCompleter.completeImpl(Namers.scala:942)
	at scala.tools.nsc.typechecker.Namers$LockingTypeCompleter.complete(Namers.scala:2100)
	at scala.tools.nsc.typechecker.Namers$LockingTypeCompleter.complete$(Namers.scala:2098)
	at scala.tools.nsc.typechecker.Namers$TypeCompleterBase.complete(Namers.scala:2093)
	at scala.reflect.internal.Symbols$Symbol.completeInfo(Symbols.scala:1566)
	at scala.reflect.internal.Symbols$Symbol.info(Symbols.scala:1538)
	at scala.meta.internal.pc.CompletionItemResolver.fullDocstring(CompletionItemResolver.scala:71)
	at scala.meta.internal.pc.CompletionItemResolver.$anonfun$handleSymbol$2(CompletionItemResolver.scala:43)
	at scala.meta.internal.pc.ItemResolver.enrichDocs(ItemResolver.scala:75)
	at scala.meta.internal.pc.ItemResolver.enrichDocs$(ItemResolver.scala:14)
	at scala.meta.internal.pc.CompletionItemResolver.enrichDocs(CompletionItemResolver.scala:12)
	at scala.meta.internal.pc.CompletionItemResolver.handleSymbol(CompletionItemResolver.scala:44)
	at scala.meta.internal.pc.CompletionItemResolver.resolve(CompletionItemResolver.scala:28)
	at scala.meta.internal.pc.ScalaPresentationCompiler.$anonfun$completionItemResolve$1(ScalaPresentationCompiler.scala:421)
	at scala.meta.internal.pc.CompilerAccess.withSharedCompiler(CompilerAccess.scala:148)
	at scala.meta.internal.pc.ScalaPresentationCompiler.completionItemResolve(ScalaPresentationCompiler.scala:422)
	at scala.meta.internal.metals.Compilers.$anonfun$completionItemResolve$2(Compilers.scala:418)
	at scala.Option.map(Option.scala:242)
	at scala.meta.internal.metals.Compilers.$anonfun$completionItemResolve$1(Compilers.scala:417)
	at scala.Option.flatMap(Option.scala:283)
	at scala.meta.internal.metals.Compilers.completionItemResolve(Compilers.scala:416)
	at scala.meta.internal.metals.MetalsLspService.$anonfun$completionItemResolve$1(MetalsLspService.scala:1200)
	at scala.meta.internal.metals.CancelTokens$.future(CancelTokens.scala:38)
	at scala.meta.internal.metals.MetalsLspService.completionItemResolve(MetalsLspService.scala:1198)
	at scala.meta.internal.metals.WorkspaceLspService.$anonfun$completionItemResolve$1(WorkspaceLspService.scala:615)
	at scala.Option.map(Option.scala:242)
	at scala.meta.internal.metals.WorkspaceLspService.completionItemResolve(WorkspaceLspService.scala:615)
	at scala.meta.metals.lsp.DelegatingScalaService.completionItemResolve(DelegatingScalaService.scala:149)
	at java.base/jdk.internal.reflect.DirectMethodHandleAccessor.invoke(DirectMethodHandleAccessor.java:103)
	at java.base/java.lang.reflect.Method.invoke(Method.java:580)
	at org.eclipse.lsp4j.jsonrpc.services.GenericEndpoint.lambda$recursiveFindRpcMethods$0(GenericEndpoint.java:65)
	at org.eclipse.lsp4j.jsonrpc.services.GenericEndpoint.request(GenericEndpoint.java:128)
	at org.eclipse.lsp4j.jsonrpc.RemoteEndpoint.handleRequest(RemoteEndpoint.java:265)
	at org.eclipse.lsp4j.jsonrpc.RemoteEndpoint.consume(RemoteEndpoint.java:195)
	at org.eclipse.lsp4j.jsonrpc.json.StreamMessageProducer.handleMessage(StreamMessageProducer.java:189)
	at org.eclipse.lsp4j.jsonrpc.json.StreamMessageProducer.listen(StreamMessageProducer.java:97)
	at org.eclipse.lsp4j.jsonrpc.json.ConcurrentMessageProcessor.run(ConcurrentMessageProcessor.java:97)
	at java.base/java.util.concurrent.Executors$RunnableAdapter.call(Executors.java:572)
	at java.base/java.util.concurrent.FutureTask.run(FutureTask.java:317)
	at java.base/java.util.concurrent.ThreadPoolExecutor.runWorker(ThreadPoolExecutor.java:1144)
	at java.base/java.util.concurrent.ThreadPoolExecutor$Worker.run(ThreadPoolExecutor.java:642)
	at java.base/java.lang.Thread.run(Thread.java:1583)

2026.05.04 11:29:42 INFO  Created report: Optional[file:///home/nullstarfish/personal-ysyx-workbench/ysyxSoC/src/device/Keyboard.scala][0m
2026.05.04 11:29:42 INFO  java.lang.IndexOutOfBoundsException: -1 is out of bounds (min 0, max 2) (full report at: "/home/nullstarfish/personal-ysyx-workbench/ysyxSoC/.metals/.reports/metals-full/2026-05-04/r_compiler-error_(ysyxsoc)_11-29-42-659.md")[0m
2026.05.04 11:30:28 INFO  compiling ysyxsoc (1 scala source)[0m
2026.05.04 11:30:28 INFO  time: compiled ysyxsoc in 0.68s[0m
2026.05.04 11:30:31 INFO  compiling ysyxsoc (1 scala source)[0m
2026.05.04 11:30:31 INFO  time: compiled ysyxsoc in 0.29s[0m
2026.05.04 11:30:36 INFO  compiling ysyxsoc (1 scala source)[0m
2026.05.04 11:30:36 INFO  time: compiled ysyxsoc in 0.24s[0m
May 04, 2026 11:31:05 AM org.eclipse.lsp4j.jsonrpc.RemoteEndpoint handleCancellation
WARNING: Unmatched cancel notification for request id 7607
2026.05.04 11:31:39 INFO  compiling ysyxsoc (1 scala source)[0m
2026.05.04 11:31:39 INFO  time: compiled ysyxsoc in 0.77s[0m
2026.05.04 11:32:00 INFO  compiling ysyxsoc (1 scala source)[0m
2026.05.04 11:32:00 INFO  time: compiled ysyxsoc in 0.28s[0m
2026.05.04 11:34:48 INFO  compiling ysyxsoc (1 scala source)[0m
2026.05.04 11:34:50 WARN  2 deprecations (since rocketchip 2.0.0); re-run with -deprecation for details[0m
2026.05.04 11:34:50 INFO  time: compiled ysyxsoc in 2.29s[0m
2026.05.04 11:35:21 INFO  compiling ysyxsoc (1 scala source)[0m
2026.05.04 11:35:21 WARN  2 deprecations (since rocketchip 2.0.0); re-run with -deprecation for details[0m
2026.05.04 11:35:22 INFO  time: compiled ysyxsoc in 1.03s[0m
May 04, 2026 11:35:51 AM org.eclipse.lsp4j.jsonrpc.RemoteEndpoint handleCancellation
WARNING: Unmatched cancel notification for request id 8862
May 04, 2026 11:35:51 AM org.eclipse.lsp4j.jsonrpc.RemoteEndpoint handleCancellation
WARNING: Unmatched cancel notification for request id 8865
2026.05.04 11:36:09 INFO  compiling ysyxsoc (1 scala source)[0m
2026.05.04 11:36:10 WARN  2 deprecations (since rocketchip 2.0.0); re-run with -deprecation for details[0m
2026.05.04 11:36:10 INFO  time: compiled ysyxsoc in 1.16s[0m
May 04, 2026 11:36:21 AM org.eclipse.lsp4j.jsonrpc.RemoteEndpoint handleCancellation
WARNING: Unmatched cancel notification for request id 9022
2026.05.04 11:36:26 WARN  Could not find semantic tokens for: file:///home/nullstarfish/personal-ysyx-workbench/ysyxSoC/src/device/Keyboard.scala[0m
2026.05.04 11:36:36 INFO  compiling ysyxsoc (1 scala source)[0m
2026.05.04 11:36:36 WARN  2 deprecations (since rocketchip 2.0.0); re-run with -deprecation for details[0m
2026.05.04 11:36:36 INFO  time: compiled ysyxsoc in 0.82s[0m
2026.05.04 11:36:42 INFO  compiling ysyxsoc (1 scala source)[0m
2026.05.04 11:36:42 WARN  2 deprecations (since rocketchip 2.0.0); re-run with -deprecation for details[0m
2026.05.04 11:36:42 INFO  time: compiled ysyxsoc in 0.85s[0m
2026.05.04 11:36:47 INFO  compiling ysyxsoc (1 scala source)[0m
2026.05.04 11:36:47 WARN  2 deprecations (since rocketchip 2.0.0); re-run with -deprecation for details[0m
2026.05.04 11:36:47 INFO  time: compiled ysyxsoc in 0.78s[0m
2026.05.04 11:39:28 WARN  Could not find semantic tokens for: file:///home/nullstarfish/personal-ysyx-workbench/ysyxSoC/src/device/Keyboard.scala[0m
May 04, 2026 11:39:33 AM org.eclipse.lsp4j.jsonrpc.RemoteEndpoint handleCancellation
WARNING: Unmatched cancel notification for request id 10105
2026.05.04 11:39:52 INFO  compiling ysyxsoc (1 scala source)[0m
2026.05.04 11:39:54 WARN  2 deprecations (since rocketchip 2.0.0); re-run with -deprecation for details[0m
2026.05.04 11:39:54 INFO  time: compiled ysyxsoc in 2.28s[0m
May 04, 2026 11:39:57 AM org.eclipse.lsp4j.jsonrpc.RemoteEndpoint handleCancellation
WARNING: Unmatched cancel notification for request id 10310
May 04, 2026 11:39:58 AM org.eclipse.lsp4j.jsonrpc.RemoteEndpoint handleCancellation
WARNING: Unmatched cancel notification for request id 10318
May 04, 2026 11:39:59 AM org.eclipse.lsp4j.jsonrpc.RemoteEndpoint handleCancellation
WARNING: Unmatched cancel notification for request id 10329
May 04, 2026 11:40:00 AM org.eclipse.lsp4j.jsonrpc.RemoteEndpoint handleCancellation
WARNING: Unmatched cancel notification for request id 10337
May 04, 2026 11:40:01 AM org.eclipse.lsp4j.jsonrpc.RemoteEndpoint handleCancellation
WARNING: Unmatched cancel notification for request id 10342
May 04, 2026 11:40:02 AM org.eclipse.lsp4j.jsonrpc.RemoteEndpoint handleCancellation
WARNING: Unmatched cancel notification for request id 10354
2026.05.04 11:40:07 INFO  compiling ysyxsoc (1 scala source)[0m
2026.05.04 11:40:07 WARN  2 deprecations (since rocketchip 2.0.0); re-run with -deprecation for details[0m
2026.05.04 11:40:08 INFO  time: compiled ysyxsoc in 1.16s[0m
2026.05.04 11:40:13 INFO  compiling ysyxsoc (1 scala source)[0m
2026.05.04 11:40:13 WARN  2 deprecations (since rocketchip 2.0.0); re-run with -deprecation for details[0m
2026.05.04 11:40:13 INFO  time: compiled ysyxsoc in 0.91s[0m
May 04, 2026 11:41:34 AM org.eclipse.lsp4j.jsonrpc.RemoteEndpoint handleCancellation
WARNING: Unmatched cancel notification for request id 10461
May 04, 2026 11:41:34 AM org.eclipse.lsp4j.jsonrpc.RemoteEndpoint handleCancellation
WARNING: Unmatched cancel notification for request id 10467
May 04, 2026 11:41:42 AM org.eclipse.lsp4j.jsonrpc.RemoteEndpoint handleCancellation
WARNING: Unmatched cancel notification for request id 10613
2026.05.04 11:42:03 INFO  compiling ysyxsoc (1 scala source)[0m
2026.05.04 11:42:03 INFO  time: compiled ysyxsoc in 0.7s[0m
2026.05.04 11:51:08 INFO  no build target found for /home/nullstarfish/personal-ysyx-workbench/ysyxSoC/test/src/device/Keyboard.scala. Using presentation compiler with project's scala-library version: 2.13.15[0m
2026.05.04 11:51:08 INFO  no build target found for /home/nullstarfish/personal-ysyx-workbench/ysyxSoC/test/src/device/Keyboard.scala. Using presentation compiler with project's scala-library version: 2.13.15[0m
2026.05.04 11:51:08 WARN  no build target for: /home/nullstarfish/personal-ysyx-workbench/ysyxSoC/test/src/device/Keyboard.scala[0m
2026.05.04 11:51:08 INFO  no build target found for /home/nullstarfish/personal-ysyx-workbench/ysyxSoC/test/src/device/Keyboard.scala. Using presentation compiler with project's scala-library version: 2.13.15[0m
2026.05.04 11:51:09 INFO  no build target found for /home/nullstarfish/personal-ysyx-workbench/ysyxSoC/test/src/device/Keyboard.scala. Using presentation compiler with project's scala-library version: 2.13.15[0m
2026.05.04 11:51:09 INFO  no build target found for /home/nullstarfish/personal-ysyx-workbench/ysyxSoC/test/src/device/Keyboard.scala. Using presentation compiler with project's scala-library version: 2.13.15[0m
May 04, 2026 11:51:09 AM scala.meta.internal.pc.CompilerAccess retryWithCleanCompiler
INFO: compiler crashed due to an error in the Scala compiler, retrying with new compiler instance.
2026.05.04 11:51:09 INFO  Created report: Optional[file:///home/nullstarfish/personal-ysyx-workbench/ysyxSoC/test/src/device/Keyboard.scala][0m
2026.05.04 11:51:09 INFO  java.lang.IndexOutOfBoundsException: 7 (full report at: "/home/nullstarfish/personal-ysyx-workbench/ysyxSoC/.metals/.reports/metals-full/2026-05-04/r_compiler-error_11-51-09-852.md")[0m
2026.05.04 11:51:09 INFO  no build target found for /home/nullstarfish/personal-ysyx-workbench/ysyxSoC/test/src/device/Keyboard.scala. Using presentation compiler with project's scala-library version: 2.13.15[0m
2026.05.04 11:51:09 INFO  no build target found for /home/nullstarfish/personal-ysyx-workbench/ysyxSoC/test/src/device/Keyboard.scala. Using presentation compiler with project's scala-library version: 2.13.15[0m
2026.05.04 11:51:09 INFO  no build target found for /home/nullstarfish/personal-ysyx-workbench/ysyxSoC/test/src/device/Keyboard.scala. Using presentation compiler with project's scala-library version: 2.13.15[0m
May 04, 2026 11:51:09 AM scala.meta.internal.pc.CompilerAccess retryWithCleanCompiler
INFO: compiler crashed due to an error in the Scala compiler, retrying with new compiler instance.
2026.05.04 11:51:09 INFO  Created report: Optional[file:///home/nullstarfish/personal-ysyx-workbench/ysyxSoC/test/src/device/Keyboard.scala][0m
2026.05.04 11:51:09 INFO  java.lang.IndexOutOfBoundsException: 7 (full report at: "/home/nullstarfish/personal-ysyx-workbench/ysyxSoC/.metals/.reports/metals-full/2026-05-04/r_compiler-error_11-51-09-976.md")[0m
2026.05.04 11:51:10 INFO  no build target found for /home/nullstarfish/personal-ysyx-workbench/ysyxSoC/test/src/device/Keyboard.scala. Using presentation compiler with project's scala-library version: 2.13.15[0m
2026.05.04 11:51:09 INFO  no build target found for /home/nullstarfish/personal-ysyx-workbench/ysyxSoC/test/src/device/Keyboard.scala. Using presentation compiler with project's scala-library version: 2.13.15[0m
2026.05.04 11:51:09 INFO  no build target found for /home/nullstarfish/personal-ysyx-workbench/ysyxSoC/test/src/device/Keyboard.scala. Using presentation compiler with project's scala-library version: 2.13.15[0m
2026.05.04 11:51:09 INFO  no build target found for /home/nullstarfish/personal-ysyx-workbench/ysyxSoC/test/src/device/Keyboard.scala. Using presentation compiler with project's scala-library version: 2.13.15[0m
2026.05.04 11:51:09 INFO  no build target found for /home/nullstarfish/personal-ysyx-workbench/ysyxSoC/test/src/device/Keyboard.scala. Using presentation compiler with project's scala-library version: 2.13.15[0m
May 04, 2026 11:51:10 AM scala.meta.internal.pc.CompilerAccess retryWithCleanCompiler
INFO: compiler crashed due to an error in the Scala compiler, retrying with new compiler instance.
2026.05.04 11:51:09 INFO  Created report: Optional[file:///home/nullstarfish/personal-ysyx-workbench/ysyxSoC/test/src/device/Keyboard.scala][0m
2026.05.04 11:51:09 INFO  java.lang.IndexOutOfBoundsException: 7 (full report at: "/home/nullstarfish/personal-ysyx-workbench/ysyxSoC/.metals/.reports/metals-full/2026-05-04/r_compiler-error_11-51-10-266.md")[0m
2026.05.04 11:51:10 INFO  no build target found for /home/nullstarfish/personal-ysyx-workbench/ysyxSoC/test/src/device/Keyboard.scala. Using presentation compiler with project's scala-library version: 2.13.15[0m
2026.05.04 11:51:09 INFO  no build target found for /home/nullstarfish/personal-ysyx-workbench/ysyxSoC/test/src/device/Keyboard.scala. Using presentation compiler with project's scala-library version: 2.13.15[0m
2026.05.04 11:51:09 INFO  no build target found for /home/nullstarfish/personal-ysyx-workbench/ysyxSoC/test/src/device/Keyboard.scala. Using presentation compiler with project's scala-library version: 2.13.15[0m
2026.05.04 11:51:09 INFO  no build target found for /home/nullstarfish/personal-ysyx-workbench/ysyxSoC/test/src/device/Keyboard.scala. Using presentation compiler with project's scala-library version: 2.13.15[0m
2026.05.04 11:51:09 INFO  no build target found for /home/nullstarfish/personal-ysyx-workbench/ysyxSoC/test/src/device/Keyboard.scala. Using presentation compiler with project's scala-library version: 2.13.15[0m
2026.05.04 11:51:09 INFO  no build target found for /home/nullstarfish/personal-ysyx-workbench/ysyxSoC/test/src/device/Keyboard.scala. Using presentation compiler with project's scala-library version: 2.13.15[0m
May 04, 2026 11:51:10 AM scala.meta.internal.pc.CompilerAccess retryWithCleanCompiler
INFO: compiler crashed due to an error in the Scala compiler, retrying with new compiler instance.
2026.05.04 11:51:09 INFO  Created report: Optional[file:///home/nullstarfish/personal-ysyx-workbench/ysyxSoC/test/src/device/Keyboard.scala][0m
2026.05.04 11:51:09 INFO  java.lang.IndexOutOfBoundsException: 7 (full report at: "/home/nullstarfish/personal-ysyx-workbench/ysyxSoC/.metals/.reports/metals-full/2026-05-04/r_compiler-error_11-51-10-840.md")[0m
2026.05.04 11:51:10 INFO  no build target found for /home/nullstarfish/personal-ysyx-workbench/ysyxSoC/test/src/device/Keyboard.scala. Using presentation compiler with project's scala-library version: 2.13.15[0m
2026.05.04 11:51:10 INFO  no build target found for /home/nullstarfish/personal-ysyx-workbench/ysyxSoC/test/src/device/Keyboard.scala. Using presentation compiler with project's scala-library version: 2.13.15[0m
May 04, 2026 11:51:10 AM scala.meta.internal.pc.CompilerAccess retryWithCleanCompiler
INFO: compiler crashed due to an error in the Scala compiler, retrying with new compiler instance.
2026.05.04 11:51:10 INFO  no build target found for /home/nullstarfish/personal-ysyx-workbench/ysyxSoC/test/src/device/Keyboard.scala. Using presentation compiler with project's scala-library version: 2.13.15[0m
2026.05.04 11:51:10 INFO  Created report: Optional[file:///home/nullstarfish/personal-ysyx-workbench/ysyxSoC/test/src/device/Keyboard.scala][0m
2026.05.04 11:51:10 INFO  java.lang.IndexOutOfBoundsException: 14 (full report at: "/home/nullstarfish/personal-ysyx-workbench/ysyxSoC/.metals/.reports/metals-full/2026-05-04/r_compiler-error_11-51-10-947.md")[0m
2026.05.04 11:51:10 INFO  no build target found for /home/nullstarfish/personal-ysyx-workbench/ysyxSoC/test/src/device/Keyboard.scala. Using presentation compiler with project's scala-library version: 2.13.15[0m
2026.05.04 11:51:10 INFO  no build target found for /home/nullstarfish/personal-ysyx-workbench/ysyxSoC/test/src/device/Keyboard.scala. Using presentation compiler with project's scala-library version: 2.13.15[0m
2026.05.04 11:51:11 INFO  no build target found for /home/nullstarfish/personal-ysyx-workbench/ysyxSoC/test/src/device/Keyboard.scala. Using presentation compiler with project's scala-library version: 2.13.15[0m
2026.05.04 11:51:22 INFO  no build target found for /home/nullstarfish/personal-ysyx-workbench/ysyxSoC/test/src/device/Keyboard.scala. Using presentation compiler with project's scala-library version: 2.13.15[0m
2026.05.04 11:51:22 WARN  no build target for: /home/nullstarfish/personal-ysyx-workbench/ysyxSoC/test/src/device/Keyboard.scala[0m
2026.05.04 11:51:22 INFO  no build target found for /home/nullstarfish/personal-ysyx-workbench/ysyxSoC/test/src/device/Keyboard.scala. Using presentation compiler with project's scala-library version: 2.13.15[0m
2026.05.04 11:51:24 INFO  no build target found for /home/nullstarfish/personal-ysyx-workbench/ysyxSoC/test/src/device/Keyboard.scala. Using presentation compiler with project's scala-library version: 2.13.15[0m
2026.05.04 11:51:24 INFO  no build target found for /home/nullstarfish/personal-ysyx-workbench/ysyxSoC/test/src/device/Keyboard.scala. Using presentation compiler with project's scala-library version: 2.13.15[0m
2026.05.04 11:51:24 INFO  no build target found for /home/nullstarfish/personal-ysyx-workbench/ysyxSoC/test/src/device/Keyboard.scala. Using presentation compiler with project's scala-library version: 2.13.15[0m
2026.05.04 11:51:24 INFO  no build target found for /home/nullstarfish/personal-ysyx-workbench/ysyxSoC/test/src/device/Keyboard.scala. Using presentation compiler with project's scala-library version: 2.13.15[0m
2026.05.04 11:51:24 INFO  no build target found for /home/nullstarfish/personal-ysyx-workbench/ysyxSoC/test/src/device/Keyboard.scala. Using presentation compiler with project's scala-library version: 2.13.15[0m
2026.05.04 11:51:24 INFO  no build target found for /home/nullstarfish/personal-ysyx-workbench/ysyxSoC/test/src/device/Keyboard.scala. Using presentation compiler with project's scala-library version: 2.13.15[0m
2026.05.04 11:51:24 INFO  no build target found for /home/nullstarfish/personal-ysyx-workbench/ysyxSoC/test/src/device/Keyboard.scala. Using presentation compiler with project's scala-library version: 2.13.15[0m
2026.05.04 11:51:24 INFO  no build target found for /home/nullstarfish/personal-ysyx-workbench/ysyxSoC/test/src/device/Keyboard.scala. Using presentation compiler with project's scala-library version: 2.13.15[0m
2026.05.04 11:51:24 INFO  no build target found for /home/nullstarfish/personal-ysyx-workbench/ysyxSoC/test/src/device/Keyboard.scala. Using presentation compiler with project's scala-library version: 2.13.15[0m
2026.05.04 11:51:24 INFO  no build target found for /home/nullstarfish/personal-ysyx-workbench/ysyxSoC/test/src/device/Keyboard.scala. Using presentation compiler with project's scala-library version: 2.13.15[0m
2026.05.04 11:51:24 INFO  no build target found for /home/nullstarfish/personal-ysyx-workbench/ysyxSoC/test/src/device/Keyboard.scala. Using presentation compiler with project's scala-library version: 2.13.15[0m
2026.05.04 11:51:24 INFO  no build target found for /home/nullstarfish/personal-ysyx-workbench/ysyxSoC/test/src/device/Keyboard.scala. Using presentation compiler with project's scala-library version: 2.13.15[0m
2026.05.04 11:51:24 INFO  no build target found for /home/nullstarfish/personal-ysyx-workbench/ysyxSoC/test/src/device/Keyboard.scala. Using presentation compiler with project's scala-library version: 2.13.15[0m
2026.05.04 11:51:24 INFO  no build target found for /home/nullstarfish/personal-ysyx-workbench/ysyxSoC/test/src/device/Keyboard.scala. Using presentation compiler with project's scala-library version: 2.13.15[0m
2026.05.04 11:51:24 INFO  no build target found for /home/nullstarfish/personal-ysyx-workbench/ysyxSoC/test/src/device/Keyboard.scala. Using presentation compiler with project's scala-library version: 2.13.15[0m
2026.05.04 11:51:25 INFO  no build target found for /home/nullstarfish/personal-ysyx-workbench/ysyxSoC/test/src/device/Keyboard.scala. Using presentation compiler with project's scala-library version: 2.13.15[0m
2026.05.04 11:51:25 WARN  no build target for: /home/nullstarfish/personal-ysyx-workbench/ysyxSoC/test/src/device/Keyboard.scala[0m
2026.05.04 11:51:25 INFO  no build target found for /home/nullstarfish/personal-ysyx-workbench/ysyxSoC/test/src/device/Keyboard.scala. Using presentation compiler with project's scala-library version: 2.13.15[0m
2026.05.04 11:53:49 INFO  no build target found for /home/nullstarfish/personal-ysyx-workbench/ysyxSoC/test/src/device/Keyboard.scala. Using presentation compiler with project's scala-library version: 2.13.15[0m
2026.05.04 11:53:49 INFO  no build target found for /home/nullstarfish/personal-ysyx-workbench/ysyxSoC/test/src/device/Keyboard.scala. Using presentation compiler with project's scala-library version: 2.13.15[0m
2026.05.04 11:53:49 INFO  no build target found for /home/nullstarfish/personal-ysyx-workbench/ysyxSoC/test/src/device/Keyboard.scala. Using presentation compiler with project's scala-library version: 2.13.15[0m
2026.05.04 11:53:49 INFO  no build target found for /home/nullstarfish/personal-ysyx-workbench/ysyxSoC/test/src/device/Keyboard.scala. Using presentation compiler with project's scala-library version: 2.13.15[0m
2026.05.04 11:53:49 INFO  no build target found for /home/nullstarfish/personal-ysyx-workbench/ysyxSoC/test/src/device/Keyboard.scala. Using presentation compiler with project's scala-library version: 2.13.15[0m
2026.05.04 11:53:49 INFO  no build target found for /home/nullstarfish/personal-ysyx-workbench/ysyxSoC/test/src/device/Keyboard.scala. Using presentation compiler with project's scala-library version: 2.13.15[0m
2026.05.04 11:53:49 INFO  no build target found for /home/nullstarfish/personal-ysyx-workbench/ysyxSoC/test/src/device/Keyboard.scala. Using presentation compiler with project's scala-library version: 2.13.15[0m
2026.05.04 11:53:49 INFO  no build target found for /home/nullstarfish/personal-ysyx-workbench/ysyxSoC/test/src/device/Keyboard.scala. Using presentation compiler with project's scala-library version: 2.13.15[0m
2026.05.04 11:53:49 INFO  no build target found for /home/nullstarfish/personal-ysyx-workbench/ysyxSoC/test/src/device/Keyboard.scala. Using presentation compiler with project's scala-library version: 2.13.15[0m
2026.05.04 11:53:49 INFO  no build target found for /home/nullstarfish/personal-ysyx-workbench/ysyxSoC/test/src/device/Keyboard.scala. Using presentation compiler with project's scala-library version: 2.13.15[0m
2026.05.04 11:53:49 INFO  no build target found for /home/nullstarfish/personal-ysyx-workbench/ysyxSoC/test/src/device/Keyboard.scala. Using presentation compiler with project's scala-library version: 2.13.15[0m
2026.05.04 11:53:49 INFO  no build target found for /home/nullstarfish/personal-ysyx-workbench/ysyxSoC/test/src/device/Keyboard.scala. Using presentation compiler with project's scala-library version: 2.13.15[0m
2026.05.04 11:53:49 INFO  no build target found for /home/nullstarfish/personal-ysyx-workbench/ysyxSoC/test/src/device/Keyboard.scala. Using presentation compiler with project's scala-library version: 2.13.15[0m
2026.05.04 11:53:49 INFO  no build target found for /home/nullstarfish/personal-ysyx-workbench/ysyxSoC/test/src/device/Keyboard.scala. Using presentation compiler with project's scala-library version: 2.13.15[0m
2026.05.04 11:53:49 INFO  no build target found for /home/nullstarfish/personal-ysyx-workbench/ysyxSoC/test/src/device/Keyboard.scala. Using presentation compiler with project's scala-library version: 2.13.15[0m
2026.05.04 11:53:49 INFO  no build target found for /home/nullstarfish/personal-ysyx-workbench/ysyxSoC/test/src/device/Keyboard.scala. Using presentation compiler with project's scala-library version: 2.13.15[0m
2026.05.04 11:53:49 INFO  no build target found for /home/nullstarfish/personal-ysyx-workbench/ysyxSoC/test/src/device/Keyboard.scala. Using presentation compiler with project's scala-library version: 2.13.15[0m
2026.05.04 11:53:50 INFO  no build target found for /home/nullstarfish/personal-ysyx-workbench/ysyxSoC/test/src/device/Keyboard.scala. Using presentation compiler with project's scala-library version: 2.13.15[0m
2026.05.04 11:53:50 INFO  no build target found for /home/nullstarfish/personal-ysyx-workbench/ysyxSoC/test/src/device/Keyboard.scala. Using presentation compiler with project's scala-library version: 2.13.15[0m
2026.05.04 11:53:50 INFO  no build target found for /home/nullstarfish/personal-ysyx-workbench/ysyxSoC/test/src/device/Keyboard.scala. Using presentation compiler with project's scala-library version: 2.13.15[0m
2026.05.04 11:53:50 INFO  no build target found for /home/nullstarfish/personal-ysyx-workbench/ysyxSoC/test/src/device/Keyboard.scala. Using presentation compiler with project's scala-library version: 2.13.15[0m
2026.05.04 11:53:51 INFO  no build target found for /home/nullstarfish/personal-ysyx-workbench/ysyxSoC/test/src/device/Keyboard.scala. Using presentation compiler with project's scala-library version: 2.13.15[0m
2026.05.04 11:53:50 INFO  no build target found for /home/nullstarfish/personal-ysyx-workbench/ysyxSoC/test/src/device/Keyboard.scala. Using presentation compiler with project's scala-library version: 2.13.15[0m
2026.05.04 11:53:51 INFO  no build target found for /home/nullstarfish/personal-ysyx-workbench/ysyxSoC/test/src/device/Keyboard.scala. Using presentation compiler with project's scala-library version: 2.13.15[0m
2026.05.04 11:53:50 INFO  no build target found for /home/nullstarfish/personal-ysyx-workbench/ysyxSoC/test/src/device/Keyboard.scala. Using presentation compiler with project's scala-library version: 2.13.15[0m
2026.05.04 11:53:50 INFO  no build target found for /home/nullstarfish/personal-ysyx-workbench/ysyxSoC/test/src/device/Keyboard.scala. Using presentation compiler with project's scala-library version: 2.13.15[0m
2026.05.04 11:53:50 INFO  no build target found for /home/nullstarfish/personal-ysyx-workbench/ysyxSoC/test/src/device/Keyboard.scala. Using presentation compiler with project's scala-library version: 2.13.15[0m
2026.05.04 11:53:50 INFO  no build target found for /home/nullstarfish/personal-ysyx-workbench/ysyxSoC/test/src/device/Keyboard.scala. Using presentation compiler with project's scala-library version: 2.13.15[0m
2026.05.04 11:53:50 INFO  no build target found for /home/nullstarfish/personal-ysyx-workbench/ysyxSoC/test/src/device/Keyboard.scala. Using presentation compiler with project's scala-library version: 2.13.15[0m
2026.05.04 11:53:50 INFO  no build target found for /home/nullstarfish/personal-ysyx-workbench/ysyxSoC/test/src/device/Keyboard.scala. Using presentation compiler with project's scala-library version: 2.13.15[0m
2026.05.04 11:53:50 INFO  no build target found for /home/nullstarfish/personal-ysyx-workbench/ysyxSoC/test/src/device/Keyboard.scala. Using presentation compiler with project's scala-library version: 2.13.15[0m
2026.05.04 11:53:50 INFO  no build target found for /home/nullstarfish/personal-ysyx-workbench/ysyxSoC/test/src/device/Keyboard.scala. Using presentation compiler with project's scala-library version: 2.13.15[0m
2026.05.04 11:53:51 INFO  no build target found for /home/nullstarfish/personal-ysyx-workbench/ysyxSoC/test/src/device/Keyboard.scala. Using presentation compiler with project's scala-library version: 2.13.15[0m
2026.05.04 11:53:50 INFO  no build target found for /home/nullstarfish/personal-ysyx-workbench/ysyxSoC/test/src/device/Keyboard.scala. Using presentation compiler with project's scala-library version: 2.13.15[0m
2026.05.04 11:53:51 INFO  no build target found for /home/nullstarfish/personal-ysyx-workbench/ysyxSoC/test/src/device/Keyboard.scala. Using presentation compiler with project's scala-library version: 2.13.15[0m
2026.05.04 11:53:51 INFO  no build target found for /home/nullstarfish/personal-ysyx-workbench/ysyxSoC/test/src/device/Keyboard.scala. Using presentation compiler with project's scala-library version: 2.13.15[0m
2026.05.04 11:53:51 INFO  no build target found for /home/nullstarfish/personal-ysyx-workbench/ysyxSoC/test/src/device/Keyboard.scala. Using presentation compiler with project's scala-library version: 2.13.15[0m
2026.05.04 11:53:51 INFO  no build target found for /home/nullstarfish/personal-ysyx-workbench/ysyxSoC/test/src/device/Keyboard.scala. Using presentation compiler with project's scala-library version: 2.13.15[0m
2026.05.04 11:53:51 INFO  no build target found for /home/nullstarfish/personal-ysyx-workbench/ysyxSoC/test/src/device/Keyboard.scala. Using presentation compiler with project's scala-library version: 2.13.15[0m
2026.05.04 11:53:51 INFO  no build target found for /home/nullstarfish/personal-ysyx-workbench/ysyxSoC/test/src/device/Keyboard.scala. Using presentation compiler with project's scala-library version: 2.13.15[0m
2026.05.04 11:53:51 INFO  no build target found for /home/nullstarfish/personal-ysyx-workbench/ysyxSoC/test/src/device/Keyboard.scala. Using presentation compiler with project's scala-library version: 2.13.15[0m
2026.05.04 11:53:51 INFO  no build target found for /home/nullstarfish/personal-ysyx-workbench/ysyxSoC/test/src/device/Keyboard.scala. Using presentation compiler with project's scala-library version: 2.13.15[0m
2026.05.04 11:53:52 INFO  no build target found for /home/nullstarfish/personal-ysyx-workbench/ysyxSoC/test/src/device/Keyboard.scala. Using presentation compiler with project's scala-library version: 2.13.15[0m
2026.05.04 11:53:52 INFO  no build target found for /home/nullstarfish/personal-ysyx-workbench/ysyxSoC/test/src/device/Keyboard.scala. Using presentation compiler with project's scala-library version: 2.13.15[0m
2026.05.04 11:53:51 INFO  no build target found for /home/nullstarfish/personal-ysyx-workbench/ysyxSoC/test/src/device/Keyboard.scala. Using presentation compiler with project's scala-library version: 2.13.15[0m
2026.05.04 11:53:52 INFO  no build target found for /home/nullstarfish/personal-ysyx-workbench/ysyxSoC/test/src/device/Keyboard.scala. Using presentation compiler with project's scala-library version: 2.13.15[0m
2026.05.04 11:53:52 INFO  no build target found for /home/nullstarfish/personal-ysyx-workbench/ysyxSoC/test/src/device/Keyboard.scala. Using presentation compiler with project's scala-library version: 2.13.15[0m
2026.05.04 11:53:52 INFO  no build target found for /home/nullstarfish/personal-ysyx-workbench/ysyxSoC/test/src/device/Keyboard.scala. Using presentation compiler with project's scala-library version: 2.13.15[0m
2026.05.04 11:53:52 INFO  no build target found for /home/nullstarfish/personal-ysyx-workbench/ysyxSoC/test/src/device/Keyboard.scala. Using presentation compiler with project's scala-library version: 2.13.15[0m
2026.05.04 11:53:53 INFO  no build target found for /home/nullstarfish/personal-ysyx-workbench/ysyxSoC/test/src/device/Keyboard.scala. Using presentation compiler with project's scala-library version: 2.13.15[0m
2026.05.04 11:53:52 INFO  no build target found for /home/nullstarfish/personal-ysyx-workbench/ysyxSoC/test/src/device/Keyboard.scala. Using presentation compiler with project's scala-library version: 2.13.15[0m
2026.05.04 11:53:53 INFO  no build target found for /home/nullstarfish/personal-ysyx-workbench/ysyxSoC/test/src/device/Keyboard.scala. Using presentation compiler with project's scala-library version: 2.13.15[0m
2026.05.04 11:53:52 INFO  no build target found for /home/nullstarfish/personal-ysyx-workbench/ysyxSoC/test/src/device/Keyboard.scala. Using presentation compiler with project's scala-library version: 2.13.15[0m
2026.05.04 11:53:52 INFO  no build target found for /home/nullstarfish/personal-ysyx-workbench/ysyxSoC/test/src/device/Keyboard.scala. Using presentation compiler with project's scala-library version: 2.13.15[0m
2026.05.04 11:53:52 INFO  no build target found for /home/nullstarfish/personal-ysyx-workbench/ysyxSoC/test/src/device/Keyboard.scala. Using presentation compiler with project's scala-library version: 2.13.15[0m
2026.05.04 11:53:53 INFO  no build target found for /home/nullstarfish/personal-ysyx-workbench/ysyxSoC/test/src/device/Keyboard.scala. Using presentation compiler with project's scala-library version: 2.13.15[0m
2026.05.04 11:53:52 INFO  no build target found for /home/nullstarfish/personal-ysyx-workbench/ysyxSoC/test/src/device/Keyboard.scala. Using presentation compiler with project's scala-library version: 2.13.15[0m
2026.05.04 11:53:53 INFO  no build target found for /home/nullstarfish/personal-ysyx-workbench/ysyxSoC/test/src/device/Keyboard.scala. Using presentation compiler with project's scala-library version: 2.13.15[0m
2026.05.04 11:53:54 INFO  no build target found for /home/nullstarfish/personal-ysyx-workbench/ysyxSoC/test/src/device/Keyboard.scala. Using presentation compiler with project's scala-library version: 2.13.15[0m
2026.05.04 11:53:54 INFO  no build target found for /home/nullstarfish/personal-ysyx-workbench/ysyxSoC/test/src/device/Keyboard.scala. Using presentation compiler with project's scala-library version: 2.13.15[0m
2026.05.04 11:53:54 INFO  no build target found for /home/nullstarfish/personal-ysyx-workbench/ysyxSoC/test/src/device/Keyboard.scala. Using presentation compiler with project's scala-library version: 2.13.15[0m
2026.05.04 11:53:54 INFO  no build target found for /home/nullstarfish/personal-ysyx-workbench/ysyxSoC/test/src/device/Keyboard.scala. Using presentation compiler with project's scala-library version: 2.13.15[0m
2026.05.04 11:53:54 INFO  no build target found for /home/nullstarfish/personal-ysyx-workbench/ysyxSoC/test/src/device/Keyboard.scala. Using presentation compiler with project's scala-library version: 2.13.15[0m
2026.05.04 11:53:54 INFO  no build target found for /home/nullstarfish/personal-ysyx-workbench/ysyxSoC/test/src/device/Keyboard.scala. Using presentation compiler with project's scala-library version: 2.13.15[0m
2026.05.04 11:53:54 INFO  no build target found for /home/nullstarfish/personal-ysyx-workbench/ysyxSoC/test/src/device/Keyboard.scala. Using presentation compiler with project's scala-library version: 2.13.15[0m
2026.05.04 11:53:54 INFO  no build target found for /home/nullstarfish/personal-ysyx-workbench/ysyxSoC/test/src/device/Keyboard.scala. Using presentation compiler with project's scala-library version: 2.13.15[0m
2026.05.04 11:53:54 INFO  no build target found for /home/nullstarfish/personal-ysyx-workbench/ysyxSoC/test/src/device/Keyboard.scala. Using presentation compiler with project's scala-library version: 2.13.15[0m
2026.05.04 11:53:54 INFO  no build target found for /home/nullstarfish/personal-ysyx-workbench/ysyxSoC/test/src/device/Keyboard.scala. Using presentation compiler with project's scala-library version: 2.13.15[0m
2026.05.04 11:53:55 INFO  no build target found for /home/nullstarfish/personal-ysyx-workbench/ysyxSoC/test/src/device/Keyboard.scala. Using presentation compiler with project's scala-library version: 2.13.15[0m
2026.05.04 11:53:54 INFO  no build target found for /home/nullstarfish/personal-ysyx-workbench/ysyxSoC/test/src/device/Keyboard.scala. Using presentation compiler with project's scala-library version: 2.13.15[0m
2026.05.04 11:53:55 INFO  no build target found for /home/nullstarfish/personal-ysyx-workbench/ysyxSoC/test/src/device/Keyboard.scala. Using presentation compiler with project's scala-library version: 2.13.15[0m
2026.05.04 11:53:55 INFO  no build target found for /home/nullstarfish/personal-ysyx-workbench/ysyxSoC/test/src/device/Keyboard.scala. Using presentation compiler with project's scala-library version: 2.13.15[0m
2026.05.04 11:53:55 INFO  no build target found for /home/nullstarfish/personal-ysyx-workbench/ysyxSoC/test/src/device/Keyboard.scala. Using presentation compiler with project's scala-library version: 2.13.15[0m
2026.05.04 11:53:55 INFO  no build target found for /home/nullstarfish/personal-ysyx-workbench/ysyxSoC/test/src/device/Keyboard.scala. Using presentation compiler with project's scala-library version: 2.13.15[0m
2026.05.04 11:53:55 INFO  no build target found for /home/nullstarfish/personal-ysyx-workbench/ysyxSoC/test/src/device/Keyboard.scala. Using presentation compiler with project's scala-library version: 2.13.15[0m
2026.05.04 11:53:55 INFO  no build target found for /home/nullstarfish/personal-ysyx-workbench/ysyxSoC/test/src/device/Keyboard.scala. Using presentation compiler with project's scala-library version: 2.13.15[0m
2026.05.04 11:53:55 INFO  no build target found for /home/nullstarfish/personal-ysyx-workbench/ysyxSoC/test/src/device/Keyboard.scala. Using presentation compiler with project's scala-library version: 2.13.15[0m
2026.05.04 11:53:55 INFO  no build target found for /home/nullstarfish/personal-ysyx-workbench/ysyxSoC/test/src/device/Keyboard.scala. Using presentation compiler with project's scala-library version: 2.13.15[0m
2026.05.04 11:53:55 INFO  no build target found for /home/nullstarfish/personal-ysyx-workbench/ysyxSoC/test/src/device/Keyboard.scala. Using presentation compiler with project's scala-library version: 2.13.15[0m
2026.05.04 11:53:55 INFO  no build target found for /home/nullstarfish/personal-ysyx-workbench/ysyxSoC/test/src/device/Keyboard.scala. Using presentation compiler with project's scala-library version: 2.13.15[0m
2026.05.04 11:53:55 INFO  no build target found for /home/nullstarfish/personal-ysyx-workbench/ysyxSoC/test/src/device/Keyboard.scala. Using presentation compiler with project's scala-library version: 2.13.15[0m
2026.05.04 11:53:55 INFO  no build target found for /home/nullstarfish/personal-ysyx-workbench/ysyxSoC/test/src/device/Keyboard.scala. Using presentation compiler with project's scala-library version: 2.13.15[0m
2026.05.04 11:53:55 INFO  no build target found for /home/nullstarfish/personal-ysyx-workbench/ysyxSoC/test/src/device/Keyboard.scala. Using presentation compiler with project's scala-library version: 2.13.15[0m
2026.05.04 11:53:55 INFO  no build target found for /home/nullstarfish/personal-ysyx-workbench/ysyxSoC/test/src/device/Keyboard.scala. Using presentation compiler with project's scala-library version: 2.13.15[0m
2026.05.04 11:53:55 INFO  no build target found for /home/nullstarfish/personal-ysyx-workbench/ysyxSoC/test/src/device/Keyboard.scala. Using presentation compiler with project's scala-library version: 2.13.15[0m
2026.05.04 11:53:56 INFO  no build target found for /home/nullstarfish/personal-ysyx-workbench/ysyxSoC/test/src/device/Keyboard.scala. Using presentation compiler with project's scala-library version: 2.13.15[0m
2026.05.04 11:53:56 INFO  no build target found for /home/nullstarfish/personal-ysyx-workbench/ysyxSoC/test/src/device/Keyboard.scala. Using presentation compiler with project's scala-library version: 2.13.15[0m
2026.05.04 11:53:56 INFO  no build target found for /home/nullstarfish/personal-ysyx-workbench/ysyxSoC/test/src/device/Keyboard.scala. Using presentation compiler with project's scala-library version: 2.13.15[0m
2026.05.04 11:53:56 INFO  no build target found for /home/nullstarfish/personal-ysyx-workbench/ysyxSoC/test/src/device/Keyboard.scala. Using presentation compiler with project's scala-library version: 2.13.15[0m
2026.05.04 11:53:56 INFO  no build target found for /home/nullstarfish/personal-ysyx-workbench/ysyxSoC/test/src/device/Keyboard.scala. Using presentation compiler with project's scala-library version: 2.13.15[0m
2026.05.04 11:53:57 INFO  no build target found for /home/nullstarfish/personal-ysyx-workbench/ysyxSoC/test/src/device/Keyboard.scala. Using presentation compiler with project's scala-library version: 2.13.15[0m
2026.05.04 11:53:58 INFO  no build target found for /home/nullstarfish/personal-ysyx-workbench/ysyxSoC/test/src/device/Keyboard.scala. Using presentation compiler with project's scala-library version: 2.13.15[0m
2026.05.04 11:53:58 INFO  no build target found for /home/nullstarfish/personal-ysyx-workbench/ysyxSoC/test/src/device/Keyboard.scala. Using presentation compiler with project's scala-library version: 2.13.15[0m
2026.05.04 11:53:57 INFO  no build target found for /home/nullstarfish/personal-ysyx-workbench/ysyxSoC/test/src/device/Keyboard.scala. Using presentation compiler with project's scala-library version: 2.13.15[0m
2026.05.04 11:53:57 INFO  no build target found for /home/nullstarfish/personal-ysyx-workbench/ysyxSoC/test/src/device/Keyboard.scala. Using presentation compiler with project's scala-library version: 2.13.15[0m
2026.05.04 11:53:57 INFO  no build target found for /home/nullstarfish/personal-ysyx-workbench/ysyxSoC/test/src/device/Keyboard.scala. Using presentation compiler with project's scala-library version: 2.13.15[0m
2026.05.04 11:53:57 INFO  no build target found for /home/nullstarfish/personal-ysyx-workbench/ysyxSoC/test/src/device/Keyboard.scala. Using presentation compiler with project's scala-library version: 2.13.15[0m
2026.05.04 11:53:57 INFO  no build target found for /home/nullstarfish/personal-ysyx-workbench/ysyxSoC/test/src/device/Keyboard.scala. Using presentation compiler with project's scala-library version: 2.13.15[0m
2026.05.04 11:53:57 INFO  no build target found for /home/nullstarfish/personal-ysyx-workbench/ysyxSoC/test/src/device/Keyboard.scala. Using presentation compiler with project's scala-library version: 2.13.15[0m
2026.05.04 11:53:58 INFO  no build target found for /home/nullstarfish/personal-ysyx-workbench/ysyxSoC/test/src/device/Keyboard.scala. Using presentation compiler with project's scala-library version: 2.13.15[0m
2026.05.04 11:53:57 INFO  no build target found for /home/nullstarfish/personal-ysyx-workbench/ysyxSoC/test/src/device/Keyboard.scala. Using presentation compiler with project's scala-library version: 2.13.15[0m
2026.05.04 11:53:57 INFO  no build target found for /home/nullstarfish/personal-ysyx-workbench/ysyxSoC/test/src/device/Keyboard.scala. Using presentation compiler with project's scala-library version: 2.13.15[0m
2026.05.04 11:53:57 INFO  no build target found for /home/nullstarfish/personal-ysyx-workbench/ysyxSoC/test/src/device/Keyboard.scala. Using presentation compiler with project's scala-library version: 2.13.15[0m
2026.05.04 11:53:57 INFO  no build target found for /home/nullstarfish/personal-ysyx-workbench/ysyxSoC/test/src/device/Keyboard.scala. Using presentation compiler with project's scala-library version: 2.13.15[0m
2026.05.04 11:53:57 INFO  no build target found for /home/nullstarfish/personal-ysyx-workbench/ysyxSoC/test/src/device/Keyboard.scala. Using presentation compiler with project's scala-library version: 2.13.15[0m
2026.05.04 11:53:58 INFO  no build target found for /home/nullstarfish/personal-ysyx-workbench/ysyxSoC/test/src/device/Keyboard.scala. Using presentation compiler with project's scala-library version: 2.13.15[0m
2026.05.04 11:53:58 INFO  no build target found for /home/nullstarfish/personal-ysyx-workbench/ysyxSoC/test/src/device/Keyboard.scala. Using presentation compiler with project's scala-library version: 2.13.15[0m
2026.05.04 11:53:59 INFO  no build target found for /home/nullstarfish/personal-ysyx-workbench/ysyxSoC/test/src/device/Keyboard.scala. Using presentation compiler with project's scala-library version: 2.13.15[0m
2026.05.04 11:53:59 INFO  no build target found for /home/nullstarfish/personal-ysyx-workbench/ysyxSoC/test/src/device/Keyboard.scala. Using presentation compiler with project's scala-library version: 2.13.15[0m
2026.05.04 11:53:59 INFO  no build target found for /home/nullstarfish/personal-ysyx-workbench/ysyxSoC/test/src/device/Keyboard.scala. Using presentation compiler with project's scala-library version: 2.13.15[0m
2026.05.04 11:53:59 INFO  no build target found for /home/nullstarfish/personal-ysyx-workbench/ysyxSoC/test/src/device/Keyboard.scala. Using presentation compiler with project's scala-library version: 2.13.15[0m
2026.05.04 11:53:59 INFO  no build target found for /home/nullstarfish/personal-ysyx-workbench/ysyxSoC/test/src/device/Keyboard.scala. Using presentation compiler with project's scala-library version: 2.13.15[0m
2026.05.04 11:53:59 INFO  no build target found for /home/nullstarfish/personal-ysyx-workbench/ysyxSoC/test/src/device/Keyboard.scala. Using presentation compiler with project's scala-library version: 2.13.15[0m
2026.05.04 11:53:59 INFO  no build target found for /home/nullstarfish/personal-ysyx-workbench/ysyxSoC/test/src/device/Keyboard.scala. Using presentation compiler with project's scala-library version: 2.13.15[0m
2026.05.04 11:53:59 INFO  no build target found for /home/nullstarfish/personal-ysyx-workbench/ysyxSoC/test/src/device/Keyboard.scala. Using presentation compiler with project's scala-library version: 2.13.15[0m
2026.05.04 11:53:59 INFO  no build target found for /home/nullstarfish/personal-ysyx-workbench/ysyxSoC/test/src/device/Keyboard.scala. Using presentation compiler with project's scala-library version: 2.13.15[0m
2026.05.04 11:53:59 INFO  no build target found for /home/nullstarfish/personal-ysyx-workbench/ysyxSoC/test/src/device/Keyboard.scala. Using presentation compiler with project's scala-library version: 2.13.15[0m
2026.05.04 11:53:59 INFO  no build target found for /home/nullstarfish/personal-ysyx-workbench/ysyxSoC/test/src/device/Keyboard.scala. Using presentation compiler with project's scala-library version: 2.13.15[0m
2026.05.04 11:53:59 INFO  no build target found for /home/nullstarfish/personal-ysyx-workbench/ysyxSoC/test/src/device/Keyboard.scala. Using presentation compiler with project's scala-library version: 2.13.15[0m
2026.05.04 11:53:59 INFO  no build target found for /home/nullstarfish/personal-ysyx-workbench/ysyxSoC/test/src/device/Keyboard.scala. Using presentation compiler with project's scala-library version: 2.13.15[0m
2026.05.04 11:53:59 INFO  no build target found for /home/nullstarfish/personal-ysyx-workbench/ysyxSoC/test/src/device/Keyboard.scala. Using presentation compiler with project's scala-library version: 2.13.15[0m
2026.05.04 11:53:59 INFO  no build target found for /home/nullstarfish/personal-ysyx-workbench/ysyxSoC/test/src/device/Keyboard.scala. Using presentation compiler with project's scala-library version: 2.13.15[0m
2026.05.04 11:53:59 INFO  no build target found for /home/nullstarfish/personal-ysyx-workbench/ysyxSoC/test/src/device/Keyboard.scala. Using presentation compiler with project's scala-library version: 2.13.15[0m
2026.05.04 11:53:59 INFO  no build target found for /home/nullstarfish/personal-ysyx-workbench/ysyxSoC/test/src/device/Keyboard.scala. Using presentation compiler with project's scala-library version: 2.13.15[0m
2026.05.04 11:53:59 INFO  no build target found for /home/nullstarfish/personal-ysyx-workbench/ysyxSoC/test/src/device/Keyboard.scala. Using presentation compiler with project's scala-library version: 2.13.15[0m
2026.05.04 11:53:59 INFO  no build target found for /home/nullstarfish/personal-ysyx-workbench/ysyxSoC/test/src/device/Keyboard.scala. Using presentation compiler with project's scala-library version: 2.13.15[0m
May 04, 2026 11:53:59 AM scala.meta.internal.pc.CompilerAccess retryWithCleanCompiler
INFO: compiler crashed due to an error in the Scala compiler, retrying with new compiler instance.
2026.05.04 11:54:00 INFO  no build target found for /home/nullstarfish/personal-ysyx-workbench/ysyxSoC/test/src/device/Keyboard.scala. Using presentation compiler with project's scala-library version: 2.13.15[0m
2026.05.04 11:54:00 INFO  no build target found for /home/nullstarfish/personal-ysyx-workbench/ysyxSoC/test/src/device/Keyboard.scala. Using presentation compiler with project's scala-library version: 2.13.15[0m
2026.05.04 11:54:01 INFO  no build target found for /home/nullstarfish/personal-ysyx-workbench/ysyxSoC/test/src/device/Keyboard.scala. Using presentation compiler with project's scala-library version: 2.13.15[0m
2026.05.04 11:54:01 INFO  no build target found for /home/nullstarfish/personal-ysyx-workbench/ysyxSoC/test/src/device/Keyboard.scala. Using presentation compiler with project's scala-library version: 2.13.15[0m
2026.05.04 11:54:01 INFO  no build target found for /home/nullstarfish/personal-ysyx-workbench/ysyxSoC/test/src/device/Keyboard.scala. Using presentation compiler with project's scala-library version: 2.13.15[0m
2026.05.04 11:54:01 INFO  no build target found for /home/nullstarfish/personal-ysyx-workbench/ysyxSoC/test/src/device/Keyboard.scala. Using presentation compiler with project's scala-library version: 2.13.15[0m
2026.05.04 11:54:01 INFO  no build target found for /home/nullstarfish/personal-ysyx-workbench/ysyxSoC/test/src/device/Keyboard.scala. Using presentation compiler with project's scala-library version: 2.13.15[0m
2026.05.04 11:54:01 INFO  no build target found for /home/nullstarfish/personal-ysyx-workbench/ysyxSoC/test/src/device/Keyboard.scala. Using presentation compiler with project's scala-library version: 2.13.15[0m
2026.05.04 11:54:01 INFO  no build target found for /home/nullstarfish/personal-ysyx-workbench/ysyxSoC/test/src/device/Keyboard.scala. Using presentation compiler with project's scala-library version: 2.13.15[0m
2026.05.04 11:54:01 INFO  no build target found for /home/nullstarfish/personal-ysyx-workbench/ysyxSoC/test/src/device/Keyboard.scala. Using presentation compiler with project's scala-library version: 2.13.15[0m
2026.05.04 11:54:01 INFO  no build target found for /home/nullstarfish/personal-ysyx-workbench/ysyxSoC/test/src/device/Keyboard.scala. Using presentation compiler with project's scala-library version: 2.13.15[0m
2026.05.04 11:54:01 INFO  no build target found for /home/nullstarfish/personal-ysyx-workbench/ysyxSoC/test/src/device/Keyboard.scala. Using presentation compiler with project's scala-library version: 2.13.15[0m
2026.05.04 11:54:02 INFO  no build target found for /home/nullstarfish/personal-ysyx-workbench/ysyxSoC/test/src/device/Keyboard.scala. Using presentation compiler with project's scala-library version: 2.13.15[0m
2026.05.04 11:54:02 INFO  no build target found for /home/nullstarfish/personal-ysyx-workbench/ysyxSoC/test/src/device/Keyboard.scala. Using presentation compiler with project's scala-library version: 2.13.15[0m
2026.05.04 11:54:02 INFO  no build target found for /home/nullstarfish/personal-ysyx-workbench/ysyxSoC/test/src/device/Keyboard.scala. Using presentation compiler with project's scala-library version: 2.13.15[0m
2026.05.04 11:54:02 INFO  no build target found for /home/nullstarfish/personal-ysyx-workbench/ysyxSoC/test/src/device/Keyboard.scala. Using presentation compiler with project's scala-library version: 2.13.15[0m
2026.05.04 11:54:02 INFO  no build target found for /home/nullstarfish/personal-ysyx-workbench/ysyxSoC/test/src/device/Keyboard.scala. Using presentation compiler with project's scala-library version: 2.13.15[0m
2026.05.04 11:54:02 INFO  no build target found for /home/nullstarfish/personal-ysyx-workbench/ysyxSoC/test/src/device/Keyboard.scala. Using presentation compiler with project's scala-library version: 2.13.15[0m
2026.05.04 11:54:02 INFO  no build target found for /home/nullstarfish/personal-ysyx-workbench/ysyxSoC/test/src/device/Keyboard.scala. Using presentation compiler with project's scala-library version: 2.13.15[0m
2026.05.04 11:54:03 INFO  no build target found for /home/nullstarfish/personal-ysyx-workbench/ysyxSoC/test/src/device/Keyboard.scala. Using presentation compiler with project's scala-library version: 2.13.15[0m
2026.05.04 11:54:03 INFO  no build target found for /home/nullstarfish/personal-ysyx-workbench/ysyxSoC/test/src/device/Keyboard.scala. Using presentation compiler with project's scala-library version: 2.13.15[0m
2026.05.04 11:54:03 INFO  no build target found for /home/nullstarfish/personal-ysyx-workbench/ysyxSoC/test/src/device/Keyboard.scala. Using presentation compiler with project's scala-library version: 2.13.15[0m
2026.05.04 11:54:02 INFO  no build target found for /home/nullstarfish/personal-ysyx-workbench/ysyxSoC/test/src/device/Keyboard.scala. Using presentation compiler with project's scala-library version: 2.13.15[0m
2026.05.04 11:54:03 INFO  no build target found for /home/nullstarfish/personal-ysyx-workbench/ysyxSoC/test/src/device/Keyboard.scala. Using presentation compiler with project's scala-library version: 2.13.15[0m
2026.05.04 11:54:03 INFO  no build target found for /home/nullstarfish/personal-ysyx-workbench/ysyxSoC/test/src/device/Keyboard.scala. Using presentation compiler with project's scala-library version: 2.13.15[0m
2026.05.04 11:54:03 INFO  no build target found for /home/nullstarfish/personal-ysyx-workbench/ysyxSoC/test/src/device/Keyboard.scala. Using presentation compiler with project's scala-library version: 2.13.15[0m
2026.05.04 11:54:03 INFO  no build target found for /home/nullstarfish/personal-ysyx-workbench/ysyxSoC/test/src/device/Keyboard.scala. Using presentation compiler with project's scala-library version: 2.13.15[0m
2026.05.04 11:54:03 INFO  no build target found for /home/nullstarfish/personal-ysyx-workbench/ysyxSoC/test/src/device/Keyboard.scala. Using presentation compiler with project's scala-library version: 2.13.15[0m
2026.05.04 11:54:04 INFO  no build target found for /home/nullstarfish/personal-ysyx-workbench/ysyxSoC/test/src/device/Keyboard.scala. Using presentation compiler with project's scala-library version: 2.13.15[0m
2026.05.04 11:54:03 INFO  no build target found for /home/nullstarfish/personal-ysyx-workbench/ysyxSoC/test/src/device/Keyboard.scala. Using presentation compiler with project's scala-library version: 2.13.15[0m
2026.05.04 11:54:04 INFO  no build target found for /home/nullstarfish/personal-ysyx-workbench/ysyxSoC/test/src/device/Keyboard.scala. Using presentation compiler with project's scala-library version: 2.13.15[0m
2026.05.04 11:54:03 INFO  no build target found for /home/nullstarfish/personal-ysyx-workbench/ysyxSoC/test/src/device/Keyboard.scala. Using presentation compiler with project's scala-library version: 2.13.15[0m
2026.05.04 11:54:03 INFO  no build target found for /home/nullstarfish/personal-ysyx-workbench/ysyxSoC/test/src/device/Keyboard.scala. Using presentation compiler with project's scala-library version: 2.13.15[0m
2026.05.04 11:54:04 INFO  no build target found for /home/nullstarfish/personal-ysyx-workbench/ysyxSoC/test/src/device/Keyboard.scala. Using presentation compiler with project's scala-library version: 2.13.15[0m
2026.05.04 11:54:04 INFO  no build target found for /home/nullstarfish/personal-ysyx-workbench/ysyxSoC/test/src/device/Keyboard.scala. Using presentation compiler with project's scala-library version: 2.13.15[0m
2026.05.04 11:54:04 INFO  no build target found for /home/nullstarfish/personal-ysyx-workbench/ysyxSoC/test/src/device/Keyboard.scala. Using presentation compiler with project's scala-library version: 2.13.15[0m
2026.05.04 11:54:04 INFO  no build target found for /home/nullstarfish/personal-ysyx-workbench/ysyxSoC/test/src/device/Keyboard.scala. Using presentation compiler with project's scala-library version: 2.13.15[0m
2026.05.04 11:54:04 INFO  no build target found for /home/nullstarfish/personal-ysyx-workbench/ysyxSoC/test/src/device/Keyboard.scala. Using presentation compiler with project's scala-library version: 2.13.15[0m
2026.05.04 11:54:04 INFO  no build target found for /home/nullstarfish/personal-ysyx-workbench/ysyxSoC/test/src/device/Keyboard.scala. Using presentation compiler with project's scala-library version: 2.13.15[0m
2026.05.04 11:54:05 INFO  no build target found for /home/nullstarfish/personal-ysyx-workbench/ysyxSoC/test/src/device/Keyboard.scala. Using presentation compiler with project's scala-library version: 2.13.15[0m
2026.05.04 11:54:04 INFO  no build target found for /home/nullstarfish/personal-ysyx-workbench/ysyxSoC/test/src/device/Keyboard.scala. Using presentation compiler with project's scala-library version: 2.13.15[0m
2026.05.04 11:54:05 INFO  no build target found for /home/nullstarfish/personal-ysyx-workbench/ysyxSoC/test/src/device/Keyboard.scala. Using presentation compiler with project's scala-library version: 2.13.15[0m
2026.05.04 11:54:05 WARN  no build target for: /home/nullstarfish/personal-ysyx-workbench/ysyxSoC/test/src/device/Keyboard.scala[0m
2026.05.04 11:54:05 INFO  no build target found for /home/nullstarfish/personal-ysyx-workbench/ysyxSoC/test/src/device/Keyboard.scala. Using presentation compiler with project's scala-library version: 2.13.15[0m
2026.05.04 11:54:07 INFO  no build target found for /home/nullstarfish/personal-ysyx-workbench/ysyxSoC/test/src/device/Keyboard.scala. Using presentation compiler with project's scala-library version: 2.13.15[0m
2026.05.04 11:54:07 INFO  no build target found for /home/nullstarfish/personal-ysyx-workbench/ysyxSoC/test/src/device/Keyboard.scala. Using presentation compiler with project's scala-library version: 2.13.15[0m
2026.05.04 11:54:14 INFO  no build target found for /home/nullstarfish/personal-ysyx-workbench/ysyxSoC/test/src/device/Keyboard.scala. Using presentation compiler with project's scala-library version: 2.13.15[0m
2026.05.04 11:54:14 INFO  no build target found for /home/nullstarfish/personal-ysyx-workbench/ysyxSoC/test/src/device/Keyboard.scala. Using presentation compiler with project's scala-library version: 2.13.15[0m
2026.05.04 11:54:14 WARN  no build target for: /home/nullstarfish/personal-ysyx-workbench/ysyxSoC/test/src/device/Keyboard.scala[0m
2026.05.04 11:54:14 INFO  no build target found for /home/nullstarfish/personal-ysyx-workbench/ysyxSoC/test/src/device/Keyboard.scala. Using presentation compiler with project's scala-library version: 2.13.15[0m
2026.05.04 11:54:14 INFO  no build target found for /home/nullstarfish/personal-ysyx-workbench/ysyxSoC/test/src/device/Keyboard.scala. Using presentation compiler with project's scala-library version: 2.13.15[0m
2026.05.04 11:54:14 INFO  no build target found for /home/nullstarfish/personal-ysyx-workbench/ysyxSoC/test/src/device/Keyboard.scala. Using presentation compiler with project's scala-library version: 2.13.15[0m
2026.05.04 11:54:14 INFO  no build target found for /home/nullstarfish/personal-ysyx-workbench/ysyxSoC/test/src/device/Keyboard.scala. Using presentation compiler with project's scala-library version: 2.13.15[0m
2026.05.04 11:54:14 INFO  no build target found for /home/nullstarfish/personal-ysyx-workbench/ysyxSoC/test/src/device/Keyboard.scala. Using presentation compiler with project's scala-library version: 2.13.15[0m
2026.05.04 11:54:19 INFO  Shutting down server[0m
2026.05.04 11:54:19 INFO  Memory monitor stopped[0m
2026.05.04 11:54:19 INFO  shutting down Metals[0m
2026.05.04 11:54:19 INFO  Shut down connection with build server.[0m
2026.05.04 11:54:19 INFO  Exiting server[0m
2026.05.04 11:54:32 INFO  tracing is disabled for protocol LSP, to enable tracing of incoming and outgoing JSON messages create an empty file at /home/nullstarfish/personal-ysyx-workbench/ysyxSoC/.metals/lsp.trace.json[0m
2026.05.04 11:54:33 INFO  logging to files /home/nullstarfish/personal-ysyx-workbench/ysyxSoC/.metals/metals.log[0m
2026.05.04 11:54:33 INFO  Started: Metals version 1.6.7 in folders '/home/nullstarfish/personal-ysyx-workbench/ysyxSoC' for client Visual Studio Code 1.118.1.[0m
2026.05.04 11:54:33 INFO  Memory monitor started[0m
2026.05.04 11:54:35 WARN  Using H2 2.4.240 which is newer than the version Flyway has been verified with. The latest verified version of H2 is 2.3.232.[0m
2026.05.04 11:54:35 INFO  no build target found for /home/nullstarfish/personal-ysyx-workbench/ysyxSoC/test/src/device/Keyboard.scala. Using presentation compiler with project's scala-library version: 3.3.7[0m
2026.05.04 11:54:35 INFO  Attempting to connect to the build server...[0m
2026.05.04 11:54:35 INFO  Found a Bloop server running[0m
2026.05.04 11:54:35 INFO  tracing is disabled for protocol BSP, to enable tracing of incoming and outgoing JSON messages create an empty file at /home/nullstarfish/personal-ysyx-workbench/ysyxSoC/.metals/bsp.trace.json[0m
2026.05.04 11:54:35 INFO  time: Connected to build server in 0.18s[0m
2026.05.04 11:54:35 INFO  Connected to Build server: Bloop v2.0.19[0m
2026.05.04 11:54:35 WARN  2.13.14 is no longer supported in the current Metals versions, using the last known supported version 1.6.3[0m
2026.05.04 11:54:35 INFO  no build target found for /home/nullstarfish/personal-ysyx-workbench/ysyxSoC/test/src/device/Keyboard.scala. Using presentation compiler with project's scala-library version: 2.13.15[0m
2026.05.04 11:54:35 INFO  no build target found for /home/nullstarfish/personal-ysyx-workbench/ysyxSoC/test/src/device/Keyboard.scala. Using presentation compiler with project's scala-library version: 2.13.15[0m
2026.05.04 11:54:35 WARN  no build target for: /home/nullstarfish/personal-ysyx-workbench/ysyxSoC/test/src/device/Keyboard.scala[0m
May 04, 2026 11:54:35 AM org.eclipse.lsp4j.jsonrpc.RemoteEndpoint handleCancellation
WARNING: Unmatched cancel notification for request id 2
2026.05.04 11:54:35 INFO  no build target found for /home/nullstarfish/personal-ysyx-workbench/ysyxSoC/test/src/device/Keyboard.scala. Using presentation compiler with project's scala-library version: 2.13.15[0m
2026.05.04 11:54:36 INFO  no build target found for /home/nullstarfish/personal-ysyx-workbench/ysyxSoC/test/src/device/Keyboard.scala. Using presentation compiler with project's scala-library version: 2.13.15[0m
2026.05.04 11:54:36 INFO  no build target found for /home/nullstarfish/personal-ysyx-workbench/ysyxSoC/test/src/device/Keyboard.scala. Using presentation compiler with project's scala-library version: 2.13.15[0m
May 04, 2026 11:54:36 AM org.eclipse.lsp4j.jsonrpc.RemoteEndpoint handleCancellation
WARNING: Unmatched cancel notification for request id 10
2026.05.04 11:54:36 INFO  no build target found for /home/nullstarfish/personal-ysyx-workbench/ysyxSoC/test/src/device/Keyboard.scala. Using presentation compiler with project's scala-library version: 2.13.15[0m
2026.05.04 11:54:39 INFO  Created report: Optional[file:///home/nullstarfish/personal-ysyx-workbench/ysyxSoC/file:/home/nullstarfish/personal-ysyx-workbench/ysyxSoC/rocket-chip/src/main/scala/prci/ClockDomain.scala][0m
2026.05.04 11:54:39 INFO  expected identifier; obtained this (full report at: "/home/nullstarfish/personal-ysyx-workbench/ysyxSoC/.metals/.reports/metals/2026-05-04/r_scala-toplevel-mtags_11-54-39-491.md")[0m
2026.05.04 11:54:39 INFO  no build target found for /home/nullstarfish/personal-ysyx-workbench/ysyxSoC/test/src/device/Keyboard.scala. Using presentation compiler with project's scala-library version: 2.13.15[0m
2026.05.04 11:54:39 WARN  Could not find java sources in /usr/lib/jvm/src.zip, /usr/lib/jvm/lib/src.zip, /usr/lib/jvm/java-21-openjdk-amd64/src.zip, /usr/lib/jvm/java-21-openjdk-amd64/lib/src.zip. Java symbols will not be available.[0m
2026.05.04 11:54:39 WARN  unexpected dependency with absolute path: /home/nullstarfish/.cache/coursier/v1/https/repo1.maven.org/maven2/com/lihaoyi/mainargs_2.13/0.5.4/mainargs_2.13-0.5.4-sources.jar[0m
2026.05.04 11:54:39 WARN  unexpected dependency with absolute path: /home/nullstarfish/.cache/coursier/v1/https/repo1.maven.org/maven2/com/fasterxml/jackson/core/jackson-databind/2.12.7/jackson-databind-2.12.7-sources.jar[0m
2026.05.04 11:54:39 WARN  unexpected dependency with absolute path: /home/nullstarfish/.cache/coursier/v1/https/repo1.maven.org/maven2/com/lihaoyi/upack_2.13/3.3.0/upack_2.13-3.3.0-sources.jar[0m
2026.05.04 11:54:39 WARN  unexpected dependency with absolute path: /home/nullstarfish/.cache/coursier/v1/https/repo1.maven.org/maven2/org/scala-lang/scala-reflect/2.13.14/scala-reflect-2.13.14-sources.jar[0m
2026.05.04 11:54:39 WARN  unexpected dependency with absolute path: /home/nullstarfish/.cache/coursier/v1/https/repo1.maven.org/maven2/com/lihaoyi/os-lib_2.13/0.10.0/os-lib_2.13-0.10.0-sources.jar[0m
2026.05.04 11:54:39 WARN  unexpected dependency with absolute path: /home/nullstarfish/.cache/coursier/v1/https/repo1.maven.org/maven2/org/apache/commons/commons-lang3/3.14.0/commons-lang3-3.14.0-sources.jar[0m
2026.05.04 11:54:39 WARN  unexpected dependency with absolute path: /home/nullstarfish/.cache/coursier/v1/https/repo1.maven.org/maven2/com/lihaoyi/sourcecode_2.13/0.3.1/sourcecode_2.13-0.3.1-sources.jar[0m
2026.05.04 11:54:39 WARN  unexpected dependency with absolute path: /home/nullstarfish/.cache/coursier/v1/https/repo1.maven.org/maven2/com/lihaoyi/geny_2.13/1.1.0/geny_2.13-1.1.0-sources.jar[0m
2026.05.04 11:54:39 WARN  unexpected dependency with absolute path: /home/nullstarfish/.cache/coursier/v1/https/repo1.maven.org/maven2/org/json4s/json4s-jackson-core_2.13/4.0.6/json4s-jackson-core_2.13-4.0.6-sources.jar[0m
2026.05.04 11:54:39 WARN  unexpected dependency with absolute path: /home/nullstarfish/.cache/coursier/v1/https/repo1.maven.org/maven2/com/lihaoyi/ujson_2.13/3.3.0/ujson_2.13-3.3.0-sources.jar[0m
2026.05.04 11:54:39 WARN  unexpected dependency with absolute path: /home/nullstarfish/.cache/coursier/v1/https/repo1.maven.org/maven2/org/chipsalliance/chisel_2.13/7.0.0-M2/chisel_2.13-7.0.0-M2-sources.jar[0m
2026.05.04 11:54:39 WARN  unexpected dependency with absolute path: /home/nullstarfish/.cache/coursier/v1/https/repo1.maven.org/maven2/org/apache/commons/commons-text/1.12.0/commons-text-1.12.0-sources.jar[0m
2026.05.04 11:54:39 WARN  unexpected dependency with absolute path: /home/nullstarfish/.cache/coursier/v1/https/repo1.maven.org/maven2/com/fasterxml/jackson/core/jackson-core/2.12.7/jackson-core-2.12.7-sources.jar[0m
2026.05.04 11:54:39 WARN  unexpected dependency with absolute path: /home/nullstarfish/.cache/coursier/v1/https/repo1.maven.org/maven2/io/github/alexarchambault/data-class_2.13/0.2.6/data-class_2.13-0.2.6-sources.jar[0m
2026.05.04 11:54:39 WARN  unexpected dependency with absolute path: /home/nullstarfish/.cache/coursier/v1/https/repo1.maven.org/maven2/com/lihaoyi/upickle_2.13/3.3.0/upickle_2.13-3.3.0-sources.jar[0m
2026.05.04 11:54:39 WARN  unexpected dependency with absolute path: /home/nullstarfish/.cache/coursier/v1/https/repo1.maven.org/maven2/org/chipsalliance/firtool-resolver_2.13/2.0.0/firtool-resolver_2.13-2.0.0-sources.jar[0m
2026.05.04 11:54:39 WARN  unexpected dependency with absolute path: /home/nullstarfish/.cache/coursier/v1/https/repo1.maven.org/maven2/org/scala-lang/scala-library/2.13.14/scala-library-2.13.14-sources.jar[0m
2026.05.04 11:54:39 WARN  unexpected dependency with absolute path: /home/nullstarfish/.cache/coursier/v1/https/repo1.maven.org/maven2/org/json4s/json4s-jackson_2.13/4.0.6/json4s-jackson_2.13-4.0.6-sources.jar[0m
2026.05.04 11:54:39 WARN  unexpected dependency with absolute path: /home/nullstarfish/.cache/coursier/v1/https/repo1.maven.org/maven2/com/fasterxml/jackson/core/jackson-annotations/2.12.7/jackson-annotations-2.12.7-sources.jar[0m
2026.05.04 11:54:39 WARN  unexpected dependency with absolute path: /home/nullstarfish/.cache/coursier/v1/https/repo1.maven.org/maven2/com/lihaoyi/upickle-implicits_2.13/3.3.0/upickle-implicits_2.13-3.3.0-sources.jar[0m
2026.05.04 11:54:39 WARN  unexpected dependency with absolute path: /home/nullstarfish/.cache/coursier/v1/https/repo1.maven.org/maven2/org/scala-lang/modules/scala-parallel-collections_2.13/1.0.4/scala-parallel-collections_2.13-1.0.4-sources.jar[0m
2026.05.04 11:54:39 WARN  unexpected dependency with absolute path: /home/nullstarfish/.cache/coursier/v1/https/repo1.maven.org/maven2/com/lihaoyi/upickle-core_2.13/3.3.0/upickle-core_2.13-3.3.0-sources.jar[0m
2026.05.04 11:54:39 WARN  unexpected dependency with absolute path: /home/nullstarfish/.cache/coursier/v1/https/repo1.maven.org/maven2/org/scala-lang/scala-library/2.13.15/scala-library-2.13.15-sources.jar[0m
2026.05.04 11:54:39 WARN  unexpected dependency with absolute path: /home/nullstarfish/.cache/coursier/v1/https/repo1.maven.org/maven2/com/lihaoyi/mill-moduledefs_2.13/0.11.1/mill-moduledefs_2.13-0.11.1-sources.jar[0m
2026.05.04 11:54:39 WARN  unexpected dependency with absolute path: /home/nullstarfish/.cache/coursier/v1/https/repo1.maven.org/maven2/com/lihaoyi/mainargs_2.13/0.5.4/mainargs_2.13-0.5.4-sources.jar[0m
2026.05.04 11:54:39 WARN  unexpected dependency with absolute path: /home/nullstarfish/.cache/coursier/v1/https/repo1.maven.org/maven2/com/fasterxml/jackson/core/jackson-databind/2.12.7/jackson-databind-2.12.7-sources.jar[0m
2026.05.04 11:54:39 WARN  unexpected dependency with absolute path: /home/nullstarfish/.cache/coursier/v1/https/repo1.maven.org/maven2/com/lihaoyi/upack_2.13/3.3.0/upack_2.13-3.3.0-sources.jar[0m
2026.05.04 11:54:39 WARN  unexpected dependency with absolute path: /home/nullstarfish/.cache/coursier/v1/https/repo1.maven.org/maven2/org/scala-lang/scala-reflect/2.13.14/scala-reflect-2.13.14-sources.jar[0m
2026.05.04 11:54:39 WARN  unexpected dependency with absolute path: /home/nullstarfish/.cache/coursier/v1/https/repo1.maven.org/maven2/com/lihaoyi/os-lib_2.13/0.10.0/os-lib_2.13-0.10.0-sources.jar[0m
2026.05.04 11:54:39 WARN  unexpected dependency with absolute path: /home/nullstarfish/.cache/coursier/v1/https/repo1.maven.org/maven2/org/apache/commons/commons-lang3/3.14.0/commons-lang3-3.14.0-sources.jar[0m
2026.05.04 11:54:39 WARN  unexpected dependency with absolute path: /home/nullstarfish/.cache/coursier/v1/https/repo1.maven.org/maven2/com/lihaoyi/sourcecode_2.13/0.3.1/sourcecode_2.13-0.3.1-sources.jar[0m
2026.05.04 11:54:39 WARN  unexpected dependency with absolute path: /home/nullstarfish/.cache/coursier/v1/https/repo1.maven.org/maven2/com/lihaoyi/geny_2.13/1.1.0/geny_2.13-1.1.0-sources.jar[0m
2026.05.04 11:54:39 WARN  unexpected dependency with absolute path: /home/nullstarfish/.cache/coursier/v1/https/repo1.maven.org/maven2/org/json4s/json4s-jackson-core_2.13/4.0.6/json4s-jackson-core_2.13-4.0.6-sources.jar[0m
2026.05.04 11:54:39 WARN  unexpected dependency with absolute path: /home/nullstarfish/.cache/coursier/v1/https/repo1.maven.org/maven2/com/lihaoyi/ujson_2.13/3.3.0/ujson_2.13-3.3.0-sources.jar[0m
2026.05.04 11:54:39 WARN  unexpected dependency with absolute path: /home/nullstarfish/.cache/coursier/v1/https/repo1.maven.org/maven2/org/chipsalliance/chisel_2.13/7.0.0-M2/chisel_2.13-7.0.0-M2-sources.jar[0m
2026.05.04 11:54:39 WARN  unexpected dependency with absolute path: /home/nullstarfish/.cache/coursier/v1/https/repo1.maven.org/maven2/org/apache/commons/commons-text/1.12.0/commons-text-1.12.0-sources.jar[0m
2026.05.04 11:54:39 WARN  unexpected dependency with absolute path: /home/nullstarfish/.cache/coursier/v1/https/repo1.maven.org/maven2/com/fasterxml/jackson/core/jackson-core/2.12.7/jackson-core-2.12.7-sources.jar[0m
2026.05.04 11:54:39 WARN  unexpected dependency with absolute path: /home/nullstarfish/.cache/coursier/v1/https/repo1.maven.org/maven2/io/github/alexarchambault/data-class_2.13/0.2.6/data-class_2.13-0.2.6-sources.jar[0m
2026.05.04 11:54:39 WARN  unexpected dependency with absolute path: /home/nullstarfish/.cache/coursier/v1/https/repo1.maven.org/maven2/com/lihaoyi/upickle_2.13/3.3.0/upickle_2.13-3.3.0-sources.jar[0m
2026.05.04 11:54:39 WARN  unexpected dependency with absolute path: /home/nullstarfish/.cache/coursier/v1/https/repo1.maven.org/maven2/org/chipsalliance/firtool-resolver_2.13/2.0.0/firtool-resolver_2.13-2.0.0-sources.jar[0m
2026.05.04 11:54:39 WARN  unexpected dependency with absolute path: /home/nullstarfish/.cache/coursier/v1/https/repo1.maven.org/maven2/org/scala-lang/scala-library/2.13.14/scala-library-2.13.14-sources.jar[0m
2026.05.04 11:54:39 WARN  unexpected dependency with absolute path: /home/nullstarfish/.cache/coursier/v1/https/repo1.maven.org/maven2/org/json4s/json4s-jackson_2.13/4.0.6/json4s-jackson_2.13-4.0.6-sources.jar[0m
2026.05.04 11:54:39 WARN  unexpected dependency with absolute path: /home/nullstarfish/.cache/coursier/v1/https/repo1.maven.org/maven2/com/fasterxml/jackson/core/jackson-annotations/2.12.7/jackson-annotations-2.12.7-sources.jar[0m
2026.05.04 11:54:39 WARN  unexpected dependency with absolute path: /home/nullstarfish/.cache/coursier/v1/https/repo1.maven.org/maven2/com/lihaoyi/upickle-implicits_2.13/3.3.0/upickle-implicits_2.13-3.3.0-sources.jar[0m
2026.05.04 11:54:39 WARN  unexpected dependency with absolute path: /home/nullstarfish/.cache/coursier/v1/https/repo1.maven.org/maven2/org/scala-lang/modules/scala-parallel-collections_2.13/1.0.4/scala-parallel-collections_2.13-1.0.4-sources.jar[0m
2026.05.04 11:54:39 WARN  unexpected dependency with absolute path: /home/nullstarfish/.cache/coursier/v1/https/repo1.maven.org/maven2/com/lihaoyi/upickle-core_2.13/3.3.0/upickle-core_2.13-3.3.0-sources.jar[0m
2026.05.04 11:54:39 WARN  unexpected dependency with absolute path: /home/nullstarfish/.cache/coursier/v1/https/repo1.maven.org/maven2/org/scala-lang/scala-library/2.13.15/scala-library-2.13.15-sources.jar[0m
2026.05.04 11:54:39 WARN  unexpected dependency with absolute path: /home/nullstarfish/.cache/coursier/v1/https/repo1.maven.org/maven2/com/lihaoyi/mill-moduledefs_2.13/0.11.1/mill-moduledefs_2.13-0.11.1-sources.jar[0m
2026.05.04 11:54:39 INFO  time: indexed workspace in 4.09s[0m
2026.05.04 11:54:39 WARN  no build target for: /home/nullstarfish/personal-ysyx-workbench/ysyxSoC/test/src/device/Keyboard.scala[0m
2026.05.04 11:54:39 INFO  no build target found for /home/nullstarfish/personal-ysyx-workbench/ysyxSoC/test/src/device/Keyboard.scala. Using presentation compiler with project's scala-library version: 2.13.15[0m
2026.05.04 11:54:39 WARN  no build target for: /home/nullstarfish/personal-ysyx-workbench/ysyxSoC/test/src/device/Keyboard.scala[0m
2026.05.04 11:54:39 INFO  no build target found for /home/nullstarfish/personal-ysyx-workbench/ysyxSoC/test/src/device/Keyboard.scala. Using presentation compiler with project's scala-library version: 2.13.15[0m
2026.05.04 11:54:40 INFO  no build target found for /home/nullstarfish/personal-ysyx-workbench/ysyxSoC/test/src/device/Keyboard.scala. Using presentation compiler with project's scala-library version: 2.13.15[0m
2026.05.04 11:54:41 INFO  time: code lens generation in 1.08s[0m
2026.05.04 11:54:41 INFO  time: code lens generation in 1.32s[0m
2026.05.04 11:54:42 INFO  no build target found for /home/nullstarfish/personal-ysyx-workbench/ysyxSoC/test/src/device/Keyboard.scala. Using presentation compiler with project's scala-library version: 2.13.15[0m
2026.05.04 11:54:42 WARN  no build target for: /home/nullstarfish/personal-ysyx-workbench/ysyxSoC/test/src/device/Keyboard.scala[0m
2026.05.04 11:54:42 INFO  no build target found for /home/nullstarfish/personal-ysyx-workbench/ysyxSoC/test/src/device/Keyboard.scala. Using presentation compiler with project's scala-library version: 2.13.15[0m
2026.05.04 11:54:44 INFO  no build target found for /home/nullstarfish/personal-ysyx-workbench/ysyxSoC/test/src/device/Keyboard.scala. Using presentation compiler with project's scala-library version: 2.13.15[0m
May 04, 2026 11:54:46 AM org.eclipse.lsp4j.jsonrpc.RemoteEndpoint handleCancellation
WARNING: Unmatched cancel notification for request id 20
2026.05.04 11:54:50 INFO  no build target found for /home/nullstarfish/personal-ysyx-workbench/ysyxSoC/test/src/device/Keyboard.scala. Using presentation compiler with project's scala-library version: 2.13.15[0m
2026.05.04 11:54:50 WARN  no build target for: /home/nullstarfish/personal-ysyx-workbench/ysyxSoC/test/src/device/Keyboard.scala[0m
2026.05.04 11:54:50 INFO  no build target found for /home/nullstarfish/personal-ysyx-workbench/ysyxSoC/test/src/device/Keyboard.scala. Using presentation compiler with project's scala-library version: 2.13.15[0m
2026.05.04 11:54:50 INFO  no build target found for /home/nullstarfish/personal-ysyx-workbench/ysyxSoC/test/src/device/Keyboard.scala. Using presentation compiler with project's scala-library version: 2.13.15[0m
2026.05.04 11:54:50 INFO  no build target found for /home/nullstarfish/personal-ysyx-workbench/ysyxSoC/test/src/device/Keyboard.scala. Using presentation compiler with project's scala-library version: 2.13.15[0m
2026.05.04 11:54:50 INFO  no build target found for /home/nullstarfish/personal-ysyx-workbench/ysyxSoC/test/src/device/Keyboard.scala. Using presentation compiler with project's scala-library version: 2.13.15[0m
2026.05.04 11:54:50 WARN  no build target for: /home/nullstarfish/personal-ysyx-workbench/ysyxSoC/test/src/device/Keyboard.scala[0m
2026.05.04 11:54:50 INFO  no build target found for /home/nullstarfish/personal-ysyx-workbench/ysyxSoC/test/src/device/Keyboard.scala. Using presentation compiler with project's scala-library version: 2.13.15[0m
2026.05.04 11:54:50 INFO  no build target found for /home/nullstarfish/personal-ysyx-workbench/ysyxSoC/test/src/device/Keyboard.scala. Using presentation compiler with project's scala-library version: 2.13.15[0m
2026.05.04 11:54:52 INFO  no build target found for /home/nullstarfish/personal-ysyx-workbench/ysyxSoC/test/src/device/Keyboard.scala. Using presentation compiler with project's scala-library version: 2.13.15[0m
2026.05.04 11:54:52 INFO  no build target found for /home/nullstarfish/personal-ysyx-workbench/ysyxSoC/test/src/device/Keyboard.scala. Using presentation compiler with project's scala-library version: 2.13.15[0m
2026.05.04 11:55:07 INFO  no build target found for /home/nullstarfish/personal-ysyx-workbench/ysyxSoC/test/src/device/Keyboard.scala. Using presentation compiler with project's scala-library version: 2.13.15[0m
2026.05.04 11:55:07 WARN  no build target for: /home/nullstarfish/personal-ysyx-workbench/ysyxSoC/test/src/device/Keyboard.scala[0m
2026.05.04 11:55:07 INFO  no build target found for /home/nullstarfish/personal-ysyx-workbench/ysyxSoC/test/src/device/Keyboard.scala. Using presentation compiler with project's scala-library version: 2.13.15[0m
2026.05.04 11:55:07 INFO  no build target found for /home/nullstarfish/personal-ysyx-workbench/ysyxSoC/test/src/device/Keyboard.scala. Using presentation compiler with project's scala-library version: 2.13.15[0m
2026.05.04 11:55:07 INFO  no build target found for /home/nullstarfish/personal-ysyx-workbench/ysyxSoC/test/src/device/Keyboard.scala. Using presentation compiler with project's scala-library version: 2.13.15[0m
2026.05.04 11:55:10 INFO  no build target found for /home/nullstarfish/personal-ysyx-workbench/ysyxSoC/test/src/device/Keyboard.scala. Using presentation compiler with project's scala-library version: 2.13.15[0m
2026.05.04 11:55:10 INFO  no build target found for /home/nullstarfish/personal-ysyx-workbench/ysyxSoC/test/src/Keyboard.scala. Using presentation compiler with project's scala-library version: 2.13.15[0m
2026.05.04 11:55:10 INFO  no build target found for /home/nullstarfish/personal-ysyx-workbench/ysyxSoC/test/src/Keyboard.scala. Using presentation compiler with project's scala-library version: 2.13.15[0m
2026.05.04 11:55:10 INFO  no build target found for /home/nullstarfish/personal-ysyx-workbench/ysyxSoC/test/src/Keyboard.scala. Using presentation compiler with project's scala-library version: 2.13.15[0m
2026.05.04 11:55:10 WARN  no build target for: /home/nullstarfish/personal-ysyx-workbench/ysyxSoC/test/src/Keyboard.scala[0m
2026.05.04 11:55:10 INFO  no build target found for /home/nullstarfish/personal-ysyx-workbench/ysyxSoC/test/src/Keyboard.scala. Using presentation compiler with project's scala-library version: 2.13.15[0m
2026.05.04 11:55:10 INFO  no build target found for /home/nullstarfish/personal-ysyx-workbench/ysyxSoC/test/src/Keyboard.scala. Using presentation compiler with project's scala-library version: 2.13.15[0m
2026.05.04 11:55:10 INFO  no build target found for /home/nullstarfish/personal-ysyx-workbench/ysyxSoC/test/src/Keyboard.scala. Using presentation compiler with project's scala-library version: 2.13.15[0m
2026.05.04 11:55:10 INFO  no build target found for /home/nullstarfish/personal-ysyx-workbench/ysyxSoC/test/src/Keyboard.scala. Using presentation compiler with project's scala-library version: 2.13.15[0m
2026.05.04 11:55:10 INFO  no build target found for /home/nullstarfish/personal-ysyx-workbench/ysyxSoC/test/src/Keyboard.scala. Using presentation compiler with project's scala-library version: 2.13.15[0m
2026.05.04 11:55:10 WARN  no build target for: /home/nullstarfish/personal-ysyx-workbench/ysyxSoC/test/src/Keyboard.scala[0m
2026.05.04 11:55:10 INFO  no build target found for /home/nullstarfish/personal-ysyx-workbench/ysyxSoC/test/src/Keyboard.scala. Using presentation compiler with project's scala-library version: 2.13.15[0m
2026.05.04 11:55:10 INFO  no build target found for /home/nullstarfish/personal-ysyx-workbench/ysyxSoC/test/src/Keyboard.scala. Using presentation compiler with project's scala-library version: 2.13.15[0m
2026.05.04 11:55:39 INFO  compiling ysyxsoc (1 scala source)[0m
2026.05.04 11:55:41 WARN  2 deprecations (since rocketchip 2.0.0); re-run with -deprecation for details[0m
2026.05.04 11:55:41 INFO  time: compiled ysyxsoc in 1.76s[0m
2026.05.04 11:55:56 INFO  compiling ysyxsoc (1 scala source)[0m
2026.05.04 11:55:56 INFO  time: compiled ysyxsoc in 0.26s[0m
2026.05.04 11:56:07 INFO  compiling ysyxsoc (1 scala source)[0m
2026.05.04 11:56:07 INFO  time: compiled ysyxsoc in 0.27s[0m
May 04, 2026 11:57:02 AM org.eclipse.lsp4j.jsonrpc.RemoteEndpoint handleCancellation
WARNING: Unmatched cancel notification for request id 343
2026.05.04 12:07:39 INFO  no build target found for /home/nullstarfish/personal-ysyx-workbench/ysyxSoC/test/src/Keyboard.scala. Using presentation compiler with project's scala-library version: 2.13.15[0m
2026.05.04 12:07:39 WARN  no build target for: /home/nullstarfish/personal-ysyx-workbench/ysyxSoC/test/src/Keyboard.scala[0m
2026.05.04 12:07:39 INFO  no build target found for /home/nullstarfish/personal-ysyx-workbench/ysyxSoC/test/src/Keyboard.scala. Using presentation compiler with project's scala-library version: 2.13.15[0m
2026.05.04 12:07:39 INFO  no build target found for /home/nullstarfish/personal-ysyx-workbench/ysyxSoC/test/src/Keyboard.scala. Using presentation compiler with project's scala-library version: 2.13.15[0m
2026.05.04 12:07:39 INFO  no build target found for /home/nullstarfish/personal-ysyx-workbench/ysyxSoC/test/src/Keyboard.scala. Using presentation compiler with project's scala-library version: 2.13.15[0m
2026.05.04 12:07:39 INFO  no build target found for /home/nullstarfish/personal-ysyx-workbench/ysyxSoC/test/src/Keyboard.scala. Using presentation compiler with project's scala-library version: 2.13.15[0m
2026.05.04 12:09:43 INFO  running '/home/nullstarfish/personal-ysyx-workbench/ysyxSoC/.metals/mill --import ivy:com.lihaoyi::mill-contrib-bloop: mill.contrib.bloop.Bloop/install'[0m
2026.05.04 12:09:44 INFO  ============================== mill.contrib.bloop.Bloop/install ==============================[0m
2026.05.04 12:09:45 INFO  [build.sc-64/68] compile[0m
2026.05.04 12:09:45 INFO  [build.sc-64] [info] compiling 1 Scala source to /home/nullstarfish/personal-ysyx-workbench/ysyxSoC/out/mill-build/compile.dest/classes ...[0m
2026.05.04 12:09:46 INFO  no build target found for /home/nullstarfish/personal-ysyx-workbench/ysyxSoC/test/src/Keyboard.scala. Using presentation compiler with project's scala-library version: 2.13.15[0m
2026.05.04 12:09:46 WARN  no build target for: /home/nullstarfish/personal-ysyx-workbench/ysyxSoC/test/src/Keyboard.scala[0m
2026.05.04 12:09:46 INFO  no build target found for /home/nullstarfish/personal-ysyx-workbench/ysyxSoC/test/src/Keyboard.scala. Using presentation compiler with project's scala-library version: 2.13.15[0m
2026.05.04 12:09:46 INFO  no build target found for /home/nullstarfish/personal-ysyx-workbench/ysyxSoC/test/src/Keyboard.scala. Using presentation compiler with project's scala-library version: 2.13.15[0m
2026.05.04 12:09:46 INFO  no build target found for /home/nullstarfish/personal-ysyx-workbench/ysyxSoC/test/src/Keyboard.scala. Using presentation compiler with project's scala-library version: 2.13.15[0m
2026.05.04 12:09:46 INFO  no build target found for /home/nullstarfish/personal-ysyx-workbench/ysyxSoC/test/src/Keyboard.scala. Using presentation compiler with project's scala-library version: 2.13.15[0m
2026.05.04 12:09:50 INFO  [build.sc-64] [info] done compiling[0m
2026.05.04 12:09:51 INFO  no build target found for /home/nullstarfish/personal-ysyx-workbench/ysyxSoC/test/src/Keyboard.scala. Using presentation compiler with project's scala-library version: 2.13.15[0m
2026.05.04 12:09:51 INFO  no build target found for /home/nullstarfish/personal-ysyx-workbench/ysyxSoC/test/src/Keyboard.scala. Using presentation compiler with project's scala-library version: 2.13.15[0m
2026.05.04 12:09:52 INFO  [329/343] rocketchip.cde.bloop.writeConfigFile[0m
2026.05.04 12:09:52 INFO  [329] Wrote /home/nullstarfish/personal-ysyx-workbench/ysyxSoC/.bloop/rocketchip.cde.json[0m
2026.05.04 12:09:52 INFO  [335/343] rocketchip.macros.bloop.writeConfigFile[0m
2026.05.04 12:09:52 INFO  [335] Wrote /home/nullstarfish/personal-ysyx-workbench/ysyxSoC/.bloop/rocketchip.macros.json[0m
2026.05.04 12:09:52 INFO  [336/343] MillBuildRootModule.bloop.writeConfigFile[0m
2026.05.04 12:09:52 INFO  [336] Wrote /home/nullstarfish/personal-ysyx-workbench/ysyxSoC/.bloop/mill-build-.json[0m
2026.05.04 12:09:54 INFO  [338/343] rocketchip.hardfloat.bloop.writeConfigFile[0m
2026.05.04 12:09:54 INFO  [337/343] rocketchip.diplomacy.bloop.writeConfigFile[0m
2026.05.04 12:09:54 INFO  [338] Wrote /home/nullstarfish/personal-ysyx-workbench/ysyxSoC/.bloop/rocketchip.hardfloat.json[0m
2026.05.04 12:09:54 INFO  [337] Wrote /home/nullstarfish/personal-ysyx-workbench/ysyxSoC/.bloop/rocketchip.diplomacy.json[0m
2026.05.04 12:09:54 INFO  [339/343] ysyxsoc.bloop.writeConfigFile[0m
2026.05.04 12:09:54 INFO  [340/343] rocketchip.bloop.writeConfigFile[0m
2026.05.04 12:09:54 INFO  [339] Wrote /home/nullstarfish/personal-ysyx-workbench/ysyxSoC/.bloop/ysyxsoc.json[0m
2026.05.04 12:09:54 INFO  [340] Wrote /home/nullstarfish/personal-ysyx-workbench/ysyxSoC/.bloop/rocketchip.json[0m
2026.05.04 12:10:02 INFO  [342/343] ysyxsoc.test.bloop.writeConfigFile[0m
2026.05.04 12:10:02 INFO  [342] Wrote /home/nullstarfish/personal-ysyx-workbench/ysyxSoC/.bloop/ysyxsoc.test.json[0m
2026.05.04 12:10:02 INFO  [343/343] ========================= mill.contrib.bloop.Bloop/install ========================= 18s[0m
2026.05.04 12:10:02 INFO  time: ran 'mill bloopInstall' in 19s[0m
2026.05.04 12:10:02 INFO  Disconnecting from Bloop session...[0m
2026.05.04 12:10:02 INFO  Shut down connection with build server.[0m
2026.05.04 12:10:02 INFO  Attempting to connect to the build server...[0m
2026.05.04 12:10:02 INFO  Found a Bloop server running[0m
2026.05.04 12:10:02 INFO  tracing is disabled for protocol BSP, to enable tracing of incoming and outgoing JSON messages create an empty file at /home/nullstarfish/personal-ysyx-workbench/ysyxSoC/.metals/bsp.trace.json[0m
2026.05.04 12:10:05 INFO  time: Connected to build server in 2.45s[0m
2026.05.04 12:10:05 INFO  Connected to Build server: Bloop v2.0.19[0m
2026.05.04 12:10:08 INFO  expected identifier; obtained this (full report at: "/home/nullstarfish/personal-ysyx-workbench/ysyxSoC/.metals/.reports/metals/2026-05-04/r_scala-toplevel-mtags_11-54-39-491.md")[0m
2026.05.04 12:10:08 WARN  Could not find java sources in /usr/lib/jvm/src.zip, /usr/lib/jvm/lib/src.zip, /usr/lib/jvm/java-21-openjdk-amd64/src.zip, /usr/lib/jvm/java-21-openjdk-amd64/lib/src.zip. Java symbols will not be available.[0m
2026.05.04 12:10:09 INFO  time: indexed workspace in 4.55s[0m
2026.05.04 12:10:10 INFO  compiling ysyxsoc.test (1 scala source)[0m
2026.05.04 12:10:10 INFO  time: compiled ysyxsoc.test in 0.88s[0m
2026.05.04 12:10:11 INFO  skipping build import with status 'Installed'[0m
2026.05.04 12:18:54 WARN  Could not find semantic tokens for: file:///home/nullstarfish/personal-ysyx-workbench/ysyxSoC/test/src/Keyboard.scala[0m
2026.05.04 12:18:57 INFO  compiling ysyxsoc.test (1 scala source)[0m
2026.05.04 12:18:57 INFO  time: compiled ysyxsoc.test in 0.21s[0m
2026.05.04 12:19:57 INFO  compiling ysyxsoc.test (1 scala source)[0m
2026.05.04 12:19:57 INFO  time: compiled ysyxsoc.test in 0.51s[0m
2026.05.04 12:20:06 INFO  compiling ysyxsoc.test (1 scala source)[0m
2026.05.04 12:20:07 INFO  time: compiled ysyxsoc.test in 1.09s[0m
May 04, 2026 12:20:36 PM org.eclipse.lsp4j.jsonrpc.RemoteEndpoint handleCancellation
WARNING: Unmatched cancel notification for request id 739
May 04, 2026 12:20:36 PM org.eclipse.lsp4j.jsonrpc.RemoteEndpoint handleCancellation
WARNING: Unmatched cancel notification for request id 740
2026.05.04 12:20:42 WARN  Could not find semantic tokens for: file:///home/nullstarfish/personal-ysyx-workbench/ysyxSoC/test/src/Keyboard.scala[0m
2026.05.04 12:20:43 WARN  Could not find semantic tokens for: file:///home/nullstarfish/personal-ysyx-workbench/ysyxSoC/test/src/Keyboard.scala[0m
May 04, 2026 12:20:50 PM org.eclipse.lsp4j.jsonrpc.RemoteEndpoint handleCancellation
WARNING: Unmatched cancel notification for request id 953
May 04, 2026 12:21:19 PM org.eclipse.lsp4j.jsonrpc.RemoteEndpoint handleCancellation
WARNING: Unmatched cancel notification for request id 1082
May 04, 2026 12:21:41 PM scala.meta.internal.pc.CompletionProvider expected$1
WARNING: Range [540, 540 + -1) out of bounds for length 568
2026.05.04 12:21:43 INFO  compiling ysyxsoc.test (1 scala source)[0m
2026.05.04 12:21:43 INFO  time: compiled ysyxsoc.test in 0.41s[0m
2026.05.04 12:21:54 INFO  compiling ysyxsoc.test (1 scala source)[0m
2026.05.04 12:21:54 INFO  time: compiled ysyxsoc.test in 0.15s[0m
2026.05.04 12:22:28 INFO  compiling ysyxsoc.test (1 scala source)[0m
2026.05.04 12:22:28 INFO  time: compiled ysyxsoc.test in 70ms[0m
2026.05.04 12:22:31 INFO  compiling ysyxsoc.test (1 scala source)[0m
2026.05.04 12:22:31 INFO  time: compiled ysyxsoc.test in 0.15s[0m
2026.05.04 12:22:59 INFO  compiling ysyxsoc.test (1 scala source)[0m
2026.05.04 12:23:00 INFO  time: compiled ysyxsoc.test in 1.03s[0m
2026.05.04 12:23:43 INFO  compiling ysyxsoc.test (1 scala source)[0m
2026.05.04 12:23:43 INFO  time: compiled ysyxsoc.test in 0.72s[0m
2026.05.04 12:24:05 INFO  compiling ysyxsoc.test (1 scala source)[0m
2026.05.04 12:24:05 INFO  time: compiled ysyxsoc.test in 0.49s[0m
2026.05.04 12:24:14 WARN  Could not find semantic tokens for: file:///home/nullstarfish/personal-ysyx-workbench/ysyxSoC/test/src/Keyboard.scala[0m
May 04, 2026 12:25:14 PM org.eclipse.lsp4j.jsonrpc.RemoteEndpoint handleCancellation
WARNING: Unmatched cancel notification for request id 1913
2026.05.04 12:26:52 INFO  compiling ysyxsoc.test (1 scala source)[0m
2026.05.04 12:26:52 INFO  time: compiled ysyxsoc.test in 0.24s[0m
2026.05.04 12:26:56 INFO  compiling ysyxsoc.test (1 scala source)[0m
2026.05.04 12:26:56 INFO  time: compiled ysyxsoc.test in 0.65s[0m
2026.05.04 13:40:24 INFO  compiling ysyxsoc (1 scala source)[0m
2026.05.04 13:40:27 WARN  2 deprecations (since rocketchip 2.0.0); re-run with -deprecation for details[0m
2026.05.04 13:40:27 INFO  time: compiled ysyxsoc in 2.37s[0m
May 04, 2026 1:41:54 PM org.eclipse.lsp4j.jsonrpc.RemoteEndpoint handleCancellation
WARNING: Unmatched cancel notification for request id 2253
May 04, 2026 1:42:11 PM org.eclipse.lsp4j.jsonrpc.RemoteEndpoint handleCancellation
WARNING: Unmatched cancel notification for request id 2423
May 04, 2026 1:42:11 PM org.eclipse.lsp4j.jsonrpc.RemoteEndpoint handleCancellation
WARNING: Unmatched cancel notification for request id 2426
May 04, 2026 1:42:35 PM org.eclipse.lsp4j.jsonrpc.RemoteEndpoint handleCancellation
WARNING: Unmatched cancel notification for request id 2713
2026.05.04 13:42:39 INFO  compiling ysyxsoc (1 scala source)[0m
2026.05.04 13:42:41 WARN  2 deprecations (since rocketchip 2.0.0); re-run with -deprecation for details[0m
2026.05.04 13:42:41 INFO  time: compiled ysyxsoc in 2.36s[0m
2026.05.04 13:43:05 INFO  compiling ysyxsoc (1 scala source)[0m
2026.05.04 13:43:06 WARN  2 deprecations (since rocketchip 2.0.0); re-run with -deprecation for details[0m
2026.05.04 13:43:06 INFO  time: compiled ysyxsoc in 1.18s[0m
May 04, 2026 1:43:19 PM org.eclipse.lsp4j.jsonrpc.RemoteEndpoint handleCancellation
WARNING: Unmatched cancel notification for request id 2965
2026.05.04 13:43:29 INFO  compiling ysyxsoc (1 scala source)[0m
2026.05.04 13:43:29 WARN  2 deprecations (since rocketchip 2.0.0); re-run with -deprecation for details[0m
2026.05.04 13:43:29 INFO  time: compiled ysyxsoc in 0.91s[0m
2026.05.04 13:43:33 INFO  compiling ysyxsoc (1 scala source)[0m
2026.05.04 13:43:34 WARN  2 deprecations (since rocketchip 2.0.0); re-run with -deprecation for details[0m
2026.05.04 13:43:34 INFO  time: compiled ysyxsoc in 1.14s[0m
May 04, 2026 1:44:02 PM org.eclipse.lsp4j.jsonrpc.RemoteEndpoint handleCancellation
WARNING: Unmatched cancel notification for request id 3161
May 04, 2026 1:44:10 PM org.eclipse.lsp4j.jsonrpc.RemoteEndpoint handleCancellation
WARNING: Unmatched cancel notification for request id 3320
2026.05.04 13:44:14 WARN  Could not find semantic tokens for: file:///home/nullstarfish/personal-ysyx-workbench/ysyxSoC/src/device/Keyboard.scala[0m
2026.05.04 13:44:14 WARN  Could not find semantic tokens for: file:///home/nullstarfish/personal-ysyx-workbench/ysyxSoC/src/device/Keyboard.scala[0m
2026.05.04 13:44:24 WARN  Could not find semantic tokens for: file:///home/nullstarfish/personal-ysyx-workbench/ysyxSoC/src/device/Keyboard.scala[0m
May 04, 2026 1:44:25 PM org.eclipse.lsp4j.jsonrpc.RemoteEndpoint handleCancellation
WARNING: Unmatched cancel notification for request id 3470
2026.05.04 13:44:28 WARN  Could not find semantic tokens for: file:///home/nullstarfish/personal-ysyx-workbench/ysyxSoC/src/device/Keyboard.scala[0m
May 04, 2026 1:44:32 PM org.eclipse.lsp4j.jsonrpc.RemoteEndpoint handleCancellation
WARNING: Unmatched cancel notification for request id 3534
2026.05.04 13:44:56 INFO  compiling ysyxsoc (1 scala source)[0m
2026.05.04 13:44:58 WARN  2 deprecations (since rocketchip 2.0.0); re-run with -deprecation for details[0m
2026.05.04 13:44:58 INFO  time: compiled ysyxsoc in 2.26s[0m
2026.05.04 13:45:26 WARN  Could not find semantic tokens for: file:///home/nullstarfish/personal-ysyx-workbench/ysyxSoC/src/device/Keyboard.scala[0m
May 04, 2026 1:45:34 PM org.eclipse.lsp4j.jsonrpc.RemoteEndpoint handleCancellation
WARNING: Unmatched cancel notification for request id 3939
May 04, 2026 1:45:43 PM org.eclipse.lsp4j.jsonrpc.RemoteEndpoint handleCancellation
WARNING: Unmatched cancel notification for request id 4066
2026.05.04 13:45:48 INFO  compiling ysyxsoc (1 scala source)[0m
2026.05.04 13:45:49 WARN  2 deprecations (since rocketchip 2.0.0); re-run with -deprecation for details[0m
2026.05.04 13:45:49 INFO  time: compiled ysyxsoc in 1.62s[0m
May 04, 2026 1:46:09 PM org.eclipse.lsp4j.jsonrpc.RemoteEndpoint handleCancellation
WARNING: Unmatched cancel notification for request id 4375
May 04, 2026 1:46:26 PM scala.meta.internal.pc.MetalsGlobal inverseSemanticdbSymbols
SEVERE: invalid SemanticDB symbol: ysyx/ps2Chisel#fifo.
-1 is out of bounds (min 0, max 2)
2026.05.04 13:46:26 INFO  Created report: Optional[file:///home/nullstarfish/personal-ysyx-workbench/ysyxSoC/src/device/Keyboard.scala][0m
2026.05.04 13:46:26 INFO  java.lang.IndexOutOfBoundsException: -1 is out of bounds (min 0, max 2) (full report at: "/home/nullstarfish/personal-ysyx-workbench/ysyxSoC/.metals/.reports/metals-full/2026-05-04/r_compiler-error_(ysyxsoc)_13-46-26-644.md")[0m
2026.05.04 13:46:26 WARN  Could not find semantic tokens for: file:///home/nullstarfish/personal-ysyx-workbench/ysyxSoC/src/device/Keyboard.scala[0m
2026.05.04 13:46:30 WARN  Could not find semantic tokens for: file:///home/nullstarfish/personal-ysyx-workbench/ysyxSoC/src/device/Keyboard.scala[0m
May 04, 2026 1:46:30 PM org.eclipse.lsp4j.jsonrpc.RemoteEndpoint handleCancellation
WARNING: Unmatched cancel notification for request id 4594
2026.05.04 13:46:31 WARN  Could not find semantic tokens for: file:///home/nullstarfish/personal-ysyx-workbench/ysyxSoC/src/device/Keyboard.scala[0m
2026.05.04 13:46:35 INFO  compiling ysyxsoc (1 scala source)[0m
2026.05.04 13:46:37 WARN  2 deprecations (since rocketchip 2.0.0); re-run with -deprecation for details[0m
2026.05.04 13:46:37 INFO  time: compiled ysyxsoc in 2.11s[0m
2026.05.04 13:46:52 INFO  compiling ysyxsoc (1 scala source)[0m
Exception in thread "pool-13-thread-1" java.lang.InterruptedException
	at scala.meta.internal.metals.FutureCancelToken.checkCanceled(FutureCancelToken.scala:29)
	at scala.meta.internal.pc.CompilerAccess.$anonfun$onCompilerJobQueue$1(CompilerAccess.scala:207)
	at scala.meta.internal.pc.CompilerJobQueue$Job.run(CompilerJobQueue.scala:152)
	at java.base/java.util.concurrent.ThreadPoolExecutor.runWorker(ThreadPoolExecutor.java:1144)
	at java.base/java.util.concurrent.ThreadPoolExecutor$Worker.run(ThreadPoolExecutor.java:642)
	at java.base/java.lang.Thread.run(Thread.java:1583)
2026.05.04 13:46:53 WARN  2 deprecations (since rocketchip 2.0.0); re-run with -deprecation for details[0m
2026.05.04 13:46:53 INFO  time: compiled ysyxsoc in 1.6s[0m
May 04, 2026 1:48:54 PM org.eclipse.lsp4j.jsonrpc.RemoteEndpoint handleCancellation
WARNING: Unmatched cancel notification for request id 5000
May 04, 2026 1:48:54 PM org.eclipse.lsp4j.jsonrpc.RemoteEndpoint handleCancellation
WARNING: Unmatched cancel notification for request id 5001
May 04, 2026 1:49:00 PM org.eclipse.lsp4j.jsonrpc.RemoteEndpoint handleCancellation
WARNING: Unmatched cancel notification for request id 5125
May 04, 2026 1:49:00 PM org.eclipse.lsp4j.jsonrpc.RemoteEndpoint handleCancellation
WARNING: Unmatched cancel notification for request id 5126
2026.05.04 13:49:02 INFO  compiling ysyxsoc (1 scala source)[0m
2026.05.04 13:49:02 INFO  time: compiled ysyxsoc in 0.87s[0m
2026.05.04 13:49:03 WARN  Could not load snapshot text for /home/nullstarfish/personal-ysyx-workbench/ysyxSoC/src/device/Keyboard.scala[0m
2026.05.04 13:49:09 INFO  compiling ysyxsoc (1 scala source)[0m
2026.05.04 13:49:10 WARN  2 deprecations (since rocketchip 2.0.0); re-run with -deprecation for details[0m
2026.05.04 13:49:10 INFO  time: compiled ysyxsoc in 1.75s[0m
2026.05.04 13:50:07 WARN  Could not find semantic tokens for: file:///home/nullstarfish/personal-ysyx-workbench/ysyxSoC/src/device/Keyboard.scala[0m
2026.05.04 13:50:07 WARN  Could not find semantic tokens for: file:///home/nullstarfish/personal-ysyx-workbench/ysyxSoC/src/device/Keyboard.scala[0m
2026.05.04 13:50:08 INFO  compiling ysyxsoc (1 scala source)[0m
2026.05.04 13:50:10 WARN  2 deprecations (since rocketchip 2.0.0); re-run with -deprecation for details[0m
2026.05.04 13:50:10 INFO  time: compiled ysyxsoc in 1.51s[0m
2026.05.04 13:50:57 INFO  compiling ysyxsoc (1 scala source)[0m
2026.05.04 13:50:59 WARN  2 deprecations (since rocketchip 2.0.0); re-run with -deprecation for details[0m
2026.05.04 13:50:59 INFO  time: compiled ysyxsoc in 1.29s[0m
2026.05.04 13:53:02 INFO  compiling ysyxsoc (1 scala source)[0m
2026.05.04 13:53:04 WARN  2 deprecations (since rocketchip 2.0.0); re-run with -deprecation for details[0m
2026.05.04 13:53:04 INFO  time: compiled ysyxsoc in 2.49s[0m
2026.05.04 13:55:15 INFO  compiling ysyxsoc (1 scala source)[0m
2026.05.04 13:55:17 WARN  2 deprecations (since rocketchip 2.0.0); re-run with -deprecation for details[0m
2026.05.04 13:55:17 INFO  time: compiled ysyxsoc in 2.63s[0m
2026.05.04 13:56:35 INFO  compiling ysyxsoc (1 scala source)[0m
2026.05.04 13:56:37 WARN  2 deprecations (since rocketchip 2.0.0); re-run with -deprecation for details[0m
2026.05.04 13:56:37 INFO  time: compiled ysyxsoc in 2.44s[0m
2026.05.04 13:58:10 INFO  compiling ysyxsoc (1 scala source)[0m
2026.05.04 13:58:12 WARN  2 deprecations (since rocketchip 2.0.0); re-run with -deprecation for details[0m
2026.05.04 13:58:12 INFO  time: compiled ysyxsoc in 2.46s[0m
2026.05.04 14:00:23 WARN  Could not find semantic tokens for: file:///home/nullstarfish/personal-ysyx-workbench/ysyxSoC/src/device/Keyboard.scala[0m
2026.05.04 14:00:28 INFO  compiling ysyxsoc (1 scala source)[0m
May 04, 2026 2:00:28 PM scala.meta.internal.pc.CompletionProvider expected$1
WARNING: Range [1319, 1319 + -1) out of bounds for length 2751
2026.05.04 14:00:28 INFO  time: compiled ysyxsoc in 0.92s[0m
2026.05.04 14:00:59 INFO  compiling ysyxsoc (1 scala source)[0m
2026.05.04 14:00:59 INFO  time: compiled ysyxsoc in 98ms[0m
2026.05.04 14:01:04 INFO  compiling ysyxsoc (1 scala source)[0m
2026.05.04 14:01:06 WARN  2 deprecations (since rocketchip 2.0.0); re-run with -deprecation for details[0m
2026.05.04 14:01:06 INFO  time: compiled ysyxsoc in 1.85s[0m
2026.05.04 14:01:16 INFO  compiling ysyxsoc (1 scala source)[0m
2026.05.04 14:01:17 WARN  2 deprecations (since rocketchip 2.0.0); re-run with -deprecation for details[0m
2026.05.04 14:01:17 INFO  time: compiled ysyxsoc in 1.14s[0m
May 04, 2026 2:01:24 PM org.eclipse.lsp4j.jsonrpc.RemoteEndpoint handleCancellation
WARNING: Unmatched cancel notification for request id 6564
May 04, 2026 2:01:24 PM org.eclipse.lsp4j.jsonrpc.RemoteEndpoint handleCancellation
WARNING: Unmatched cancel notification for request id 6565
May 04, 2026 2:01:34 PM org.eclipse.lsp4j.jsonrpc.RemoteEndpoint handleCancellation
WARNING: Unmatched cancel notification for request id 6790
May 04, 2026 2:03:13 PM org.eclipse.lsp4j.jsonrpc.RemoteEndpoint handleCancellation
WARNING: Unmatched cancel notification for request id 6941
May 04, 2026 2:03:13 PM org.eclipse.lsp4j.jsonrpc.RemoteEndpoint handleCancellation
WARNING: Unmatched cancel notification for request id 6942
2026.05.04 14:03:17 INFO  compiling ysyxsoc (1 scala source)[0m
2026.05.04 14:03:19 WARN  2 deprecations (since rocketchip 2.0.0); re-run with -deprecation for details[0m
2026.05.04 14:03:19 INFO  time: compiled ysyxsoc in 2.48s[0m
May 04, 2026 2:03:27 PM org.eclipse.lsp4j.jsonrpc.RemoteEndpoint handleCancellation
WARNING: Unmatched cancel notification for request id 7137
May 04, 2026 2:03:27 PM org.eclipse.lsp4j.jsonrpc.RemoteEndpoint handleCancellation
WARNING: Unmatched cancel notification for request id 7147
May 04, 2026 2:03:27 PM org.eclipse.lsp4j.jsonrpc.RemoteEndpoint handleCancellation
WARNING: Unmatched cancel notification for request id 7148
2026.05.04 14:03:33 INFO  compiling ysyxsoc (1 scala source)[0m
2026.05.04 14:03:34 WARN  2 deprecations (since rocketchip 2.0.0); re-run with -deprecation for details[0m
2026.05.04 14:03:34 INFO  time: compiled ysyxsoc in 1.13s[0m
2026.05.04 14:03:40 INFO  compiling ysyxsoc (1 scala source)[0m
2026.05.04 14:03:40 WARN  2 deprecations (since rocketchip 2.0.0); re-run with -deprecation for details[0m
2026.05.04 14:03:41 INFO  time: compiled ysyxsoc in 1.03s[0m
2026.05.04 14:03:49 INFO  compiling ysyxsoc (1 scala source)[0m
2026.05.04 14:03:49 WARN  2 deprecations (since rocketchip 2.0.0); re-run with -deprecation for details[0m
2026.05.04 14:03:49 INFO  time: compiled ysyxsoc in 0.91s[0m
2026.05.04 14:11:56 INFO  compiling ysyxsoc (1 scala source)[0m
2026.05.04 14:11:58 WARN  2 deprecations (since rocketchip 2.0.0); re-run with -deprecation for details[0m
2026.05.04 14:11:58 INFO  time: compiled ysyxsoc in 2.52s[0m
May 04, 2026 2:14:31 PM org.eclipse.lsp4j.jsonrpc.RemoteEndpoint handleCancellation
WARNING: Unmatched cancel notification for request id 7703
May 04, 2026 2:14:31 PM org.eclipse.lsp4j.jsonrpc.RemoteEndpoint handleCancellation
WARNING: Unmatched cancel notification for request id 7704
May 04, 2026 2:14:31 PM org.eclipse.lsp4j.jsonrpc.RemoteEndpoint handleCancellation
WARNING: Unmatched cancel notification for request id 7705
2026.05.04 14:14:35 WARN  Could not find semantic tokens for: file:///home/nullstarfish/personal-ysyx-workbench/ysyxSoC/src/device/Keyboard.scala[0m
May 04, 2026 2:14:47 PM org.eclipse.lsp4j.jsonrpc.RemoteEndpoint handleCancellation
WARNING: Unmatched cancel notification for request id 7977
May 04, 2026 2:14:47 PM org.eclipse.lsp4j.jsonrpc.RemoteEndpoint handleCancellation
WARNING: Unmatched cancel notification for request id 7978
2026.05.04 14:14:48 INFO  compiling ysyxsoc (1 scala source)[0m
2026.05.04 14:14:50 WARN  2 deprecations (since rocketchip 2.0.0); re-run with -deprecation for details[0m
2026.05.04 14:14:50 INFO  time: compiled ysyxsoc in 2.76s[0m
2026.05.04 14:14:52 INFO  compiling ysyxsoc (1 scala source)[0m
2026.05.04 14:14:53 WARN  2 deprecations (since rocketchip 2.0.0); re-run with -deprecation for details[0m
2026.05.04 14:14:53 INFO  time: compiled ysyxsoc in 1.26s[0m
2026.05.04 14:14:54 INFO  compiling ysyxsoc (1 scala source)[0m
2026.05.04 14:14:56 WARN  2 deprecations (since rocketchip 2.0.0); re-run with -deprecation for details[0m
2026.05.04 14:14:56 INFO  time: compiled ysyxsoc in 1.34s[0m
May 04, 2026 2:26:12 PM org.eclipse.lsp4j.jsonrpc.RemoteEndpoint handleCancellation
WARNING: Unmatched cancel notification for request id 8057
May 04, 2026 2:26:14 PM org.eclipse.lsp4j.jsonrpc.RemoteEndpoint handleCancellation
WARNING: Unmatched cancel notification for request id 8073
May 04, 2026 2:26:14 PM org.eclipse.lsp4j.jsonrpc.RemoteEndpoint handleCancellation
WARNING: Unmatched cancel notification for request id 8079
May 04, 2026 2:26:14 PM org.eclipse.lsp4j.jsonrpc.RemoteEndpoint handleCancellation
WARNING: Unmatched cancel notification for request id 8080
May 04, 2026 2:26:14 PM org.eclipse.lsp4j.jsonrpc.RemoteEndpoint handleCancellation
WARNING: Unmatched cancel notification for request id 8084
2026.05.04 14:26:29 INFO  compiling ysyxsoc (1 scala source)[0m
2026.05.04 14:26:31 WARN  2 deprecations (since rocketchip 2.0.0); re-run with -deprecation for details[0m
2026.05.04 14:26:31 INFO  time: compiled ysyxsoc in 2.66s[0m
2026.05.04 14:29:39 INFO  compiling ysyxsoc (1 scala source)[0m
2026.05.04 14:29:39 INFO  time: compiled ysyxsoc in 0.27s[0m
2026.05.04 14:29:41 INFO  compiling ysyxsoc (1 scala source)[0m
2026.05.04 14:29:43 WARN  2 deprecations (since rocketchip 2.0.0); re-run with -deprecation for details[0m
2026.05.04 14:29:43 INFO  time: compiled ysyxsoc in 2.47s[0m
2026.05.04 14:31:12 INFO  compiling ysyxsoc (1 scala source)[0m
2026.05.04 14:31:15 WARN  2 deprecations (since rocketchip 2.0.0); re-run with -deprecation for details[0m
2026.05.04 14:31:15 INFO  time: compiled ysyxsoc in 2.65s[0m
2026.05.04 14:33:47 INFO  compiling ysyxsoc (1 scala source)[0m
2026.05.04 14:33:50 WARN  2 deprecations (since rocketchip 2.0.0); re-run with -deprecation for details[0m
2026.05.04 14:33:50 INFO  time: compiled ysyxsoc in 2.8s[0m
2026.05.04 14:36:16 INFO  compiling ysyxsoc (1 scala source)[0m
2026.05.04 14:36:18 WARN  2 deprecations (since rocketchip 2.0.0); re-run with -deprecation for details[0m
2026.05.04 14:36:18 INFO  time: compiled ysyxsoc in 2.58s[0m
2026.05.04 14:36:51 INFO  compiling ysyxsoc (1 scala source)[0m
2026.05.04 14:36:52 WARN  2 deprecations (since rocketchip 2.0.0); re-run with -deprecation for details[0m
2026.05.04 14:36:52 INFO  time: compiled ysyxsoc in 1.45s[0m
May 04, 2026 2:37:05 PM org.eclipse.lsp4j.jsonrpc.RemoteEndpoint handleCancellation
WARNING: Unmatched cancel notification for request id 9269
May 04, 2026 2:39:36 PM org.eclipse.lsp4j.jsonrpc.RemoteEndpoint handleCancellation
WARNING: Unmatched cancel notification for request id 9337
May 04, 2026 2:39:36 PM org.eclipse.lsp4j.jsonrpc.RemoteEndpoint handleCancellation
WARNING: Unmatched cancel notification for request id 9338
May 04, 2026 2:39:37 PM org.eclipse.lsp4j.jsonrpc.RemoteEndpoint handleCancellation
WARNING: Unmatched cancel notification for request id 9379
2026.05.04 14:39:38 INFO  compiling ysyxsoc (1 scala source)[0m
2026.05.04 14:39:41 WARN  2 deprecations (since rocketchip 2.0.0); re-run with -deprecation for details[0m
2026.05.04 14:39:41 INFO  time: compiled ysyxsoc in 2.83s[0m
2026.05.05 10:38:21 INFO  tracing is disabled for protocol LSP, to enable tracing of incoming and outgoing JSON messages create an empty file at /home/nullstarfish/personal-ysyx-workbench/ysyxSoC/.metals/lsp.trace.json[0m
2026.05.05 10:38:22 INFO  logging to files /home/nullstarfish/personal-ysyx-workbench/ysyxSoC/.metals/metals.log[0m
2026.05.05 10:38:22 INFO  Started: Metals version 1.6.7 in folders '/home/nullstarfish/personal-ysyx-workbench/ysyxSoC' for client Visual Studio Code 1.118.1.[0m
2026.05.05 10:38:22 INFO  Memory monitor started[0m
2026.05.05 10:38:24 WARN  Using H2 2.4.240 which is newer than the version Flyway has been verified with. The latest verified version of H2 is 2.3.232.[0m
2026.05.05 10:38:24 INFO  no build target found for /home/nullstarfish/personal-ysyx-workbench/ysyxSoC/src/device/Keyboard.scala. Using presentation compiler with project's scala-library version: 3.3.7[0m
2026.05.05 10:38:25 INFO  Attempting to connect to the build server...[0m
2026.05.05 10:38:25 INFO  No running Bloop server found, starting one.[0m
2026.05.05 10:38:27 INFO  Starting compilation server[0m
2026.05.05 10:38:28 INFO  no build target found for /home/nullstarfish/personal-ysyx-workbench/ysyxSoC/src/device/Keyboard.scala. Using presentation compiler with project's scala-library version: 3.3.7[0m
2026.05.05 10:38:28 INFO  no build target found for /home/nullstarfish/personal-ysyx-workbench/ysyxSoC/src/device/Keyboard.scala. Using presentation compiler with project's scala-library version: 3.3.7[0m
2026.05.05 10:38:29 INFO  tracing is disabled for protocol BSP, to enable tracing of incoming and outgoing JSON messages create an empty file at /home/nullstarfish/personal-ysyx-workbench/ysyxSoC/.metals/bsp.trace.json[0m
2026.05.05 10:38:34 INFO  time: Connected to build server in 9.37s[0m
2026.05.05 10:38:34 INFO  Connected to Build server: Bloop v2.0.19[0m
2026.05.05 10:38:35 INFO  time: Imported build in 0.23s[0m
2026.05.05 10:38:35 WARN  2.13.14 is no longer supported in the current Metals versions, using the last known supported version 1.6.3[0m
2026.05.05 10:38:38 INFO  Created report: Optional[file:///home/nullstarfish/personal-ysyx-workbench/ysyxSoC/file:/home/nullstarfish/personal-ysyx-workbench/ysyxSoC/rocket-chip/src/main/scala/prci/ClockDomain.scala][0m
2026.05.05 10:38:38 INFO  expected identifier; obtained this (full report at: "/home/nullstarfish/personal-ysyx-workbench/ysyxSoC/.metals/.reports/metals/2026-05-05/r_scala-toplevel-mtags_10-38-38-805.md")[0m
2026.05.05 10:38:39 WARN  Could not find java sources in /usr/lib/jvm/src.zip, /usr/lib/jvm/lib/src.zip, /usr/lib/jvm/java-21-openjdk-amd64/src.zip, /usr/lib/jvm/java-21-openjdk-amd64/lib/src.zip. Java symbols will not be available.[0m
2026.05.05 10:38:39 INFO  time: indexed workspace in 4.94s[0m
2026.05.05 10:38:40 INFO  compiling rocketchip.macros (1 scala source)[0m
2026.05.05 10:38:40 INFO  compiling rocketchip.cde (1 scala source)[0m
2026.05.05 10:38:40 INFO  compiling rocketchip.hardfloat (20 scala sources)[0m
2026.05.05 10:38:43 INFO  time: compiled rocketchip.macros in 2.57s[0m
2026.05.05 10:38:43 INFO  time: compiled rocketchip.cde in 2.57s[0m
2026.05.05 10:38:43 INFO  compiling rocketchip.diplomacy (36 scala sources)[0m
2026.05.05 10:38:49 INFO  time: compiled rocketchip.diplomacy in 6.62s[0m
2026.05.05 10:38:49 INFO  time: compiled rocketchip.hardfloat in 9.62s[0m
2026.05.05 10:38:51 INFO  compiling rocketchip (317 scala sources)[0m
May 05, 2026 10:39:09 AM org.eclipse.lsp4j.jsonrpc.RemoteEndpoint handleCancellation
WARNING: Unmatched cancel notification for request id 18
2026.05.05 10:39:37 WARN  7 deprecations[0m
2026.05.05 10:39:37 WARN  78 deprecations (since 2.13.0)[0m
2026.05.05 10:39:37 WARN  1 deprecation (since 2.13.7)[0m
2026.05.05 10:39:37 WARN  1 deprecation (since 9)[0m
2026.05.05 10:39:37 WARN  27 deprecations (since CDE 0.1)[0m
2026.05.05 10:39:37 WARN  10 deprecations (since diplomacy 1.0.0)[0m
2026.05.05 10:39:37 WARN  1 deprecation (since rocket-chip 1.2)[0m
2026.05.05 10:39:37 WARN  36 deprecations (since rocketchip 2.0.0)[0m
2026.05.05 10:39:37 WARN  161 deprecations in total; re-run with -deprecation for details[0m
2026.05.05 10:39:37 WARN  20 feature warnings; re-run with -feature for details[0m
2026.05.05 10:39:37 INFO  compiling ysyxsoc (37 scala sources)[0m
2026.05.05 10:39:38 INFO  time: compiled rocketchip in 47s[0m
2026.05.05 10:39:43 WARN  1 deprecation (since 2.13.0)[0m
2026.05.05 10:39:43 WARN  1 deprecation (since 2.13.3)[0m
2026.05.05 10:39:43 WARN  90 deprecations (since rocketchip 2.0.0)[0m
2026.05.05 10:39:43 WARN  92 deprecations in total; re-run with -deprecation for details[0m
2026.05.05 10:39:43 INFO  time: compiled ysyxsoc in 5.45s[0m
2026.05.05 13:29:40 INFO  compiling ysyxsoc (1 scala source)[0m
2026.05.05 13:29:42 WARN  2 deprecations (since rocketchip 2.0.0); re-run with -deprecation for details[0m
2026.05.05 13:29:42 INFO  time: compiled ysyxsoc in 2.79s[0m
Exception in thread "pool-6-thread-1" java.lang.InterruptedException
	at scala.meta.internal.metals.FutureCancelToken.checkCanceled(FutureCancelToken.scala:29)
	at scala.meta.internal.pc.CompilerAccess.$anonfun$onCompilerJobQueue$1(CompilerAccess.scala:207)
	at scala.meta.internal.pc.CompilerJobQueue$Job.run(CompilerJobQueue.scala:152)
	at java.base/java.util.concurrent.ThreadPoolExecutor.runWorker(ThreadPoolExecutor.java:1144)
	at java.base/java.util.concurrent.ThreadPoolExecutor$Worker.run(ThreadPoolExecutor.java:642)
	at java.base/java.lang.Thread.run(Thread.java:1583)
May 05, 2026 1:32:46 PM org.eclipse.lsp4j.jsonrpc.RemoteEndpoint handleCancellation
WARNING: Unmatched cancel notification for request id 489
May 05, 2026 1:32:47 PM org.eclipse.lsp4j.jsonrpc.RemoteEndpoint handleCancellation
WARNING: Unmatched cancel notification for request id 499
2026.05.05 13:35:56 INFO  compiling ysyxsoc (1 scala source)[0m
2026.05.05 13:35:56 INFO  time: compiled ysyxsoc in 0.86s[0m
2026.05.05 13:44:03 INFO  compiling ysyxsoc (1 scala source)[0m
2026.05.05 13:44:03 INFO  time: compiled ysyxsoc in 0.87s[0m
May 05, 2026 1:44:14 PM scala.meta.internal.pc.CompilerAccess retryWithCleanCompiler
INFO: compiler crashed due to an error in the Scala compiler, retrying with new compiler instance.
2026.05.05 13:44:14 INFO  Created report: Optional[file:///home/nullstarfish/personal-ysyx-workbench/ysyxSoC/src/device/VGA.scala][0m
2026.05.05 13:44:14 INFO  scala.ScalaReflectionException: value enable is not a method (full report at: "/home/nullstarfish/personal-ysyx-workbench/ysyxSoC/.metals/.reports/metals-full/2026-05-05/r_compiler-error_(ysyxsoc)_13-44-14-675.md")[0m
2026.05.05 13:44:14 WARN  Could not find semantic tokens for: file:///home/nullstarfish/personal-ysyx-workbench/ysyxSoC/src/device/VGA.scala[0m
2026.05.05 13:44:17 INFO  compiling ysyxsoc (1 scala source)[0m
2026.05.05 13:44:17 INFO  time: compiled ysyxsoc in 0.29s[0m
May 05, 2026 1:44:25 PM org.eclipse.lsp4j.jsonrpc.RemoteEndpoint handleCancellation
WARNING: Unmatched cancel notification for request id 1058
2026.05.05 13:44:29 INFO  compiling ysyxsoc (1 scala source)[0m
2026.05.05 13:44:31 WARN  2 deprecations (since rocketchip 2.0.0); re-run with -deprecation for details[0m
2026.05.05 13:44:31 INFO  time: compiled ysyxsoc in 1.66s[0m
May 05, 2026 1:45:14 PM org.eclipse.lsp4j.jsonrpc.RemoteEndpoint handleCancellation
WARNING: Unmatched cancel notification for request id 1164
May 05, 2026 1:45:53 PM org.eclipse.lsp4j.jsonrpc.RemoteEndpoint handleCancellation
WARNING: Unmatched cancel notification for request id 1426
May 05, 2026 1:45:53 PM org.eclipse.lsp4j.jsonrpc.RemoteEndpoint handleCancellation
WARNING: Unmatched cancel notification for request id 1432
May 05, 2026 1:45:53 PM org.eclipse.lsp4j.jsonrpc.RemoteEndpoint handleCancellation
WARNING: Unmatched cancel notification for request id 1439
May 05, 2026 1:45:53 PM org.eclipse.lsp4j.jsonrpc.RemoteEndpoint handleCancellation
WARNING: Unmatched cancel notification for request id 1444
May 05, 2026 1:46:00 PM org.eclipse.lsp4j.jsonrpc.RemoteEndpoint handleCancellation
WARNING: Unmatched cancel notification for request id 1514
2026.05.05 13:46:31 INFO  compiling ysyxsoc (1 scala source)[0m
2026.05.05 13:46:31 INFO  time: compiled ysyxsoc in 0.33s[0m
May 05, 2026 1:55:22 PM org.eclipse.lsp4j.jsonrpc.RemoteEndpoint handleCancellation
WARNING: Unmatched cancel notification for request id 1739
2026.05.05 13:55:32 INFO  compiling ysyxsoc (1 scala source)[0m
2026.05.05 13:55:32 INFO  time: compiled ysyxsoc in 0.3s[0m
2026.05.05 13:55:43 WARN  Could not find semantic tokens for: file:///home/nullstarfish/personal-ysyx-workbench/ysyxSoC/src/device/VGA.scala[0m
May 05, 2026 1:55:43 PM org.eclipse.lsp4j.jsonrpc.RemoteEndpoint handleCancellation
WARNING: Unmatched cancel notification for request id 1949
May 05, 2026 1:55:58 PM org.eclipse.lsp4j.jsonrpc.RemoteEndpoint handleCancellation
WARNING: Unmatched cancel notification for request id 2205
May 05, 2026 1:56:02 PM scala.meta.internal.pc.CompilerAccess retryWithCleanCompiler
INFO: compiler crashed due to an error in the Scala compiler, retrying with new compiler instance.
2026.05.05 13:56:02 INFO  Created report: Optional[file:///home/nullstarfish/personal-ysyx-workbench/ysyxSoC/src/device/VGA.scala][0m
2026.05.05 13:56:02 INFO  scala.ScalaReflectionException: value readEn is not a method (full report at: "/home/nullstarfish/personal-ysyx-workbench/ysyxSoC/.metals/.reports/metals-full/2026-05-05/r_compiler-error_(ysyxsoc)_13-56-02-679.md")[0m
2026.05.05 13:56:02 WARN  Could not find semantic tokens for: file:///home/nullstarfish/personal-ysyx-workbench/ysyxSoC/src/device/VGA.scala[0m
May 05, 2026 1:56:03 PM scala.meta.internal.pc.CompilerAccess retryWithCleanCompiler
INFO: compiler crashed due to an error in the Scala compiler, retrying with new compiler instance.
2026.05.05 13:56:02 INFO  Created report: Optional[file:///home/nullstarfish/personal-ysyx-workbench/ysyxSoC/src/device/VGA.scala][0m
2026.05.05 13:56:02 INFO  scala.ScalaReflectionException: value readEn is not a method (full report at: "/home/nullstarfish/personal-ysyx-workbench/ysyxSoC/.metals/.reports/metals-full/2026-05-05/r_compiler-error_(ysyxsoc)_13-56-03-174.md")[0m
2026.05.05 13:56:03 WARN  Could not find semantic tokens for: file:///home/nullstarfish/personal-ysyx-workbench/ysyxSoC/src/device/VGA.scala[0m
May 05, 2026 1:56:07 PM org.eclipse.lsp4j.jsonrpc.RemoteEndpoint handleCancellation
WARNING: Unmatched cancel notification for request id 2349
May 05, 2026 1:56:12 PM scala.meta.internal.pc.CompilerAccess retryWithCleanCompiler
INFO: compiler crashed due to an error in the Scala compiler, retrying with new compiler instance.
2026.05.05 13:56:12 INFO  Created report: Optional[file:///home/nullstarfish/personal-ysyx-workbench/ysyxSoC/src/device/VGA.scala][0m
2026.05.05 13:56:12 INFO  scala.ScalaReflectionException: value readEn is not a method (full report at: "/home/nullstarfish/personal-ysyx-workbench/ysyxSoC/.metals/.reports/metals-full/2026-05-05/r_compiler-error_(ysyxsoc)_13-56-12-683.md")[0m
2026.05.05 13:56:12 WARN  Could not find semantic tokens for: file:///home/nullstarfish/personal-ysyx-workbench/ysyxSoC/src/device/VGA.scala[0m
May 05, 2026 1:56:27 PM org.eclipse.lsp4j.jsonrpc.RemoteEndpoint handleCancellation
WARNING: Unmatched cancel notification for request id 2579
2026.05.05 13:56:27 WARN  Could not find semantic tokens for: file:///home/nullstarfish/personal-ysyx-workbench/ysyxSoC/src/device/VGA.scala[0m
May 05, 2026 1:57:08 PM org.eclipse.lsp4j.jsonrpc.RemoteEndpoint handleCancellation
WARNING: Unmatched cancel notification for request id 2927
2026.05.05 13:57:20 WARN  Could not find semantic tokens for: file:///home/nullstarfish/personal-ysyx-workbench/ysyxSoC/src/device/VGA.scala[0m
2026.05.05 13:57:38 INFO  compiling ysyxsoc (1 scala source)[0m
2026.05.05 13:57:38 INFO  time: compiled ysyxsoc in 0.63s[0m
2026.05.05 13:57:43 INFO  compiling ysyxsoc (1 scala source)[0m
2026.05.05 13:57:45 WARN  2 deprecations (since rocketchip 2.0.0); re-run with -deprecation for details[0m
2026.05.05 13:57:45 INFO  time: compiled ysyxsoc in 1.78s[0m
2026.05.05 13:57:54 INFO  compiling ysyxsoc (1 scala source)[0m
2026.05.05 13:57:54 WARN  2 deprecations (since rocketchip 2.0.0); re-run with -deprecation for details[0m
2026.05.05 13:57:55 INFO  time: compiled ysyxsoc in 1.05s[0m
May 05, 2026 1:58:03 PM scala.meta.internal.pc.CompilerAccess retryWithCleanCompiler
INFO: compiler crashed due to an error in the Scala compiler, retrying with new compiler instance.
2026.05.05 13:58:03 INFO  Created report: Optional[file:///home/nullstarfish/personal-ysyx-workbench/ysyxSoC/src/device/VGA.scala][0m
2026.05.05 13:58:03 INFO  scala.ScalaReflectionException: value writeEn is not a method (full report at: "/home/nullstarfish/personal-ysyx-workbench/ysyxSoC/.metals/.reports/metals-full/2026-05-05/r_compiler-error_(ysyxsoc)_13-58-03-765.md")[0m
2026.05.05 13:58:03 WARN  Could not find semantic tokens for: file:///home/nullstarfish/personal-ysyx-workbench/ysyxSoC/src/device/VGA.scala[0m
May 05, 2026 1:58:05 PM org.eclipse.lsp4j.jsonrpc.RemoteEndpoint handleCancellation
WARNING: Unmatched cancel notification for request id 3527
May 05, 2026 1:58:08 PM scala.meta.internal.pc.CompilerAccess retryWithCleanCompiler
INFO: compiler crashed due to an error in the Scala compiler, retrying with new compiler instance.
2026.05.05 13:58:08 INFO  Created report: Optional[file:///home/nullstarfish/personal-ysyx-workbench/ysyxSoC/src/device/VGA.scala][0m
2026.05.05 13:58:08 INFO  scala.ScalaReflectionException: value writeEn is not a method (full report at: "/home/nullstarfish/personal-ysyx-workbench/ysyxSoC/.metals/.reports/metals-full/2026-05-05/r_compiler-error_(ysyxsoc)_13-58-08-534.md")[0m
2026.05.05 13:58:08 WARN  Could not find semantic tokens for: file:///home/nullstarfish/personal-ysyx-workbench/ysyxSoC/src/device/VGA.scala[0m
2026.05.05 13:58:10 WARN  Could not find semantic tokens for: file:///home/nullstarfish/personal-ysyx-workbench/ysyxSoC/src/device/VGA.scala[0m
2026.05.05 13:58:14 INFO  compiling ysyxsoc (1 scala source)[0m
2026.05.05 13:58:14 WARN  2 deprecations (since rocketchip 2.0.0); re-run with -deprecation for details[0m
2026.05.05 13:58:14 INFO  time: compiled ysyxsoc in 0.88s[0m
2026.05.05 13:58:18 WARN  Could not find semantic tokens for: file:///home/nullstarfish/personal-ysyx-workbench/ysyxSoC/src/device/VGA.scala[0m
2026.05.05 13:58:38 WARN  Could not find semantic tokens for: file:///home/nullstarfish/personal-ysyx-workbench/ysyxSoC/src/device/VGA.scala[0m
2026.05.05 14:01:19 INFO  compiling ysyxsoc (1 scala source)[0m
2026.05.05 14:01:19 INFO  time: compiled ysyxsoc in 0.27s[0m
2026.05.05 14:01:21 INFO  compiling ysyxsoc (1 scala source)[0m
2026.05.05 14:01:21 INFO  time: compiled ysyxsoc in 0.13s[0m
May 05, 2026 2:01:36 PM org.eclipse.lsp4j.jsonrpc.RemoteEndpoint handleCancellation
WARNING: Unmatched cancel notification for request id 4283
May 05, 2026 2:01:45 PM org.eclipse.lsp4j.jsonrpc.RemoteEndpoint handleCancellation
WARNING: Unmatched cancel notification for request id 4403
2026.05.05 14:01:52 WARN  Could not find semantic tokens for: file:///home/nullstarfish/personal-ysyx-workbench/ysyxSoC/src/device/VGA.scala[0m
May 05, 2026 2:02:29 PM org.eclipse.lsp4j.jsonrpc.RemoteEndpoint handleCancellation
WARNING: Unmatched cancel notification for request id 4636
2026.05.05 14:02:32 INFO  compiling ysyxsoc (1 scala source)[0m
2026.05.05 14:02:32 INFO  time: compiled ysyxsoc in 0.18s[0m
2026.05.05 14:03:09 INFO  compiling ysyxsoc (1 scala source)[0m
2026.05.05 14:03:09 INFO  time: compiled ysyxsoc in 0.15s[0m
2026.05.05 14:03:24 WARN  Could not find semantic tokens for: file:///home/nullstarfish/personal-ysyx-workbench/ysyxSoC/src/device/VGA.scala[0m
2026.05.05 14:03:26 INFO  compiling ysyxsoc (1 scala source)[0m
2026.05.05 14:03:26 INFO  time: compiled ysyxsoc in 0.51s[0m
May 05, 2026 2:04:14 PM org.eclipse.lsp4j.jsonrpc.RemoteEndpoint handleCancellation
WARNING: Unmatched cancel notification for request id 5019
2026.05.05 14:04:15 INFO  compiling ysyxsoc (1 scala source)[0m
2026.05.05 14:04:16 WARN  2 deprecations (since rocketchip 2.0.0); re-run with -deprecation for details[0m
2026.05.05 14:04:16 INFO  time: compiled ysyxsoc in 2.23s[0m
2026.05.05 14:16:14 INFO  compiling ysyxsoc (1 scala source)[0m
2026.05.05 14:16:14 INFO  time: compiled ysyxsoc in 0.73s[0m
2026.05.05 14:16:15 WARN  Could not load snapshot text for /home/nullstarfish/personal-ysyx-workbench/ysyxSoC/src/device/VGA.scala[0m
2026.05.05 14:16:20 WARN  Could not load snapshot text for /home/nullstarfish/personal-ysyx-workbench/ysyxSoC/src/device/VGA.scala[0m
2026.05.05 14:16:21 WARN  Could not load snapshot text for /home/nullstarfish/personal-ysyx-workbench/ysyxSoC/src/device/VGA.scala[0m
2026.05.05 14:16:23 INFO  compiling ysyxsoc (1 scala source)[0m
2026.05.05 14:16:24 WARN  2 deprecations (since rocketchip 2.0.0); re-run with -deprecation for details[0m
2026.05.05 14:16:24 INFO  time: compiled ysyxsoc in 1.8s[0m
May 05, 2026 2:16:31 PM org.eclipse.lsp4j.jsonrpc.RemoteEndpoint handleCancellation
WARNING: Unmatched cancel notification for request id 5364
2026.05.05 14:16:44 INFO  compiling ysyxsoc (1 scala source)[0m
2026.05.05 14:16:44 WARN  2 deprecations (since rocketchip 2.0.0); re-run with -deprecation for details[0m
2026.05.05 14:16:45 INFO  time: compiled ysyxsoc in 1.02s[0m
2026.05.05 14:17:01 INFO  compiling ysyxsoc (1 scala source)[0m
2026.05.05 14:17:01 WARN  2 deprecations (since rocketchip 2.0.0); re-run with -deprecation for details[0m
2026.05.05 14:17:03 INFO  time: compiled ysyxsoc in 1.03s[0m
2026.05.05 14:17:18 INFO  compiling ysyxsoc (1 scala source)[0m
2026.05.05 14:17:18 WARN  2 deprecations (since rocketchip 2.0.0); re-run with -deprecation for details[0m
2026.05.05 14:17:18 INFO  time: compiled ysyxsoc in 0.89s[0m
2026.05.05 14:17:25 INFO  compiling ysyxsoc (1 scala source)[0m
2026.05.05 14:17:25 WARN  2 deprecations (since rocketchip 2.0.0); re-run with -deprecation for details[0m
2026.05.05 14:17:25 INFO  time: compiled ysyxsoc in 0.83s[0m
2026.05.05 14:18:09 INFO  compiling ysyxsoc (1 scala source)[0m
2026.05.05 14:18:09 WARN  2 deprecations (since rocketchip 2.0.0); re-run with -deprecation for details[0m
2026.05.05 14:18:10 INFO  time: compiled ysyxsoc in 1.06s[0m
2026.05.05 14:18:17 INFO  compiling ysyxsoc (1 scala source)[0m
2026.05.05 14:18:17 WARN  2 deprecations (since rocketchip 2.0.0); re-run with -deprecation for details[0m
2026.05.05 14:18:18 INFO  time: compiled ysyxsoc in 1.02s[0m
2026.05.05 14:18:40 INFO  compiling ysyxsoc (1 scala source)[0m
2026.05.05 14:18:40 WARN  2 deprecations (since rocketchip 2.0.0); re-run with -deprecation for details[0m
2026.05.05 14:18:40 INFO  time: compiled ysyxsoc in 0.83s[0m
2026.05.05 14:18:47 INFO  compiling ysyxsoc (1 scala source)[0m
2026.05.05 14:18:47 INFO  time: compiled ysyxsoc in 0.16s[0m
2026.05.05 14:18:57 INFO  compiling ysyxsoc (1 scala source)[0m
2026.05.05 14:18:57 WARN  2 deprecations (since rocketchip 2.0.0); re-run with -deprecation for details[0m
2026.05.05 14:18:57 INFO  time: compiled ysyxsoc in 0.81s[0m
2026.05.05 14:19:01 INFO  compiling ysyxsoc (1 scala source)[0m
2026.05.05 14:19:01 WARN  2 deprecations (since rocketchip 2.0.0); re-run with -deprecation for details[0m
2026.05.05 14:19:01 INFO  time: compiled ysyxsoc in 0.74s[0m
May 05, 2026 2:19:52 PM org.eclipse.lsp4j.jsonrpc.RemoteEndpoint handleCancellation
WARNING: Unmatched cancel notification for request id 5893
May 05, 2026 2:20:24 PM org.eclipse.lsp4j.jsonrpc.RemoteEndpoint handleCancellation
WARNING: Unmatched cancel notification for request id 6242
May 05, 2026 2:23:23 PM org.eclipse.lsp4j.jsonrpc.RemoteEndpoint handleCancellation
WARNING: Unmatched cancel notification for request id 6625
May 05, 2026 2:23:24 PM org.eclipse.lsp4j.jsonrpc.RemoteEndpoint handleCancellation
WARNING: Unmatched cancel notification for request id 6653
May 05, 2026 2:23:25 PM scala.meta.internal.pc.CompletionItemResolver fullDocstring
WARNING: Error getting docstring for value x_cnt
java.lang.IndexOutOfBoundsException: -1 is out of bounds (min 0, max 2)
	at scala.collection.mutable.ArrayBuffer.apply(ArrayBuffer.scala:102)
	at scala.reflect.internal.Types$Type.findMemberInternal$1(Types.scala:1030)
	at scala.reflect.internal.Types$Type.findMember(Types.scala:1035)
	at scala.reflect.internal.Types$Type.memberBasedOnName(Types.scala:661)
	at scala.reflect.internal.Types$Type.nonPrivateMember(Types.scala:632)
	at scala.tools.nsc.typechecker.Infer$Inferencer.followApply(Infer.scala:660)
	at scala.tools.nsc.typechecker.Infer$Inferencer.isApplicableBasedOnArity(Infer.scala:625)
	at scala.tools.nsc.typechecker.Infer$Inferencer.$anonfun$isApplicableBasedOnArity$1(Infer.scala:628)
	at scala.tools.nsc.typechecker.Infer$Inferencer.isApplicableBasedOnArity(Infer.scala:628)
	at scala.tools.nsc.typechecker.Typers$Typer.isLooseFit$1(Typers.scala:3640)
	at scala.tools.nsc.typechecker.Typers$Typer.$anonfun$doTypedApply$5(Typers.scala:3641)
	at scala.tools.nsc.typechecker.Typers$Typer.$anonfun$doTypedApply$5$adapted(Typers.scala:3641)
	at scala.reflect.internal.Symbols$Symbol.filter(Symbols.scala:2034)
	at scala.tools.nsc.typechecker.Typers$Typer.preSelectOverloaded$1(Typers.scala:3641)
	at scala.tools.nsc.typechecker.Typers$Typer.doTypedApply(Typers.scala:3651)
	at scala.tools.nsc.typechecker.Typers$Typer.$anonfun$typed1$28(Typers.scala:5166)
	at scala.tools.nsc.typechecker.Typers$Typer.silent(Typers.scala:727)
	at scala.tools.nsc.typechecker.Typers$Typer.tryTypedApply$1(Typers.scala:5166)
	at scala.tools.nsc.typechecker.Typers$Typer.normalTypedApply$1(Typers.scala:5254)
	at scala.tools.nsc.typechecker.Typers$Typer.typedApply$1(Typers.scala:5267)
	at scala.tools.nsc.typechecker.Typers$Typer.typed1(Typers.scala:6205)
	at scala.tools.nsc.typechecker.Typers$Typer.typed(Typers.scala:6261)
	at scala.tools.nsc.typechecker.Typers$Typer.typedArg(Typers.scala:3557)
	at scala.tools.nsc.typechecker.Typers$Typer.handlePolymorphicCall$1(Typers.scala:3961)
	at scala.tools.nsc.typechecker.Typers$Typer.doTypedApply(Typers.scala:3980)
	at scala.tools.nsc.typechecker.Typers$Typer.$anonfun$typed1$28(Typers.scala:5166)
	at scala.tools.nsc.typechecker.Typers$Typer.silent(Typers.scala:713)
	at scala.tools.nsc.typechecker.Typers$Typer.tryTypedApply$1(Typers.scala:5166)
	at scala.tools.nsc.typechecker.Typers$Typer.normalTypedApply$1(Typers.scala:5254)
	at scala.tools.nsc.typechecker.Typers$Typer.typedApply$1(Typers.scala:5267)
	at scala.tools.nsc.typechecker.Typers$Typer.typed1(Typers.scala:6205)
	at scala.tools.nsc.typechecker.Typers$Typer.typed(Typers.scala:6261)
	at scala.tools.nsc.typechecker.Typers$Typer.computeType(Typers.scala:6350)
	at scala.tools.nsc.typechecker.Namers$Namer.assignTypeToTree(Namers.scala:1105)
	at scala.tools.nsc.typechecker.Namers$Namer.inferredValTpt$1(Namers.scala:1752)
	at scala.tools.nsc.typechecker.Namers$Namer.valDefSig(Namers.scala:1765)
	at scala.tools.nsc.typechecker.Namers$Namer.memberSig(Namers.scala:1953)
	at scala.tools.nsc.typechecker.Namers$Namer.typeSig(Namers.scala:1903)
	at scala.tools.nsc.typechecker.Namers$Namer$ValTypeCompleter.completeImpl(Namers.scala:918)
	at scala.tools.nsc.typechecker.Namers$Namer$AccessorTypeCompleter.completeImpl(Namers.scala:942)
	at scala.tools.nsc.typechecker.Namers$LockingTypeCompleter.complete(Namers.scala:2100)
	at scala.tools.nsc.typechecker.Namers$LockingTypeCompleter.complete$(Namers.scala:2098)
	at scala.tools.nsc.typechecker.Namers$TypeCompleterBase.complete(Namers.scala:2093)
	at scala.reflect.internal.Symbols$Symbol.completeInfo(Symbols.scala:1566)
	at scala.reflect.internal.Symbols$Symbol.info(Symbols.scala:1538)
	at scala.meta.internal.pc.CompletionItemResolver.fullDocstring(CompletionItemResolver.scala:71)
	at scala.meta.internal.pc.CompletionItemResolver.$anonfun$handleSymbol$2(CompletionItemResolver.scala:43)
	at scala.meta.internal.pc.ItemResolver.enrichDocs(ItemResolver.scala:75)
	at scala.meta.internal.pc.ItemResolver.enrichDocs$(ItemResolver.scala:14)
	at scala.meta.internal.pc.CompletionItemResolver.enrichDocs(CompletionItemResolver.scala:12)
	at scala.meta.internal.pc.CompletionItemResolver.handleSymbol(CompletionItemResolver.scala:44)
	at scala.meta.internal.pc.CompletionItemResolver.resolve(CompletionItemResolver.scala:28)
	at scala.meta.internal.pc.ScalaPresentationCompiler.$anonfun$completionItemResolve$1(ScalaPresentationCompiler.scala:421)
	at scala.meta.internal.pc.CompilerAccess.withSharedCompiler(CompilerAccess.scala:148)
	at scala.meta.internal.pc.ScalaPresentationCompiler.completionItemResolve(ScalaPresentationCompiler.scala:422)
	at scala.meta.internal.metals.Compilers.$anonfun$completionItemResolve$2(Compilers.scala:418)
	at scala.Option.map(Option.scala:242)
	at scala.meta.internal.metals.Compilers.$anonfun$completionItemResolve$1(Compilers.scala:417)
	at scala.Option.flatMap(Option.scala:283)
	at scala.meta.internal.metals.Compilers.completionItemResolve(Compilers.scala:416)
	at scala.meta.internal.metals.MetalsLspService.$anonfun$completionItemResolve$1(MetalsLspService.scala:1200)
	at scala.meta.internal.metals.CancelTokens$.future(CancelTokens.scala:38)
	at scala.meta.internal.metals.MetalsLspService.completionItemResolve(MetalsLspService.scala:1198)
	at scala.meta.internal.metals.WorkspaceLspService.$anonfun$completionItemResolve$1(WorkspaceLspService.scala:615)
	at scala.Option.map(Option.scala:242)
	at scala.meta.internal.metals.WorkspaceLspService.completionItemResolve(WorkspaceLspService.scala:615)
	at scala.meta.metals.lsp.DelegatingScalaService.completionItemResolve(DelegatingScalaService.scala:149)
	at java.base/jdk.internal.reflect.DirectMethodHandleAccessor.invoke(DirectMethodHandleAccessor.java:103)
	at java.base/java.lang.reflect.Method.invoke(Method.java:580)
	at org.eclipse.lsp4j.jsonrpc.services.GenericEndpoint.lambda$recursiveFindRpcMethods$0(GenericEndpoint.java:65)
	at org.eclipse.lsp4j.jsonrpc.services.GenericEndpoint.request(GenericEndpoint.java:128)
	at org.eclipse.lsp4j.jsonrpc.RemoteEndpoint.handleRequest(RemoteEndpoint.java:265)
	at org.eclipse.lsp4j.jsonrpc.RemoteEndpoint.consume(RemoteEndpoint.java:195)
	at org.eclipse.lsp4j.jsonrpc.json.StreamMessageProducer.handleMessage(StreamMessageProducer.java:189)
	at org.eclipse.lsp4j.jsonrpc.json.StreamMessageProducer.listen(StreamMessageProducer.java:97)
	at org.eclipse.lsp4j.jsonrpc.json.ConcurrentMessageProcessor.run(ConcurrentMessageProcessor.java:97)
	at java.base/java.util.concurrent.Executors$RunnableAdapter.call(Executors.java:572)
	at java.base/java.util.concurrent.FutureTask.run(FutureTask.java:317)
	at java.base/java.util.concurrent.ThreadPoolExecutor.runWorker(ThreadPoolExecutor.java:1144)
	at java.base/java.util.concurrent.ThreadPoolExecutor$Worker.run(ThreadPoolExecutor.java:642)
	at java.base/java.lang.Thread.run(Thread.java:1583)

2026.05.05 14:23:25 INFO  Created report: Optional[file:///home/nullstarfish/personal-ysyx-workbench/ysyxSoC/src/device/VGA.scala][0m
2026.05.05 14:23:25 INFO  java.lang.IndexOutOfBoundsException: -1 is out of bounds (min 0, max 2) (full report at: "/home/nullstarfish/personal-ysyx-workbench/ysyxSoC/.metals/.reports/metals-full/2026-05-05/r_compiler-error_(ysyxsoc)_14-23-25-770.md")[0m
May 05, 2026 2:23:27 PM org.eclipse.lsp4j.jsonrpc.RemoteEndpoint handleCancellation
WARNING: Unmatched cancel notification for request id 6718
May 05, 2026 2:23:36 PM scala.meta.internal.pc.CompletionItemResolver fullDocstring
WARNING: Error getting docstring for value x_cnt
java.util.NoSuchElementException: head of empty list
	at scala.collection.immutable.Nil$.head(List.scala:663)
	at scala.collection.immutable.Nil$.head(List.scala:662)
	at scala.tools.nsc.typechecker.Contexts$SymbolLookup.apply(Contexts.scala:1613)
	at scala.tools.nsc.typechecker.Contexts$Context.lookupSymbol(Contexts.scala:1282)
	at scala.tools.nsc.typechecker.Typers$Typer.typedIdent$2(Typers.scala:5663)
	at scala.tools.nsc.typechecker.Typers$Typer.typedIdentOrWildcard$1(Typers.scala:5732)
	at scala.tools.nsc.typechecker.Typers$Typer.typed1(Typers.scala:6203)
	at scala.tools.nsc.typechecker.Typers$Typer.typed(Typers.scala:6261)
	at scala.tools.nsc.typechecker.Typers$Typer.$anonfun$typed1$41(Typers.scala:5233)
	at scala.tools.nsc.typechecker.Typers$Typer.silent(Typers.scala:713)
	at scala.tools.nsc.typechecker.Typers$Typer.normalTypedApply$1(Typers.scala:5235)
	at scala.tools.nsc.typechecker.Typers$Typer.typedApply$1(Typers.scala:5267)
	at scala.tools.nsc.typechecker.Typers$Typer.typed1(Typers.scala:6205)
	at scala.tools.nsc.typechecker.Implicits$ImplicitSearch.typedImplicit1(Implicits.scala:869)
	at scala.tools.nsc.typechecker.Implicits$ImplicitSearch.typedImplicit0(Implicits.scala:824)
	at scala.tools.nsc.typechecker.Implicits$ImplicitSearch.scala$tools$nsc$typechecker$Implicits$ImplicitSearch$$typedImplicit(Implicits.scala:639)
	at scala.tools.nsc.typechecker.Implicits$ImplicitSearch$ImplicitComputation.rankImplicits(Implicits.scala:1219)
	at scala.tools.nsc.typechecker.Implicits$ImplicitSearch$ImplicitComputation.findBest(Implicits.scala:1260)
	at scala.tools.nsc.typechecker.Implicits$ImplicitSearch.searchImplicit(Implicits.scala:1319)
	at scala.tools.nsc.typechecker.Implicits$ImplicitSearch.bestImplicit(Implicits.scala:1716)
	at scala.tools.nsc.typechecker.Implicits.inferImplicit1(Implicits.scala:112)
	at scala.tools.nsc.typechecker.Implicits.inferImplicit(Implicits.scala:91)
	at scala.tools.nsc.typechecker.Implicits.inferImplicit$(Implicits.scala:88)
	at scala.meta.internal.pc.MetalsGlobal$MetalsInteractiveAnalyzer.inferImplicit(MetalsGlobal.scala:85)
	at scala.tools.nsc.typechecker.Implicits.inferImplicitView(Implicits.scala:50)
	at scala.tools.nsc.typechecker.Implicits.inferImplicitView$(Implicits.scala:49)
	at scala.meta.internal.pc.MetalsGlobal$MetalsInteractiveAnalyzer.inferImplicitView(MetalsGlobal.scala:85)
	at scala.tools.nsc.typechecker.Typers$Typer.inferView(Typers.scala:332)
	at scala.tools.nsc.typechecker.Typers$Typer.adaptToMember(Typers.scala:1416)
	at scala.tools.nsc.typechecker.Typers$Typer.$anonfun$adaptToMemberWithArgs$6(Typers.scala:1469)
	at scala.tools.nsc.typechecker.Typers$Typer.silent(Typers.scala:727)
	at scala.tools.nsc.typechecker.Typers$Typer.adaptToMemberWithArgs(Typers.scala:1469)
	at scala.tools.nsc.typechecker.Typers$Typer.typedSelect$1(Typers.scala:5454)
	at scala.tools.nsc.typechecker.Typers$Typer.typedSelectOrSuperCall$1(Typers.scala:5604)
	at scala.tools.nsc.typechecker.Typers$Typer.typed1(Typers.scala:6206)
	at scala.tools.nsc.typechecker.Typers$Typer.typed(Typers.scala:6261)
	at scala.tools.nsc.typechecker.Typers$Typer.$anonfun$typed1$41(Typers.scala:5233)
	at scala.tools.nsc.typechecker.Typers$Typer.silent(Typers.scala:713)
	at scala.tools.nsc.typechecker.Typers$Typer.normalTypedApply$1(Typers.scala:5235)
	at scala.tools.nsc.typechecker.Typers$Typer.typedApply$1(Typers.scala:5267)
	at scala.tools.nsc.typechecker.Typers$Typer.typed1(Typers.scala:6205)
	at scala.tools.nsc.typechecker.Typers$Typer.typed(Typers.scala:6261)
	at scala.tools.nsc.typechecker.Typers$Typer.typedArg(Typers.scala:3557)
	at scala.tools.nsc.typechecker.Typers$Typer.handlePolymorphicCall$1(Typers.scala:3961)
	at scala.tools.nsc.typechecker.Typers$Typer.doTypedApply(Typers.scala:3980)
	at scala.tools.nsc.typechecker.Typers$Typer.$anonfun$typed1$28(Typers.scala:5166)
	at scala.tools.nsc.typechecker.Typers$Typer.silent(Typers.scala:713)
	at scala.tools.nsc.typechecker.Typers$Typer.tryTypedApply$1(Typers.scala:5166)
	at scala.tools.nsc.typechecker.Typers$Typer.normalTypedApply$1(Typers.scala:5254)
	at scala.tools.nsc.typechecker.Typers$Typer.typedApply$1(Typers.scala:5267)
	at scala.tools.nsc.typechecker.Typers$Typer.typed1(Typers.scala:6205)
	at scala.tools.nsc.typechecker.Typers$Typer.typed(Typers.scala:6261)
	at scala.tools.nsc.typechecker.Typers$Typer.computeType(Typers.scala:6350)
	at scala.tools.nsc.typechecker.Namers$Namer.assignTypeToTree(Namers.scala:1105)
	at scala.tools.nsc.typechecker.Namers$Namer.inferredValTpt$1(Namers.scala:1752)
	at scala.tools.nsc.typechecker.Namers$Namer.valDefSig(Namers.scala:1765)
	at scala.tools.nsc.typechecker.Namers$Namer.memberSig(Namers.scala:1953)
	at scala.tools.nsc.typechecker.Namers$Namer.typeSig(Namers.scala:1903)
	at scala.tools.nsc.typechecker.Namers$Namer$ValTypeCompleter.completeImpl(Namers.scala:918)
	at scala.tools.nsc.typechecker.Namers$Namer$AccessorTypeCompleter.completeImpl(Namers.scala:942)
	at scala.tools.nsc.typechecker.Namers$LockingTypeCompleter.complete(Namers.scala:2100)
	at scala.tools.nsc.typechecker.Namers$LockingTypeCompleter.complete$(Namers.scala:2098)
	at scala.tools.nsc.typechecker.Namers$TypeCompleterBase.complete(Namers.scala:2093)
	at scala.reflect.internal.Symbols$Symbol.completeInfo(Symbols.scala:1566)
	at scala.reflect.internal.Symbols$Symbol.info(Symbols.scala:1538)
	at scala.meta.internal.pc.CompletionItemResolver.fullDocstring(CompletionItemResolver.scala:71)
	at scala.meta.internal.pc.CompletionItemResolver.$anonfun$handleSymbol$2(CompletionItemResolver.scala:43)
	at scala.meta.internal.pc.ItemResolver.enrichDocs(ItemResolver.scala:75)
	at scala.meta.internal.pc.ItemResolver.enrichDocs$(ItemResolver.scala:14)
	at scala.meta.internal.pc.CompletionItemResolver.enrichDocs(CompletionItemResolver.scala:12)
	at scala.meta.internal.pc.CompletionItemResolver.handleSymbol(CompletionItemResolver.scala:44)
	at scala.meta.internal.pc.CompletionItemResolver.resolve(CompletionItemResolver.scala:28)
	at scala.meta.internal.pc.ScalaPresentationCompiler.$anonfun$completionItemResolve$1(ScalaPresentationCompiler.scala:421)
	at scala.meta.internal.pc.CompilerAccess.withSharedCompiler(CompilerAccess.scala:148)
	at scala.meta.internal.pc.ScalaPresentationCompiler.completionItemResolve(ScalaPresentationCompiler.scala:422)
	at scala.meta.internal.metals.Compilers.$anonfun$completionItemResolve$2(Compilers.scala:418)
	at scala.Option.map(Option.scala:242)
	at scala.meta.internal.metals.Compilers.$anonfun$completionItemResolve$1(Compilers.scala:417)
	at scala.Option.flatMap(Option.scala:283)
	at scala.meta.internal.metals.Compilers.completionItemResolve(Compilers.scala:416)
	at scala.meta.internal.metals.MetalsLspService.$anonfun$completionItemResolve$1(MetalsLspService.scala:1200)
	at scala.meta.internal.metals.CancelTokens$.future(CancelTokens.scala:38)
	at scala.meta.internal.metals.MetalsLspService.completionItemResolve(MetalsLspService.scala:1198)
	at scala.meta.internal.metals.WorkspaceLspService.$anonfun$completionItemResolve$1(WorkspaceLspService.scala:615)
	at scala.Option.map(Option.scala:242)
	at scala.meta.internal.metals.WorkspaceLspService.completionItemResolve(WorkspaceLspService.scala:615)
	at scala.meta.metals.lsp.DelegatingScalaService.completionItemResolve(DelegatingScalaService.scala:149)
	at java.base/jdk.internal.reflect.DirectMethodHandleAccessor.invoke(DirectMethodHandleAccessor.java:103)
	at java.base/java.lang.reflect.Method.invoke(Method.java:580)
	at org.eclipse.lsp4j.jsonrpc.services.GenericEndpoint.lambda$recursiveFindRpcMethods$0(GenericEndpoint.java:65)
	at org.eclipse.lsp4j.jsonrpc.services.GenericEndpoint.request(GenericEndpoint.java:128)
	at org.eclipse.lsp4j.jsonrpc.RemoteEndpoint.handleRequest(RemoteEndpoint.java:265)
	at org.eclipse.lsp4j.jsonrpc.RemoteEndpoint.consume(RemoteEndpoint.java:195)
	at org.eclipse.lsp4j.jsonrpc.json.StreamMessageProducer.handleMessage(StreamMessageProducer.java:189)
	at org.eclipse.lsp4j.jsonrpc.json.StreamMessageProducer.listen(StreamMessageProducer.java:97)
	at org.eclipse.lsp4j.jsonrpc.json.ConcurrentMessageProcessor.run(ConcurrentMessageProcessor.java:97)
	at java.base/java.util.concurrent.Executors$RunnableAdapter.call(Executors.java:572)
	at java.base/java.util.concurrent.FutureTask.run(FutureTask.java:317)
	at java.base/java.util.concurrent.ThreadPoolExecutor.runWorker(ThreadPoolExecutor.java:1144)
	at java.base/java.util.concurrent.ThreadPoolExecutor$Worker.run(ThreadPoolExecutor.java:642)
	at java.base/java.lang.Thread.run(Thread.java:1583)

May 05, 2026 2:23:54 PM org.eclipse.lsp4j.jsonrpc.RemoteEndpoint handleCancellation
WARNING: Unmatched cancel notification for request id 6984
2026.05.05 14:23:54 WARN  Could not find semantic tokens for: file:///home/nullstarfish/personal-ysyx-workbench/ysyxSoC/src/device/VGA.scala[0m
2026.05.05 14:24:24 WARN  Could not find semantic tokens for: file:///home/nullstarfish/personal-ysyx-workbench/ysyxSoC/src/device/VGA.scala[0m
May 05, 2026 2:24:56 PM org.eclipse.lsp4j.jsonrpc.RemoteEndpoint handleCancellation
WARNING: Unmatched cancel notification for request id 7739
2026.05.05 14:24:56 WARN  Could not find semantic tokens for: file:///home/nullstarfish/personal-ysyx-workbench/ysyxSoC/src/device/VGA.scala[0m
May 05, 2026 2:24:58 PM org.eclipse.lsp4j.jsonrpc.RemoteEndpoint handleCancellation
WARNING: Unmatched cancel notification for request id 7770
May 05, 2026 2:25:34 PM org.eclipse.lsp4j.jsonrpc.RemoteEndpoint handleCancellation
WARNING: Unmatched cancel notification for request id 8185
May 05, 2026 2:25:34 PM org.eclipse.lsp4j.jsonrpc.RemoteEndpoint handleCancellation
WARNING: Unmatched cancel notification for request id 8191
2026.05.05 14:25:57 INFO  compiling ysyxsoc (1 scala source)[0m
2026.05.05 14:25:59 WARN  2 deprecations (since rocketchip 2.0.0); re-run with -deprecation for details[0m
2026.05.05 14:25:59 INFO  time: compiled ysyxsoc in 2.52s[0m
May 05, 2026 2:33:11 PM scala.meta.internal.pc.CompilerAccess retryWithCleanCompiler
INFO: compiler crashed due to an error in the Scala compiler, retrying with new compiler instance.
2026.05.05 14:33:11 INFO  Created report: Optional[file:///home/nullstarfish/personal-ysyx-workbench/ysyxSoC/src/device/VGA.scala][0m
2026.05.05 14:33:11 INFO  scala.ScalaReflectionException: value h_valid is not a method (full report at: "/home/nullstarfish/personal-ysyx-workbench/ysyxSoC/.metals/.reports/metals-full/2026-05-05/r_compiler-error_(ysyxsoc)_14-33-11-921.md")[0m
2026.05.05 14:33:11 WARN  Could not find semantic tokens for: file:///home/nullstarfish/personal-ysyx-workbench/ysyxSoC/src/device/VGA.scala[0m
May 05, 2026 2:33:12 PM scala.meta.internal.pc.CompilerAccess retryWithCleanCompiler
INFO: compiler crashed due to an error in the Scala compiler, retrying with new compiler instance.
2026.05.05 14:33:11 INFO  Created report: Optional[file:///home/nullstarfish/personal-ysyx-workbench/ysyxSoC/src/device/VGA.scala][0m
2026.05.05 14:33:11 INFO  scala.ScalaReflectionException: value h_valid is not a method (full report at: "/home/nullstarfish/personal-ysyx-workbench/ysyxSoC/.metals/.reports/metals-full/2026-05-05/r_compiler-error_(ysyxsoc)_14-33-12-321.md")[0m
2026.05.05 14:33:12 WARN  Could not find semantic tokens for: file:///home/nullstarfish/personal-ysyx-workbench/ysyxSoC/src/device/VGA.scala[0m
May 05, 2026 2:33:18 PM scala.meta.internal.pc.CompilerAccess retryWithCleanCompiler
INFO: compiler crashed due to an error in the Scala compiler, retrying with new compiler instance.
2026.05.05 14:33:18 INFO  Created report: Optional[file:///home/nullstarfish/personal-ysyx-workbench/ysyxSoC/src/device/VGA.scala][0m
2026.05.05 14:33:18 INFO  scala.ScalaReflectionException: value h_valid is not a method (full report at: "/home/nullstarfish/personal-ysyx-workbench/ysyxSoC/.metals/.reports/metals-full/2026-05-05/r_compiler-error_(ysyxsoc)_14-33-18-394.md")[0m
2026.05.05 14:33:18 WARN  Could not find semantic tokens for: file:///home/nullstarfish/personal-ysyx-workbench/ysyxSoC/src/device/VGA.scala[0m
May 05, 2026 2:33:20 PM org.eclipse.lsp4j.jsonrpc.RemoteEndpoint handleCancellation
WARNING: Unmatched cancel notification for request id 8590
May 05, 2026 2:33:22 PM org.eclipse.lsp4j.jsonrpc.RemoteEndpoint handleCancellation
WARNING: Unmatched cancel notification for request id 8645
May 05, 2026 2:33:36 PM org.eclipse.lsp4j.jsonrpc.RemoteEndpoint handleCancellation
WARNING: Unmatched cancel notification for request id 8780
2026.05.05 14:33:56 INFO  compiling ysyxsoc (1 scala source)[0m
2026.05.05 14:33:59 WARN  2 deprecations (since rocketchip 2.0.0); re-run with -deprecation for details[0m
2026.05.05 14:33:59 INFO  time: compiled ysyxsoc in 2.5s[0m
May 05, 2026 2:35:00 PM org.eclipse.lsp4j.jsonrpc.RemoteEndpoint handleCancellation
WARNING: Unmatched cancel notification for request id 9345
May 05, 2026 2:35:00 PM org.eclipse.lsp4j.jsonrpc.RemoteEndpoint handleCancellation
WARNING: Unmatched cancel notification for request id 9348
May 05, 2026 2:35:00 PM org.eclipse.lsp4j.jsonrpc.RemoteEndpoint handleCancellation
WARNING: Unmatched cancel notification for request id 9353
May 05, 2026 2:35:00 PM org.eclipse.lsp4j.jsonrpc.RemoteEndpoint handleCancellation
WARNING: Unmatched cancel notification for request id 9357
May 05, 2026 2:35:20 PM org.eclipse.lsp4j.jsonrpc.RemoteEndpoint handleCancellation
WARNING: Unmatched cancel notification for request id 9458
2026.05.05 14:35:55 WARN  Could not find semantic tokens for: file:///home/nullstarfish/personal-ysyx-workbench/ysyxSoC/src/device/VGA.scala[0m
2026.05.05 14:37:36 INFO  compiling ysyxsoc (1 scala source)[0m
2026.05.05 14:37:36 INFO  time: compiled ysyxsoc in 0.88s[0m
2026.05.05 14:37:37 WARN  Could not load snapshot text for /home/nullstarfish/personal-ysyx-workbench/ysyxSoC/src/device/VGA.scala[0m
2026.05.05 14:37:41 WARN  Could not load snapshot text for /home/nullstarfish/personal-ysyx-workbench/ysyxSoC/src/device/VGA.scala[0m
2026.05.05 14:37:42 WARN  Could not load snapshot text for /home/nullstarfish/personal-ysyx-workbench/ysyxSoC/src/device/VGA.scala[0m
2026.05.05 14:37:42 WARN  Could not load snapshot text for /home/nullstarfish/personal-ysyx-workbench/ysyxSoC/src/device/VGA.scala[0m
2026.05.05 14:37:49 WARN  Could not load snapshot text for /home/nullstarfish/personal-ysyx-workbench/ysyxSoC/src/device/VGA.scala[0m
May 05, 2026 2:37:49 PM org.eclipse.lsp4j.jsonrpc.RemoteEndpoint handleCancellation
WARNING: Unmatched cancel notification for request id 10427
2026.05.05 14:37:49 WARN  Could not load snapshot text for /home/nullstarfish/personal-ysyx-workbench/ysyxSoC/src/device/VGA.scala[0m
2026.05.05 14:37:51 WARN  Could not load snapshot text for /home/nullstarfish/personal-ysyx-workbench/ysyxSoC/src/device/VGA.scala[0m
2026.05.05 14:37:51 WARN  Could not load snapshot text for /home/nullstarfish/personal-ysyx-workbench/ysyxSoC/src/device/VGA.scala[0m
2026.05.05 14:37:51 WARN  Could not load snapshot text for /home/nullstarfish/personal-ysyx-workbench/ysyxSoC/src/device/VGA.scala[0m
2026.05.05 14:37:53 WARN  Could not load snapshot text for /home/nullstarfish/personal-ysyx-workbench/ysyxSoC/src/device/VGA.scala[0m
May 05, 2026 2:37:53 PM org.eclipse.lsp4j.jsonrpc.RemoteEndpoint handleCancellation
WARNING: Unmatched cancel notification for request id 10479
2026.05.05 14:37:54 WARN  Could not load snapshot text for /home/nullstarfish/personal-ysyx-workbench/ysyxSoC/src/device/VGA.scala[0m
2026.05.05 14:38:04 WARN  Could not load snapshot text for /home/nullstarfish/personal-ysyx-workbench/ysyxSoC/src/device/VGA.scala[0m
2026.05.05 14:38:06 WARN  Could not load snapshot text for /home/nullstarfish/personal-ysyx-workbench/ysyxSoC/src/device/VGA.scala[0m
2026.05.05 14:38:06 WARN  Could not load snapshot text for /home/nullstarfish/personal-ysyx-workbench/ysyxSoC/src/device/VGA.scala[0m
2026.05.05 14:38:07 WARN  Could not load snapshot text for /home/nullstarfish/personal-ysyx-workbench/ysyxSoC/src/device/VGA.scala[0m
2026.05.05 14:38:07 WARN  Could not load snapshot text for /home/nullstarfish/personal-ysyx-workbench/ysyxSoC/src/device/VGA.scala[0m
2026.05.05 14:38:09 WARN  Could not load snapshot text for /home/nullstarfish/personal-ysyx-workbench/ysyxSoC/src/device/VGA.scala[0m
2026.05.05 14:38:09 WARN  Could not load snapshot text for /home/nullstarfish/personal-ysyx-workbench/ysyxSoC/src/device/VGA.scala[0m
2026.05.05 14:38:10 WARN  Could not load snapshot text for /home/nullstarfish/personal-ysyx-workbench/ysyxSoC/src/device/VGA.scala[0m
2026.05.05 14:38:11 WARN  Could not load snapshot text for /home/nullstarfish/personal-ysyx-workbench/ysyxSoC/src/device/VGA.scala[0m
2026.05.05 14:38:11 WARN  Could not load snapshot text for /home/nullstarfish/personal-ysyx-workbench/ysyxSoC/src/device/VGA.scala[0m
2026.05.05 14:38:13 WARN  Could not load snapshot text for /home/nullstarfish/personal-ysyx-workbench/ysyxSoC/src/device/VGA.scala[0m
2026.05.05 14:38:13 WARN  Could not load snapshot text for /home/nullstarfish/personal-ysyx-workbench/ysyxSoC/src/device/VGA.scala[0m
2026.05.05 14:38:14 WARN  Could not load snapshot text for /home/nullstarfish/personal-ysyx-workbench/ysyxSoC/src/device/VGA.scala[0m
2026.05.05 14:38:15 WARN  Could not load snapshot text for /home/nullstarfish/personal-ysyx-workbench/ysyxSoC/src/device/VGA.scala[0m
2026.05.05 14:38:16 WARN  Could not load snapshot text for /home/nullstarfish/personal-ysyx-workbench/ysyxSoC/src/device/VGA.scala[0m
2026.05.05 14:38:17 WARN  Could not load snapshot text for /home/nullstarfish/personal-ysyx-workbench/ysyxSoC/src/device/VGA.scala[0m
2026.05.05 14:38:17 WARN  Could not load snapshot text for /home/nullstarfish/personal-ysyx-workbench/ysyxSoC/src/device/VGA.scala[0m
2026.05.05 14:38:19 WARN  Could not load snapshot text for /home/nullstarfish/personal-ysyx-workbench/ysyxSoC/src/device/VGA.scala[0m
2026.05.05 14:38:19 WARN  Could not load snapshot text for /home/nullstarfish/personal-ysyx-workbench/ysyxSoC/src/device/VGA.scala[0m
2026.05.05 14:38:20 WARN  Could not load snapshot text for /home/nullstarfish/personal-ysyx-workbench/ysyxSoC/src/device/VGA.scala[0m
2026.05.05 14:38:20 WARN  Could not load snapshot text for /home/nullstarfish/personal-ysyx-workbench/ysyxSoC/src/device/VGA.scala[0m
2026.05.05 14:38:22 WARN  Could not load snapshot text for /home/nullstarfish/personal-ysyx-workbench/ysyxSoC/src/device/VGA.scala[0m
2026.05.05 14:38:22 WARN  Could not load snapshot text for /home/nullstarfish/personal-ysyx-workbench/ysyxSoC/src/device/VGA.scala[0m
2026.05.05 14:38:23 WARN  Could not load snapshot text for /home/nullstarfish/personal-ysyx-workbench/ysyxSoC/src/device/VGA.scala[0m
2026.05.05 14:38:25 INFO  compiling ysyxsoc (1 scala source)[0m
2026.05.05 14:38:25 INFO  time: compiled ysyxsoc in 0.51s[0m
2026.05.05 14:38:26 WARN  Could not load snapshot text for /home/nullstarfish/personal-ysyx-workbench/ysyxSoC/src/device/VGA.scala[0m
2026.05.05 14:38:31 WARN  Could not load snapshot text for /home/nullstarfish/personal-ysyx-workbench/ysyxSoC/src/device/VGA.scala[0m
2026.05.05 14:38:32 WARN  Could not load snapshot text for /home/nullstarfish/personal-ysyx-workbench/ysyxSoC/src/device/VGA.scala[0m
2026.05.05 14:38:33 INFO  compiling ysyxsoc (1 scala source)[0m
2026.05.05 14:38:34 WARN  2 deprecations (since rocketchip 2.0.0); re-run with -deprecation for details[0m
2026.05.05 14:38:34 INFO  time: compiled ysyxsoc in 1.88s[0m
May 05, 2026 2:39:05 PM org.eclipse.lsp4j.jsonrpc.RemoteEndpoint handleCancellation
WARNING: Unmatched cancel notification for request id 10875
May 05, 2026 2:39:40 PM org.eclipse.lsp4j.jsonrpc.RemoteEndpoint handleCancellation
WARNING: Unmatched cancel notification for request id 10921
May 05, 2026 2:39:40 PM org.eclipse.lsp4j.jsonrpc.RemoteEndpoint handleCancellation
WARNING: Unmatched cancel notification for request id 10924
2026.05.05 14:40:13 INFO  compiling ysyxsoc (1 scala source)[0m
2026.05.05 14:40:16 WARN  2 deprecations (since rocketchip 2.0.0); re-run with -deprecation for details[0m
2026.05.05 14:40:16 INFO  time: compiled ysyxsoc in 2.87s[0m
2026.05.05 14:40:44 INFO  compiling ysyxsoc (1 scala source)[0m
2026.05.05 14:40:45 WARN  2 deprecations (since rocketchip 2.0.0); re-run with -deprecation for details[0m
2026.05.05 14:40:45 INFO  time: compiled ysyxsoc in 1.21s[0m
2026.05.05 14:41:33 INFO  compiling ysyxsoc (1 scala source)[0m
2026.05.05 14:41:35 WARN  2 deprecations (since rocketchip 2.0.0); re-run with -deprecation for details[0m
2026.05.05 14:41:35 INFO  time: compiled ysyxsoc in 1.41s[0m
2026.05.05 15:24:39 INFO  compiling ysyxsoc (1 scala source)[0m
2026.05.05 15:24:42 WARN  2 deprecations (since rocketchip 2.0.0); re-run with -deprecation for details[0m
2026.05.05 15:24:42 INFO  time: compiled ysyxsoc in 3.13s[0m
2026.05.05 15:25:40 INFO  compiling ysyxsoc (1 scala source)[0m
2026.05.05 15:25:42 WARN  2 deprecations (since rocketchip 2.0.0); re-run with -deprecation for details[0m
2026.05.05 15:25:42 INFO  time: compiled ysyxsoc in 1.83s[0m
May 05, 2026 3:25:58 PM org.eclipse.lsp4j.jsonrpc.RemoteEndpoint handleCancellation
WARNING: Unmatched cancel notification for request id 12025
2026.05.05 15:26:04 WARN  Could not find semantic tokens for: file:///home/nullstarfish/personal-ysyx-workbench/ysyxSoC/src/device/VGA.scala[0m
2026.05.05 15:26:07 INFO  compiling ysyxsoc (1 scala source)[0m
2026.05.05 15:26:08 WARN  2 deprecations (since rocketchip 2.0.0); re-run with -deprecation for details[0m
2026.05.05 15:26:08 INFO  time: compiled ysyxsoc in 1.1s[0m
2026.05.05 15:26:16 WARN  Could not find semantic tokens for: file:///home/nullstarfish/personal-ysyx-workbench/ysyxSoC/src/device/VGA.scala[0m
May 05, 2026 3:26:49 PM org.eclipse.lsp4j.jsonrpc.RemoteEndpoint handleCancellation
WARNING: Unmatched cancel notification for request id 12495
2026.05.05 15:26:58 WARN  Could not find semantic tokens for: file:///home/nullstarfish/personal-ysyx-workbench/ysyxSoC/src/device/VGA.scala[0m
2026.05.05 15:27:02 INFO  compiling ysyxsoc (1 scala source)[0m
2026.05.05 15:27:04 WARN  2 deprecations (since rocketchip 2.0.0); re-run with -deprecation for details[0m
2026.05.05 15:27:04 INFO  time: compiled ysyxsoc in 2.81s[0m
2026.05.05 15:50:23 INFO  compiling ysyxsoc (1 scala source)[0m
2026.05.05 15:50:26 WARN  2 deprecations (since rocketchip 2.0.0); re-run with -deprecation for details[0m
2026.05.05 15:50:26 INFO  time: compiled ysyxsoc in 2.85s[0m
2026.05.05 15:59:45 INFO  compiling ysyxsoc (2 scala sources)[0m
2026.05.05 15:59:49 WARN  29 deprecations (since rocketchip 2.0.0); re-run with -deprecation for details[0m
2026.05.05 15:59:49 INFO  time: compiled ysyxsoc in 4.23s[0m
May 05, 2026 4:29:50 PM org.eclipse.lsp4j.jsonrpc.RemoteEndpoint handleCancellation
WARNING: Unmatched cancel notification for request id 12941
2026.05.05 16:29:55 INFO  compiling ysyxsoc (1 scala source)[0m
2026.05.05 16:29:57 WARN  2 deprecations (since rocketchip 2.0.0); re-run with -deprecation for details[0m
2026.05.05 16:29:57 INFO  time: compiled ysyxsoc in 2.73s[0m
May 05, 2026 4:30:09 PM org.eclipse.lsp4j.jsonrpc.RemoteEndpoint handleCancellation
WARNING: Unmatched cancel notification for request id 13038
May 05, 2026 4:30:12 PM org.eclipse.lsp4j.jsonrpc.RemoteEndpoint handleCancellation
WARNING: Unmatched cancel notification for request id 13091
2026.05.05 16:30:29 WARN  Could not find semantic tokens for: file:///home/nullstarfish/personal-ysyx-workbench/ysyxSoC/src/device/VGA.scala[0m
2026.05.05 16:30:29 WARN  Could not find semantic tokens for: file:///home/nullstarfish/personal-ysyx-workbench/ysyxSoC/src/device/VGA.scala[0m
2026.05.05 16:30:50 INFO  compiling ysyxsoc (1 scala source)[0m
2026.05.05 16:30:51 WARN  2 deprecations (since rocketchip 2.0.0); re-run with -deprecation for details[0m
2026.05.05 16:30:51 INFO  time: compiled ysyxsoc in 1.77s[0m
2026.05.05 16:32:13 INFO  compiling ysyxsoc (1 scala source)[0m
2026.05.05 16:32:16 WARN  2 deprecations (since rocketchip 2.0.0); re-run with -deprecation for details[0m
2026.05.05 16:32:16 INFO  time: compiled ysyxsoc in 2.74s[0m
2026.05.05 19:30:41 INFO  tracing is disabled for protocol LSP, to enable tracing of incoming and outgoing JSON messages create an empty file at /home/nullstarfish/personal-ysyx-workbench/ysyxSoC/.metals/lsp.trace.json[0m
2026.05.05 19:30:42 INFO  logging to files /home/nullstarfish/personal-ysyx-workbench/ysyxSoC/.metals/metals.log[0m
2026.05.05 19:30:42 INFO  Started: Metals version 1.6.7 in folders '/home/nullstarfish/personal-ysyx-workbench/ysyxSoC' for client Visual Studio Code 1.118.1.[0m
2026.05.05 19:30:42 INFO  Memory monitor started[0m
2026.05.05 19:30:48 WARN  Using H2 2.4.240 which is newer than the version Flyway has been verified with. The latest verified version of H2 is 2.3.232.[0m
2026.05.05 19:30:48 INFO  no build target found for /home/nullstarfish/personal-ysyx-workbench/ysyxSoC/src/device/VGA.scala. Using presentation compiler with project's scala-library version: 3.3.7[0m
2026.05.05 19:30:49 INFO  no build target found for /home/nullstarfish/personal-ysyx-workbench/ysyxSoC/src/device/VGA.scala. Using presentation compiler with project's scala-library version: 3.3.7[0m
2026.05.05 19:30:49 INFO  Attempting to connect to the build server...[0m
2026.05.05 19:30:49 INFO  No running Bloop server found, starting one.[0m
2026.05.05 19:30:51 INFO  Starting compilation server[0m
2026.05.05 19:30:53 INFO  tracing is disabled for protocol BSP, to enable tracing of incoming and outgoing JSON messages create an empty file at /home/nullstarfish/personal-ysyx-workbench/ysyxSoC/.metals/bsp.trace.json[0m
2026.05.05 19:30:56 INFO  time: Connected to build server in 6.31s[0m
2026.05.05 19:30:56 INFO  Connected to Build server: Bloop v2.0.19[0m
2026.05.05 19:30:56 INFO  time: Imported build in 0.14s[0m
2026.05.05 19:30:56 WARN  2.13.14 is no longer supported in the current Metals versions, using the last known supported version 1.6.3[0m
2026.05.05 19:30:59 INFO  Created report: Optional[file:///home/nullstarfish/personal-ysyx-workbench/ysyxSoC/file:/home/nullstarfish/personal-ysyx-workbench/ysyxSoC/rocket-chip/src/main/scala/prci/ClockDomain.scala][0m
2026.05.05 19:30:59 INFO  expected identifier; obtained this (full report at: "/home/nullstarfish/personal-ysyx-workbench/ysyxSoC/.metals/.reports/metals/2026-05-05/r_scala-toplevel-mtags_19-30-59-440.md")[0m
2026.05.05 19:31:00 WARN  Could not find java sources in /usr/lib/jvm/src.zip, /usr/lib/jvm/lib/src.zip, /usr/lib/jvm/java-21-openjdk-amd64/src.zip, /usr/lib/jvm/java-21-openjdk-amd64/lib/src.zip. Java symbols will not be available.[0m
2026.05.05 19:31:00 INFO  time: indexed workspace in 4.92s[0m
2026.05.05 19:31:01 INFO  compiling rocketchip.cde (1 scala source)[0m
2026.05.05 19:31:01 INFO  compiling rocketchip.macros (1 scala source)[0m
2026.05.05 19:31:01 INFO  compiling rocketchip.hardfloat (20 scala sources)[0m
2026.05.05 19:31:04 INFO  time: compiled rocketchip.cde in 2.7s[0m
2026.05.05 19:31:04 INFO  time: compiled rocketchip.macros in 2.71s[0m
2026.05.05 19:31:04 INFO  compiling rocketchip.diplomacy (36 scala sources)[0m
2026.05.05 19:31:11 INFO  time: compiled rocketchip.diplomacy in 6.8s[0m
2026.05.05 19:31:11 INFO  time: compiled rocketchip.hardfloat in 10s[0m
2026.05.05 19:31:12 INFO  compiling rocketchip (317 scala sources)[0m
2026.05.05 19:32:00 WARN  7 deprecations[0m
2026.05.05 19:32:00 WARN  78 deprecations (since 2.13.0)[0m
2026.05.05 19:32:00 WARN  1 deprecation (since 2.13.7)[0m
2026.05.05 19:32:00 WARN  1 deprecation (since 9)[0m
2026.05.05 19:32:00 WARN  27 deprecations (since CDE 0.1)[0m
2026.05.05 19:32:00 WARN  10 deprecations (since diplomacy 1.0.0)[0m
2026.05.05 19:32:00 WARN  1 deprecation (since rocket-chip 1.2)[0m
2026.05.05 19:32:00 WARN  36 deprecations (since rocketchip 2.0.0)[0m
2026.05.05 19:32:00 WARN  161 deprecations in total; re-run with -deprecation for details[0m
2026.05.05 19:32:00 WARN  20 feature warnings; re-run with -feature for details[0m
2026.05.05 19:32:00 INFO  compiling ysyxsoc (38 scala sources)[0m
2026.05.05 19:32:02 INFO  time: compiled rocketchip in 49s[0m
2026.05.05 19:32:06 WARN  1 deprecation (since 2.13.0)[0m
2026.05.05 19:32:06 WARN  1 deprecation (since 2.13.3)[0m
2026.05.05 19:32:06 WARN  93 deprecations (since rocketchip 2.0.0)[0m
2026.05.05 19:32:06 WARN  95 deprecations in total; re-run with -deprecation for details[0m
2026.05.05 19:32:06 INFO  time: compiled ysyxsoc in 5.66s[0m
2026.05.05 22:06:25 INFO  Shutting down server[0m
2026.05.05 22:06:25 INFO  Memory monitor stopped[0m
2026.05.05 22:06:25 INFO  shutting down Metals[0m
2026.05.05 22:06:25 INFO  Shut down connection with build server.[0m
2026.05.05 22:06:25 INFO  Exiting server[0m
2026.05.06 13:54:16 INFO  tracing is disabled for protocol LSP, to enable tracing of incoming and outgoing JSON messages create an empty file at /home/nullstarfish/personal-ysyx-workbench/ysyxSoC/.metals/lsp.trace.json[0m
2026.05.06 13:54:17 INFO  logging to files /home/nullstarfish/personal-ysyx-workbench/ysyxSoC/.metals/metals.log[0m
2026.05.06 13:54:17 INFO  Started: Metals version 1.6.7 in folders '/home/nullstarfish/personal-ysyx-workbench/ysyxSoC' for client Visual Studio Code 1.118.1.[0m
2026.05.06 13:54:17 INFO  Memory monitor started[0m
2026.05.06 13:54:18 WARN  Using H2 2.4.240 which is newer than the version Flyway has been verified with. The latest verified version of H2 is 2.3.232.[0m
2026.05.06 13:54:18 INFO  no build target found for /home/nullstarfish/personal-ysyx-workbench/ysyxSoC/src/device/SDRAM.scala. Using presentation compiler with project's scala-library version: 3.3.7[0m
2026.05.06 13:54:18 INFO  Attempting to connect to the build server...[0m
2026.05.06 13:54:18 INFO  Found a Bloop server running[0m
2026.05.06 13:54:19 INFO  tracing is disabled for protocol BSP, to enable tracing of incoming and outgoing JSON messages create an empty file at /home/nullstarfish/personal-ysyx-workbench/ysyxSoC/.metals/bsp.trace.json[0m
2026.05.06 13:54:20 INFO  no build target found for /home/nullstarfish/personal-ysyx-workbench/ysyxSoC/src/device/SDRAM.scala. Using presentation compiler with project's scala-library version: 3.3.7[0m
2026.05.06 13:54:20 INFO  no build target found for /home/nullstarfish/personal-ysyx-workbench/ysyxSoC/src/device/SDRAM.scala. Using presentation compiler with project's scala-library version: 3.3.7[0m
2026.05.06 13:54:20 INFO  no build target found for /home/nullstarfish/personal-ysyx-workbench/ysyxSoC/src/device/SDRAM.scala. Using presentation compiler with project's scala-library version: 3.3.7[0m
2026.05.06 13:54:23 INFO  time: Connected to build server in 4.22s[0m
2026.05.06 13:54:23 INFO  Connected to Build server: Bloop v2.0.19[0m
2026.05.06 13:54:23 WARN  2.13.14 is no longer supported in the current Metals versions, using the last known supported version 1.6.3[0m
2026.05.06 13:54:26 INFO  Created report: Optional[file:///home/nullstarfish/personal-ysyx-workbench/ysyxSoC/file:/home/nullstarfish/personal-ysyx-workbench/ysyxSoC/rocket-chip/src/main/scala/prci/ClockDomain.scala][0m
2026.05.06 13:54:26 INFO  expected identifier; obtained this (full report at: "/home/nullstarfish/personal-ysyx-workbench/ysyxSoC/.metals/.reports/metals/2026-05-06/r_scala-toplevel-mtags_13-54-26-477.md")[0m
2026.05.06 13:54:26 WARN  Could not find java sources in /usr/lib/jvm/src.zip, /usr/lib/jvm/lib/src.zip, /usr/lib/jvm/java-21-openjdk-amd64/src.zip, /usr/lib/jvm/java-21-openjdk-amd64/lib/src.zip. Java symbols will not be available.[0m
2026.05.06 13:54:26 INFO  time: indexed workspace in 4.17s[0m
2026.05.06 13:54:27 INFO  compiling rocketchip.cde (1 scala source)[0m
2026.05.06 13:54:27 INFO  compiling rocketchip.macros (1 scala source)[0m
2026.05.06 13:54:27 INFO  compiling rocketchip.hardfloat (20 scala sources)[0m
2026.05.06 13:54:30 INFO  time: compiled rocketchip.macros in 2.78s[0m
2026.05.06 13:54:30 INFO  time: compiled rocketchip.cde in 2.79s[0m
2026.05.06 13:54:30 INFO  compiling rocketchip.diplomacy (36 scala sources)[0m
2026.05.06 13:54:37 INFO  time: compiled rocketchip.diplomacy in 7s[0m
2026.05.06 13:54:37 INFO  time: compiled rocketchip.hardfloat in 10s[0m
2026.05.06 13:54:39 INFO  compiling rocketchip (317 scala sources)[0m
2026.05.06 13:55:30 WARN  7 deprecations[0m
2026.05.06 13:55:30 WARN  78 deprecations (since 2.13.0)[0m
2026.05.06 13:55:30 WARN  1 deprecation (since 2.13.7)[0m
2026.05.06 13:55:30 WARN  1 deprecation (since 9)[0m
2026.05.06 13:55:30 WARN  27 deprecations (since CDE 0.1)[0m
2026.05.06 13:55:30 WARN  10 deprecations (since diplomacy 1.0.0)[0m
2026.05.06 13:55:30 WARN  1 deprecation (since rocket-chip 1.2)[0m
2026.05.06 13:55:30 WARN  36 deprecations (since rocketchip 2.0.0)[0m
2026.05.06 13:55:30 WARN  161 deprecations in total; re-run with -deprecation for details[0m
2026.05.06 13:55:30 WARN  20 feature warnings; re-run with -feature for details[0m
2026.05.06 13:55:30 INFO  compiling ysyxsoc (38 scala sources)[0m
2026.05.06 13:55:31 INFO  time: compiled rocketchip in 52s[0m
2026.05.06 13:55:38 WARN  1 deprecation (since 2.13.0)[0m
2026.05.06 13:55:38 WARN  1 deprecation (since 2.13.3)[0m
2026.05.06 13:55:38 WARN  93 deprecations (since rocketchip 2.0.0)[0m
2026.05.06 13:55:38 WARN  95 deprecations in total; re-run with -deprecation for details[0m
2026.05.06 13:55:38 INFO  time: compiled ysyxsoc in 8.09s[0m
2026.05.06 14:48:14 INFO  compiling ysyxsoc (1 scala source)[0m
2026.05.06 14:48:18 WARN  4 deprecations (since rocketchip 2.0.0); re-run with -deprecation for details[0m
2026.05.06 14:48:18 INFO  time: compiled ysyxsoc in 4.12s[0m
2026.05.06 14:54:03 INFO  compiling ysyxsoc (1 scala source)[0m
2026.05.06 14:54:06 WARN  2 deprecations (since rocketchip 2.0.0); re-run with -deprecation for details[0m
2026.05.06 14:54:06 INFO  time: compiled ysyxsoc in 2.71s[0m
2026.05.06 15:54:32 INFO  Shutting down server[0m
2026.05.06 15:54:32 INFO  Memory monitor stopped[0m
2026.05.06 15:54:32 INFO  shutting down Metals[0m
2026.05.06 15:54:33 INFO  Shut down connection with build server.[0m
2026.05.06 15:54:32 INFO  Exiting server[0m
2026.05.17 17:35:08 INFO  tracing is disabled for protocol LSP, to enable tracing of incoming and outgoing JSON messages create an empty file at /home/nullstarfish/personal-ysyx-workbench/ysyxSoC/.metals/lsp.trace.json[0m
2026.05.17 17:35:09 INFO  logging to files /home/nullstarfish/personal-ysyx-workbench/ysyxSoC/.metals/metals.log[0m
2026.05.17 17:35:09 INFO  Started: Metals version 1.6.7 in folders '/home/nullstarfish/personal-ysyx-workbench/ysyxSoC' for client Visual Studio Code 1.120.0.[0m
2026.05.17 17:35:09 INFO  Memory monitor started[0m
2026.05.17 17:35:10 WARN  Using H2 2.4.240 which is newer than the version Flyway has been verified with. The latest verified version of H2 is 2.3.232.[0m
2026.05.17 17:35:10 INFO  Attempting to connect to the build server...[0m
2026.05.17 17:35:10 INFO  No running Bloop server found, starting one.[0m
2026.05.17 17:35:11 INFO  Starting compilation server[0m
2026.05.17 17:35:12 INFO  tracing is disabled for protocol BSP, to enable tracing of incoming and outgoing JSON messages create an empty file at /home/nullstarfish/personal-ysyx-workbench/ysyxSoC/.metals/bsp.trace.json[0m
2026.05.17 17:35:18 INFO  time: Connected to build server in 7.75s[0m
2026.05.17 17:35:18 INFO  Connected to Build server: Bloop v2.0.19[0m
2026.05.17 17:35:18 INFO  time: Imported build in 0.18s[0m
2026.05.17 17:35:18 WARN  2.13.14 is no longer supported in the current Metals versions, using the last known supported version 1.6.3[0m
2026.05.17 17:35:22 INFO  Created report: Optional[file:///home/nullstarfish/personal-ysyx-workbench/ysyxSoC/file:/home/nullstarfish/personal-ysyx-workbench/ysyxSoC/rocket-chip/src/main/scala/prci/ClockDomain.scala][0m
2026.05.17 17:35:22 INFO  expected identifier; obtained this (full report at: "/home/nullstarfish/personal-ysyx-workbench/ysyxSoC/.metals/.reports/metals/2026-05-17/r_scala-toplevel-mtags_17-35-22-438.md")[0m
2026.05.17 17:35:22 WARN  Could not find java sources in /usr/lib/jvm/src.zip, /usr/lib/jvm/lib/src.zip, /usr/lib/jvm/java-21-openjdk-amd64/src.zip, /usr/lib/jvm/java-21-openjdk-amd64/lib/src.zip. Java symbols will not be available.[0m
2026.05.17 17:35:22 INFO  time: indexed workspace in 4.55s[0m
May 17, 2026 5:35:34 PM org.eclipse.lsp4j.jsonrpc.RemoteEndpoint handleCancellation
WARNING: Unmatched cancel notification for request id 1
2026.05.17 17:35:34 INFO  compiling rocketchip.cde (1 scala source)[0m
2026.05.17 17:35:34 INFO  compiling rocketchip.macros (1 scala source)[0m
2026.05.17 17:35:34 INFO  compiling rocketchip.hardfloat (20 scala sources)[0m
2026.05.17 17:35:37 INFO  time: compiled rocketchip.macros in 2.52s[0m
2026.05.17 17:35:37 INFO  time: compiled rocketchip.cde in 2.52s[0m
2026.05.17 17:35:37 INFO  compiling rocketchip.diplomacy (36 scala sources)[0m
2026.05.17 17:35:43 INFO  time: compiled rocketchip.diplomacy in 6.09s[0m
2026.05.17 17:35:43 INFO  time: compiled rocketchip.hardfloat in 8.99s[0m
2026.05.17 17:35:44 INFO  compiling rocketchip (317 scala sources)[0m
2026.05.17 17:36:30 WARN  7 deprecations[0m
2026.05.17 17:36:30 WARN  78 deprecations (since 2.13.0)[0m
2026.05.17 17:36:30 WARN  1 deprecation (since 2.13.7)[0m
2026.05.17 17:36:30 WARN  1 deprecation (since 9)[0m
2026.05.17 17:36:30 WARN  27 deprecations (since CDE 0.1)[0m
2026.05.17 17:36:30 WARN  10 deprecations (since diplomacy 1.0.0)[0m
2026.05.17 17:36:30 WARN  1 deprecation (since rocket-chip 1.2)[0m
2026.05.17 17:36:30 WARN  36 deprecations (since rocketchip 2.0.0)[0m
2026.05.17 17:36:30 WARN  161 deprecations in total; re-run with -deprecation for details[0m
2026.05.17 17:36:30 WARN  20 feature warnings; re-run with -feature for details[0m
2026.05.17 17:36:30 INFO  compiling ysyxsoc (38 scala sources)[0m
2026.05.17 17:36:31 INFO  time: compiled rocketchip in 47s[0m
2026.05.17 17:36:34 INFO  Created report: Optional[file:///home/nullstarfish/personal-ysyx-workbench/ysyxSoC/src/amba/AXI4Delayer.scala][0m
2026.05.17 17:36:34 INFO  scala.reflect.internal.Types$TypeError: illegal cyclic reference involving object Builder (full report at: "/home/nullstarfish/personal-ysyx-workbench/ysyxSoC/.metals/.reports/metals-full/2026-05-17/r_shorten-type_(ysyxsoc)_17-36-34-142.md")[0m
2026.05.17 17:36:34 INFO  Created report: Optional[file:///home/nullstarfish/personal-ysyx-workbench/ysyxSoC/src/amba/AXI4Delayer.scala][0m
2026.05.17 17:36:34 INFO  scala.reflect.internal.Types$TypeError: illegal cyclic reference involving object Builder (full report at: "/home/nullstarfish/personal-ysyx-workbench/ysyxSoC/.metals/.reports/metals-full/2026-05-17/r_shorten-type_(ysyxsoc)_17-36-34-484.md")[0m
2026.05.17 17:36:34 INFO  Created report: Optional[file:///home/nullstarfish/personal-ysyx-workbench/ysyxSoC/src/amba/AXI4Delayer.scala][0m
2026.05.17 17:36:34 INFO  scala.reflect.internal.Types$TypeError: illegal cyclic reference involving object Builder (full report at: "/home/nullstarfish/personal-ysyx-workbench/ysyxSoC/.metals/.reports/metals-full/2026-05-17/r_shorten-type_(ysyxsoc)_17-36-34-665.md")[0m
2026.05.17 17:36:34 INFO  Created report: Optional[file:///home/nullstarfish/personal-ysyx-workbench/ysyxSoC/src/amba/AXI4Delayer.scala][0m
2026.05.17 17:36:34 INFO  scala.reflect.internal.Types$TypeError: illegal cyclic reference involving object Builder (full report at: "/home/nullstarfish/personal-ysyx-workbench/ysyxSoC/.metals/.reports/metals-full/2026-05-17/r_shorten-type_(ysyxsoc)_17-36-34-794.md")[0m
2026.05.17 17:36:34 INFO  Created report: Optional[file:///home/nullstarfish/personal-ysyx-workbench/ysyxSoC/src/amba/AXI4Delayer.scala][0m
2026.05.17 17:36:34 INFO  scala.reflect.internal.Types$TypeError: illegal cyclic reference involving object Builder (full report at: "/home/nullstarfish/personal-ysyx-workbench/ysyxSoC/.metals/.reports/metals-full/2026-05-17/r_shorten-type_(ysyxsoc)_17-36-35-083.md")[0m
2026.05.17 17:36:35 INFO  Created report: Optional[file:///home/nullstarfish/personal-ysyx-workbench/ysyxSoC/src/amba/AXI4Delayer.scala][0m
2026.05.17 17:36:35 INFO  scala.reflect.internal.Types$TypeError: illegal cyclic reference involving object Builder (full report at: "/home/nullstarfish/personal-ysyx-workbench/ysyxSoC/.metals/.reports/metals-full/2026-05-17/r_shorten-type_(ysyxsoc)_17-36-35-212.md")[0m
2026.05.17 17:36:35 INFO  Created report: Optional[file:///home/nullstarfish/personal-ysyx-workbench/ysyxSoC/src/amba/AXI4Delayer.scala][0m
2026.05.17 17:36:35 INFO  scala.reflect.internal.Types$TypeError: illegal cyclic reference involving object Builder (full report at: "/home/nullstarfish/personal-ysyx-workbench/ysyxSoC/.metals/.reports/metals-full/2026-05-17/r_shorten-type_(ysyxsoc)_17-36-35-304.md")[0m
2026.05.17 17:36:35 INFO  Created report: Optional[file:///home/nullstarfish/personal-ysyx-workbench/ysyxSoC/src/amba/AXI4Delayer.scala][0m
2026.05.17 17:36:35 INFO  scala.reflect.internal.Types$TypeError: illegal cyclic reference involving object Builder (full report at: "/home/nullstarfish/personal-ysyx-workbench/ysyxSoC/.metals/.reports/metals-full/2026-05-17/r_shorten-type_(ysyxsoc)_17-36-35-528.md")[0m
2026.05.17 17:36:35 INFO  Created report: Optional[file:///home/nullstarfish/personal-ysyx-workbench/ysyxSoC/src/amba/AXI4Delayer.scala][0m
2026.05.17 17:36:35 INFO  scala.reflect.internal.Types$TypeError: illegal cyclic reference involving object Builder (full report at: "/home/nullstarfish/personal-ysyx-workbench/ysyxSoC/.metals/.reports/metals-full/2026-05-17/r_shorten-type_(ysyxsoc)_17-36-35-836.md")[0m
2026.05.17 17:36:37 WARN  1 deprecation (since 2.13.0)[0m
2026.05.17 17:36:37 WARN  1 deprecation (since 2.13.3)[0m
2026.05.17 17:36:37 WARN  93 deprecations (since rocketchip 2.0.0)[0m
2026.05.17 17:36:37 WARN  95 deprecations in total; re-run with -deprecation for details[0m
2026.05.17 17:36:37 INFO  time: compiled ysyxsoc in 6.7s[0m
May 17, 2026 5:36:53 PM org.eclipse.lsp4j.jsonrpc.RemoteEndpoint handleCancellation
WARNING: Unmatched cancel notification for request id 161
May 17, 2026 5:36:58 PM org.eclipse.lsp4j.jsonrpc.RemoteEndpoint handleCancellation
WARNING: Unmatched cancel notification for request id 208
May 17, 2026 5:37:00 PM org.eclipse.lsp4j.jsonrpc.RemoteEndpoint handleCancellation
WARNING: Unmatched cancel notification for request id 232
2026.05.17 17:38:12 WARN  Could not find semantic tokens for: file:///home/nullstarfish/personal-ysyx-workbench/ysyxSoC/src/amba/AXI4Delayer.scala[0m
May 17, 2026 5:39:33 PM org.eclipse.lsp4j.jsonrpc.RemoteEndpoint handleCancellation
WARNING: Unmatched cancel notification for request id 863
2026.05.17 17:39:34 WARN  Could not find semantic tokens for: file:///home/nullstarfish/personal-ysyx-workbench/ysyxSoC/src/amba/APBDelayer.scala[0m
May 17, 2026 5:39:50 PM org.eclipse.lsp4j.jsonrpc.RemoteEndpoint handleCancellation
WARNING: Unmatched cancel notification for request id 1072
May 17, 2026 5:40:10 PM org.eclipse.lsp4j.jsonrpc.RemoteEndpoint handleCancellation
WARNING: Unmatched cancel notification for request id 1203
May 17, 2026 5:48:07 PM org.eclipse.lsp4j.jsonrpc.RemoteEndpoint handleCancellation
WARNING: Unmatched cancel notification for request id 2038
May 17, 2026 5:48:57 PM scala.meta.internal.pc.CompilerAccess retryWithCleanCompiler
INFO: compiler crashed due to an error in the Scala compiler, retrying with new compiler instance.
2026.05.17 17:48:57 INFO  Created report: Optional[file:///home/nullstarfish/personal-ysyx-workbench/ysyxSoC/src/amba/APBDelayer.scala][0m
2026.05.17 17:48:57 INFO  scala.ScalaReflectionException: value start is not a method (full report at: "/home/nullstarfish/personal-ysyx-workbench/ysyxSoC/.metals/.reports/metals-full/2026-05-17/r_compiler-error_(ysyxsoc)_17-48-57-925.md")[0m
2026.05.17 17:48:57 WARN  Could not find semantic tokens for: file:///home/nullstarfish/personal-ysyx-workbench/ysyxSoC/src/amba/APBDelayer.scala[0m
May 17, 2026 5:48:58 PM scala.meta.internal.pc.CompilerAccess retryWithCleanCompiler
INFO: compiler crashed due to an error in the Scala compiler, retrying with new compiler instance.
2026.05.17 17:48:57 INFO  Created report: Optional[file:///home/nullstarfish/personal-ysyx-workbench/ysyxSoC/src/amba/APBDelayer.scala][0m
2026.05.17 17:48:57 INFO  scala.ScalaReflectionException: value start is not a method (full report at: "/home/nullstarfish/personal-ysyx-workbench/ysyxSoC/.metals/.reports/metals-full/2026-05-17/r_compiler-error_(ysyxsoc)_17-48-58-308.md")[0m
2026.05.17 17:48:58 WARN  Could not find semantic tokens for: file:///home/nullstarfish/personal-ysyx-workbench/ysyxSoC/src/amba/APBDelayer.scala[0m
May 17, 2026 5:49:05 PM org.eclipse.lsp4j.jsonrpc.RemoteEndpoint handleCancellation
WARNING: Unmatched cancel notification for request id 2578
2026.05.17 17:49:08 INFO  compiling ysyxsoc (1 scala source)[0m
2026.05.17 17:49:10 WARN  3 deprecations (since rocketchip 2.0.0); re-run with -deprecation for details[0m
2026.05.17 17:49:10 INFO  time: compiled ysyxsoc in 1.86s[0m
May 17, 2026 5:49:16 PM scala.meta.internal.pc.CompilerAccess retryWithCleanCompiler
INFO: compiler crashed due to an error in the Scala compiler, retrying with new compiler instance.
2026.05.17 17:49:16 INFO  Created report: Optional[file:///home/nullstarfish/personal-ysyx-workbench/ysyxSoC/src/amba/APBDelayer.scala][0m
2026.05.17 17:49:16 INFO  scala.ScalaReflectionException: value done is not a method (full report at: "/home/nullstarfish/personal-ysyx-workbench/ysyxSoC/.metals/.reports/metals-full/2026-05-17/r_compiler-error_(ysyxsoc)_17-49-16-969.md")[0m
2026.05.17 17:49:16 WARN  Could not find semantic tokens for: file:///home/nullstarfish/personal-ysyx-workbench/ysyxSoC/src/amba/APBDelayer.scala[0m
May 17, 2026 5:49:18 PM scala.meta.internal.pc.CompilerAccess retryWithCleanCompiler
INFO: compiler crashed due to an error in the Scala compiler, retrying with new compiler instance.
2026.05.17 17:49:18 INFO  Created report: Optional[file:///home/nullstarfish/personal-ysyx-workbench/ysyxSoC/src/amba/APBDelayer.scala][0m
2026.05.17 17:49:18 INFO  scala.ScalaReflectionException: value done is not a method (full report at: "/home/nullstarfish/personal-ysyx-workbench/ysyxSoC/.metals/.reports/metals-full/2026-05-17/r_compiler-error_(ysyxsoc)_17-49-18-086.md")[0m
May 17, 2026 5:49:19 PM scala.meta.internal.pc.CompilerAccess retryWithCleanCompiler
INFO: compiler crashed due to an error in the Scala compiler, retrying with new compiler instance.
2026.05.17 17:49:19 INFO  Created report: Optional[file:///home/nullstarfish/personal-ysyx-workbench/ysyxSoC/src/amba/APBDelayer.scala][0m
2026.05.17 17:49:19 INFO  scala.ScalaReflectionException: value done is not a method (full report at: "/home/nullstarfish/personal-ysyx-workbench/ysyxSoC/.metals/.reports/metals-full/2026-05-17/r_compiler-error_(ysyxsoc)_17-49-19-146.md")[0m
May 17, 2026 5:49:26 PM scala.meta.internal.pc.CompilerAccess retryWithCleanCompiler
INFO: compiler crashed due to an error in the Scala compiler, retrying with new compiler instance.
2026.05.17 17:49:26 INFO  Created report: Optional[file:///home/nullstarfish/personal-ysyx-workbench/ysyxSoC/src/amba/APBDelayer.scala][0m
2026.05.17 17:49:26 INFO  scala.ScalaReflectionException: value done is not a method (full report at: "/home/nullstarfish/personal-ysyx-workbench/ysyxSoC/.metals/.reports/metals-full/2026-05-17/r_compiler-error_(ysyxsoc)_17-49-26-332.md")[0m
2026.05.17 17:49:26 WARN  Could not find semantic tokens for: file:///home/nullstarfish/personal-ysyx-workbench/ysyxSoC/src/amba/APBDelayer.scala[0m
2026.05.17 17:49:45 INFO  compiling ysyxsoc (1 scala source)[0m
2026.05.17 17:49:46 WARN  3 deprecations (since rocketchip 2.0.0); re-run with -deprecation for details[0m
2026.05.17 17:49:46 INFO  time: compiled ysyxsoc in 1.3s[0m
May 17, 2026 5:50:21 PM org.eclipse.lsp4j.jsonrpc.RemoteEndpoint handleCancellation
WARNING: Unmatched cancel notification for request id 2967
May 17, 2026 5:50:29 PM org.eclipse.lsp4j.jsonrpc.RemoteEndpoint handleCancellation
WARNING: Unmatched cancel notification for request id 3091
2026.05.17 17:50:30 INFO  Created report: Optional[file:///home/nullstarfish/personal-ysyx-workbench/ysyxSoC/src/amba/APBDelayer.scala][0m
2026.05.17 17:50:30 INFO  java.lang.StringIndexOutOfBoundsException: Range [895, 895 + -9) out of bounds for length 1517 (full report at: "/home/nullstarfish/personal-ysyx-workbench/ysyxSoC/.metals/.reports/metals-full/2026-05-17/r_compiler-error_(ysyxsoc)_17-50-30-454.md")[0m
May 17, 2026 5:50:35 PM org.eclipse.lsp4j.jsonrpc.RemoteEndpoint handleCancellation
WARNING: Unmatched cancel notification for request id 3190
2026.05.17 17:50:39 WARN  Could not find semantic tokens for: file:///home/nullstarfish/personal-ysyx-workbench/ysyxSoC/src/amba/APBDelayer.scala[0m
May 17, 2026 5:50:45 PM org.eclipse.lsp4j.jsonrpc.RemoteEndpoint handleCancellation
WARNING: Unmatched cancel notification for request id 3321
May 17, 2026 5:51:12 PM org.eclipse.lsp4j.jsonrpc.RemoteEndpoint handleCancellation
WARNING: Unmatched cancel notification for request id 3541
May 17, 2026 5:51:51 PM org.eclipse.lsp4j.jsonrpc.RemoteEndpoint handleCancellation
WARNING: Unmatched cancel notification for request id 3897
2026.05.17 17:51:51 WARN  Could not find semantic tokens for: file:///home/nullstarfish/personal-ysyx-workbench/ysyxSoC/src/amba/APBDelayer.scala[0m
May 17, 2026 5:51:56 PM org.eclipse.lsp4j.jsonrpc.RemoteEndpoint handleCancellation
WARNING: Unmatched cancel notification for request id 3984
2026.05.17 17:51:57 WARN  Could not find semantic tokens for: file:///home/nullstarfish/personal-ysyx-workbench/ysyxSoC/src/amba/APBDelayer.scala[0m
May 17, 2026 5:52:39 PM org.eclipse.lsp4j.jsonrpc.RemoteEndpoint handleCancellation
WARNING: Unmatched cancel notification for request id 4457
2026.05.17 17:52:39 WARN  Could not find semantic tokens for: file:///home/nullstarfish/personal-ysyx-workbench/ysyxSoC/src/amba/APBDelayer.scala[0m
May 17, 2026 5:53:42 PM org.eclipse.lsp4j.jsonrpc.RemoteEndpoint handleCancellation
WARNING: Unmatched cancel notification for request id 4859
May 17, 2026 5:54:33 PM org.eclipse.lsp4j.jsonrpc.RemoteEndpoint handleCancellation
WARNING: Unmatched cancel notification for request id 5033
2026.05.17 17:55:15 INFO  compiling ysyxsoc (1 scala source)[0m
2026.05.17 17:55:15 INFO  time: compiled ysyxsoc in 0.71s[0m
2026.05.17 17:55:16 WARN  Could not load snapshot text for /home/nullstarfish/personal-ysyx-workbench/ysyxSoC/src/amba/APBDelayer.scala[0m
2026.05.17 17:57:44 WARN  Could not load snapshot text for /home/nullstarfish/personal-ysyx-workbench/ysyxSoC/src/amba/APBDelayer.scala[0m
2026.05.17 17:57:51 WARN  Could not load snapshot text for /home/nullstarfish/personal-ysyx-workbench/ysyxSoC/src/amba/APBDelayer.scala[0m
2026.05.17 17:57:51 WARN  Could not load snapshot text for /home/nullstarfish/personal-ysyx-workbench/ysyxSoC/src/amba/APBDelayer.scala[0m
2026.05.17 17:57:52 INFO  compiling ysyxsoc (1 scala source)[0m
2026.05.17 17:57:52 INFO  time: compiled ysyxsoc in 0.37s[0m
2026.05.17 17:57:53 WARN  Could not load snapshot text for /home/nullstarfish/personal-ysyx-workbench/ysyxSoC/src/amba/APBDelayer.scala[0m
2026.05.17 17:58:10 WARN  Could not load snapshot text for /home/nullstarfish/personal-ysyx-workbench/ysyxSoC/src/amba/APBDelayer.scala[0m
2026.05.17 17:58:12 WARN  Could not load snapshot text for /home/nullstarfish/personal-ysyx-workbench/ysyxSoC/src/amba/APBDelayer.scala[0m
2026.05.17 17:58:13 INFO  compiling ysyxsoc (1 scala source)[0m
2026.05.17 17:58:13 INFO  time: compiled ysyxsoc in 0.23s[0m
2026.05.17 17:58:13 WARN  Could not load snapshot text for /home/nullstarfish/personal-ysyx-workbench/ysyxSoC/src/amba/APBDelayer.scala[0m
2026.05.17 18:43:00 WARN  Could not load snapshot text for /home/nullstarfish/personal-ysyx-workbench/ysyxSoC/src/amba/APBDelayer.scala[0m
2026.05.17 18:43:17 WARN  Could not load snapshot text for /home/nullstarfish/personal-ysyx-workbench/ysyxSoC/src/amba/APBDelayer.scala[0m
2026.05.17 18:43:21 WARN  Could not load snapshot text for /home/nullstarfish/personal-ysyx-workbench/ysyxSoC/src/amba/APBDelayer.scala[0m
2026.05.17 18:43:21 WARN  Could not load snapshot text for /home/nullstarfish/personal-ysyx-workbench/ysyxSoC/src/amba/APBDelayer.scala[0m
2026.05.17 18:43:23 WARN  Could not load snapshot text for /home/nullstarfish/personal-ysyx-workbench/ysyxSoC/src/amba/APBDelayer.scala[0m
2026.05.17 18:43:23 WARN  Could not load snapshot text for /home/nullstarfish/personal-ysyx-workbench/ysyxSoC/src/amba/APBDelayer.scala[0m
2026.05.17 18:43:23 WARN  Could not load snapshot text for /home/nullstarfish/personal-ysyx-workbench/ysyxSoC/src/amba/APBDelayer.scala[0m
2026.05.17 18:43:24 WARN  Could not load snapshot text for /home/nullstarfish/personal-ysyx-workbench/ysyxSoC/src/amba/APBDelayer.scala[0m
2026.05.17 18:43:25 WARN  Could not load snapshot text for /home/nullstarfish/personal-ysyx-workbench/ysyxSoC/src/amba/APBDelayer.scala[0m
2026.05.17 18:43:28 WARN  Could not load snapshot text for /home/nullstarfish/personal-ysyx-workbench/ysyxSoC/src/amba/APBDelayer.scala[0m
2026.05.17 18:43:28 WARN  Could not load snapshot text for /home/nullstarfish/personal-ysyx-workbench/ysyxSoC/src/amba/APBDelayer.scala[0m
2026.05.17 18:43:31 WARN  Could not find semantic tokens for: file:///home/nullstarfish/personal-ysyx-workbench/ysyxSoC/src/amba/APBDelayer.scala[0m
2026.05.17 18:43:31 WARN  Could not load snapshot text for /home/nullstarfish/personal-ysyx-workbench/ysyxSoC/src/amba/APBDelayer.scala[0m
2026.05.17 18:43:34 WARN  Could not load snapshot text for /home/nullstarfish/personal-ysyx-workbench/ysyxSoC/src/amba/APBDelayer.scala[0m
2026.05.17 18:43:35 WARN  Could not load snapshot text for /home/nullstarfish/personal-ysyx-workbench/ysyxSoC/src/amba/APBDelayer.scala[0m
2026.05.17 18:43:36 WARN  Could not load snapshot text for /home/nullstarfish/personal-ysyx-workbench/ysyxSoC/src/amba/APBDelayer.scala[0m
2026.05.17 18:43:36 WARN  Could not load snapshot text for /home/nullstarfish/personal-ysyx-workbench/ysyxSoC/src/amba/APBDelayer.scala[0m
2026.05.17 18:43:36 WARN  Could not load snapshot text for /home/nullstarfish/personal-ysyx-workbench/ysyxSoC/src/amba/APBDelayer.scala[0m
2026.05.17 18:43:38 WARN  Could not load snapshot text for /home/nullstarfish/personal-ysyx-workbench/ysyxSoC/src/amba/APBDelayer.scala[0m
2026.05.17 18:43:39 WARN  Could not load snapshot text for /home/nullstarfish/personal-ysyx-workbench/ysyxSoC/src/amba/APBDelayer.scala[0m
2026.05.17 18:43:44 WARN  Could not load snapshot text for /home/nullstarfish/personal-ysyx-workbench/ysyxSoC/src/amba/APBDelayer.scala[0m
2026.05.17 18:43:46 WARN  Could not load snapshot text for /home/nullstarfish/personal-ysyx-workbench/ysyxSoC/src/amba/APBDelayer.scala[0m
2026.05.17 18:43:46 WARN  Could not load snapshot text for /home/nullstarfish/personal-ysyx-workbench/ysyxSoC/src/amba/APBDelayer.scala[0m
2026.05.17 18:43:49 WARN  Could not load snapshot text for /home/nullstarfish/personal-ysyx-workbench/ysyxSoC/src/amba/APBDelayer.scala[0m
2026.05.17 18:43:49 INFO  compiling ysyxsoc (1 scala source)[0m
2026.05.17 18:43:49 INFO  time: compiled ysyxsoc in 0.64s[0m
2026.05.17 18:43:50 WARN  Could not load snapshot text for /home/nullstarfish/personal-ysyx-workbench/ysyxSoC/src/amba/APBDelayer.scala[0m
2026.05.17 18:43:52 WARN  Could not load snapshot text for /home/nullstarfish/personal-ysyx-workbench/ysyxSoC/src/amba/APBDelayer.scala[0m
2026.05.17 18:43:54 WARN  Could not load snapshot text for /home/nullstarfish/personal-ysyx-workbench/ysyxSoC/src/amba/APBDelayer.scala[0m
2026.05.17 18:43:55 WARN  Could not load snapshot text for /home/nullstarfish/personal-ysyx-workbench/ysyxSoC/src/amba/APBDelayer.scala[0m
2026.05.17 18:43:56 WARN  Could not load snapshot text for /home/nullstarfish/personal-ysyx-workbench/ysyxSoC/src/amba/APBDelayer.scala[0m
2026.05.17 18:43:57 WARN  Could not load snapshot text for /home/nullstarfish/personal-ysyx-workbench/ysyxSoC/src/amba/APBDelayer.scala[0m
2026.05.17 18:43:57 WARN  Could not load snapshot text for /home/nullstarfish/personal-ysyx-workbench/ysyxSoC/src/amba/APBDelayer.scala[0m
2026.05.17 18:43:57 WARN  Could not load snapshot text for /home/nullstarfish/personal-ysyx-workbench/ysyxSoC/src/amba/APBDelayer.scala[0m
2026.05.17 18:43:58 WARN  Could not load snapshot text for /home/nullstarfish/personal-ysyx-workbench/ysyxSoC/src/amba/APBDelayer.scala[0m
2026.05.17 18:43:59 WARN  Could not load snapshot text for /home/nullstarfish/personal-ysyx-workbench/ysyxSoC/src/amba/APBDelayer.scala[0m
2026.05.17 18:44:00 WARN  Could not load snapshot text for /home/nullstarfish/personal-ysyx-workbench/ysyxSoC/src/amba/APBDelayer.scala[0m
2026.05.17 18:44:00 WARN  Could not load snapshot text for /home/nullstarfish/personal-ysyx-workbench/ysyxSoC/src/amba/APBDelayer.scala[0m
2026.05.17 18:44:01 WARN  Could not load snapshot text for /home/nullstarfish/personal-ysyx-workbench/ysyxSoC/src/amba/APBDelayer.scala[0m
2026.05.17 18:44:02 WARN  Could not load snapshot text for /home/nullstarfish/personal-ysyx-workbench/ysyxSoC/src/amba/APBDelayer.scala[0m
2026.05.17 18:44:03 WARN  Could not load snapshot text for /home/nullstarfish/personal-ysyx-workbench/ysyxSoC/src/amba/APBDelayer.scala[0m
2026.05.17 18:44:03 WARN  Could not load snapshot text for /home/nullstarfish/personal-ysyx-workbench/ysyxSoC/src/amba/APBDelayer.scala[0m
2026.05.17 18:44:04 WARN  Could not load snapshot text for /home/nullstarfish/personal-ysyx-workbench/ysyxSoC/src/amba/APBDelayer.scala[0m
2026.05.17 18:44:05 WARN  Could not load snapshot text for /home/nullstarfish/personal-ysyx-workbench/ysyxSoC/src/amba/APBDelayer.scala[0m
2026.05.17 18:44:05 WARN  Could not load snapshot text for /home/nullstarfish/personal-ysyx-workbench/ysyxSoC/src/amba/APBDelayer.scala[0m
2026.05.17 18:44:07 WARN  Could not load snapshot text for /home/nullstarfish/personal-ysyx-workbench/ysyxSoC/src/amba/APBDelayer.scala[0m
2026.05.17 18:44:08 INFO  compiling ysyxsoc (1 scala source)[0m
2026.05.17 18:44:08 INFO  time: compiled ysyxsoc in 0.3s[0m
2026.05.17 18:44:08 WARN  Could not load snapshot text for /home/nullstarfish/personal-ysyx-workbench/ysyxSoC/src/amba/APBDelayer.scala[0m
2026.05.17 18:44:18 WARN  Could not load snapshot text for /home/nullstarfish/personal-ysyx-workbench/ysyxSoC/src/amba/APBDelayer.scala[0m
2026.05.17 18:44:19 WARN  Could not load snapshot text for /home/nullstarfish/personal-ysyx-workbench/ysyxSoC/src/amba/APBDelayer.scala[0m
2026.05.17 18:44:19 INFO  compiling ysyxsoc (1 scala source)[0m
2026.05.17 18:44:19 INFO  time: compiled ysyxsoc in 0.24s[0m
2026.05.17 18:44:20 WARN  Could not load snapshot text for /home/nullstarfish/personal-ysyx-workbench/ysyxSoC/src/amba/APBDelayer.scala[0m
2026.05.17 18:44:23 WARN  Could not load snapshot text for /home/nullstarfish/personal-ysyx-workbench/ysyxSoC/src/amba/APBDelayer.scala[0m
2026.05.17 18:44:25 WARN  Could not load snapshot text for /home/nullstarfish/personal-ysyx-workbench/ysyxSoC/src/amba/APBDelayer.scala[0m
2026.05.17 18:44:25 WARN  Could not load snapshot text for /home/nullstarfish/personal-ysyx-workbench/ysyxSoC/src/amba/APBDelayer.scala[0m
2026.05.17 18:44:25 INFO  compiling ysyxsoc (1 scala source)[0m
2026.05.17 18:44:25 INFO  time: compiled ysyxsoc in 0.21s[0m
2026.05.17 18:44:25 WARN  Could not load snapshot text for /home/nullstarfish/personal-ysyx-workbench/ysyxSoC/src/amba/APBDelayer.scala[0m
2026.05.17 18:44:28 WARN  Could not load snapshot text for /home/nullstarfish/personal-ysyx-workbench/ysyxSoC/src/amba/APBDelayer.scala[0m
2026.05.17 18:44:28 INFO  compiling ysyxsoc (1 scala source)[0m
2026.05.17 18:44:28 INFO  time: compiled ysyxsoc in 0.19s[0m
2026.05.17 18:44:29 WARN  Could not load snapshot text for /home/nullstarfish/personal-ysyx-workbench/ysyxSoC/src/amba/APBDelayer.scala[0m
2026.05.17 18:44:32 WARN  Could not load snapshot text for /home/nullstarfish/personal-ysyx-workbench/ysyxSoC/src/amba/APBDelayer.scala[0m
2026.05.17 18:44:34 INFO  compiling ysyxsoc (1 scala source)[0m
2026.05.17 18:44:34 INFO  time: compiled ysyxsoc in 0.19s[0m
2026.05.17 18:44:35 WARN  Could not load snapshot text for /home/nullstarfish/personal-ysyx-workbench/ysyxSoC/src/amba/APBDelayer.scala[0m
2026.05.17 18:44:36 WARN  Could not load snapshot text for /home/nullstarfish/personal-ysyx-workbench/ysyxSoC/src/amba/APBDelayer.scala[0m
2026.05.17 18:44:36 WARN  Could not load snapshot text for /home/nullstarfish/personal-ysyx-workbench/ysyxSoC/src/amba/APBDelayer.scala[0m
2026.05.17 18:44:37 WARN  Could not load snapshot text for /home/nullstarfish/personal-ysyx-workbench/ysyxSoC/src/amba/APBDelayer.scala[0m
2026.05.17 18:44:39 WARN  Could not load snapshot text for /home/nullstarfish/personal-ysyx-workbench/ysyxSoC/src/amba/APBDelayer.scala[0m
2026.05.17 18:44:40 WARN  Could not load snapshot text for /home/nullstarfish/personal-ysyx-workbench/ysyxSoC/src/amba/APBDelayer.scala[0m
2026.05.17 18:44:43 WARN  Could not load snapshot text for /home/nullstarfish/personal-ysyx-workbench/ysyxSoC/src/amba/APBDelayer.scala[0m
2026.05.17 18:44:43 WARN  Could not load snapshot text for /home/nullstarfish/personal-ysyx-workbench/ysyxSoC/src/amba/APBDelayer.scala[0m
2026.05.17 18:44:54 WARN  Could not load snapshot text for /home/nullstarfish/personal-ysyx-workbench/ysyxSoC/src/amba/APBDelayer.scala[0m
2026.05.17 18:44:55 INFO  compiling ysyxsoc (1 scala source)[0m
2026.05.17 18:44:55 INFO  time: compiled ysyxsoc in 0.17s[0m
2026.05.17 18:44:55 WARN  Could not load snapshot text for /home/nullstarfish/personal-ysyx-workbench/ysyxSoC/src/amba/APBDelayer.scala[0m
2026.05.17 18:44:59 WARN  Could not load snapshot text for /home/nullstarfish/personal-ysyx-workbench/ysyxSoC/src/amba/APBDelayer.scala[0m
2026.05.17 18:44:59 INFO  compiling ysyxsoc (1 scala source)[0m
2026.05.17 18:44:59 INFO  time: compiled ysyxsoc in 0.18s[0m
2026.05.17 18:44:59 WARN  Could not load snapshot text for /home/nullstarfish/personal-ysyx-workbench/ysyxSoC/src/amba/APBDelayer.scala[0m
2026.05.17 18:45:30 WARN  Could not load snapshot text for /home/nullstarfish/personal-ysyx-workbench/ysyxSoC/src/amba/APBDelayer.scala[0m
2026.05.17 18:45:33 WARN  Could not load snapshot text for /home/nullstarfish/personal-ysyx-workbench/ysyxSoC/src/amba/APBDelayer.scala[0m
2026.05.17 18:45:34 WARN  Could not load snapshot text for /home/nullstarfish/personal-ysyx-workbench/ysyxSoC/src/amba/APBDelayer.scala[0m
2026.05.17 18:45:35 WARN  Could not load snapshot text for /home/nullstarfish/personal-ysyx-workbench/ysyxSoC/src/amba/APBDelayer.scala[0m
2026.05.17 18:45:35 WARN  Could not load snapshot text for /home/nullstarfish/personal-ysyx-workbench/ysyxSoC/src/amba/APBDelayer.scala[0m
2026.05.17 18:45:36 WARN  Could not load snapshot text for /home/nullstarfish/personal-ysyx-workbench/ysyxSoC/src/amba/APBDelayer.scala[0m
2026.05.17 18:45:36 WARN  Could not load snapshot text for /home/nullstarfish/personal-ysyx-workbench/ysyxSoC/src/amba/APBDelayer.scala[0m
2026.05.17 18:45:37 INFO  compiling ysyxsoc (1 scala source)[0m
2026.05.17 18:45:37 INFO  time: compiled ysyxsoc in 0.27s[0m
2026.05.17 18:45:37 WARN  Could not load snapshot text for /home/nullstarfish/personal-ysyx-workbench/ysyxSoC/src/amba/APBDelayer.scala[0m
2026.05.17 18:45:44 WARN  Could not load snapshot text for /home/nullstarfish/personal-ysyx-workbench/ysyxSoC/src/amba/APBDelayer.scala[0m
2026.05.17 18:45:44 WARN  Could not load snapshot text for /home/nullstarfish/personal-ysyx-workbench/ysyxSoC/src/amba/APBDelayer.scala[0m
2026.05.17 18:45:44 INFO  compiling ysyxsoc (1 scala source)[0m
2026.05.17 18:45:44 INFO  time: compiled ysyxsoc in 0.16s[0m
2026.05.17 18:45:44 WARN  Could not load snapshot text for /home/nullstarfish/personal-ysyx-workbench/ysyxSoC/src/amba/APBDelayer.scala[0m
2026.05.17 18:45:47 WARN  Could not load snapshot text for /home/nullstarfish/personal-ysyx-workbench/ysyxSoC/src/amba/APBDelayer.scala[0m
2026.05.17 18:45:48 INFO  compiling ysyxsoc (1 scala source)[0m
2026.05.17 18:45:48 INFO  time: compiled ysyxsoc in 0.15s[0m
2026.05.17 18:45:48 WARN  Could not load snapshot text for /home/nullstarfish/personal-ysyx-workbench/ysyxSoC/src/amba/APBDelayer.scala[0m
2026.05.17 18:45:51 WARN  Could not load snapshot text for /home/nullstarfish/personal-ysyx-workbench/ysyxSoC/src/amba/APBDelayer.scala[0m
2026.05.17 18:46:00 WARN  Could not load snapshot text for /home/nullstarfish/personal-ysyx-workbench/ysyxSoC/src/amba/APBDelayer.scala[0m
2026.05.17 18:46:03 WARN  Could not load snapshot text for /home/nullstarfish/personal-ysyx-workbench/ysyxSoC/src/amba/APBDelayer.scala[0m
2026.05.17 18:46:04 WARN  Could not load snapshot text for /home/nullstarfish/personal-ysyx-workbench/ysyxSoC/src/amba/APBDelayer.scala[0m
2026.05.17 18:46:04 WARN  Could not load snapshot text for /home/nullstarfish/personal-ysyx-workbench/ysyxSoC/src/amba/APBDelayer.scala[0m
2026.05.17 18:46:05 WARN  Could not load snapshot text for /home/nullstarfish/personal-ysyx-workbench/ysyxSoC/src/amba/APBDelayer.scala[0m
2026.05.17 18:46:05 WARN  Could not load snapshot text for /home/nullstarfish/personal-ysyx-workbench/ysyxSoC/src/amba/APBDelayer.scala[0m
2026.05.17 18:46:07 WARN  Could not load snapshot text for /home/nullstarfish/personal-ysyx-workbench/ysyxSoC/src/amba/APBDelayer.scala[0m
May 17, 2026 6:46:07 PM org.eclipse.lsp4j.jsonrpc.RemoteEndpoint handleCancellation
WARNING: Unmatched cancel notification for request id 6489
2026.05.17 18:46:07 WARN  Could not load snapshot text for /home/nullstarfish/personal-ysyx-workbench/ysyxSoC/src/amba/APBDelayer.scala[0m
2026.05.17 18:46:07 INFO  compiling ysyxsoc (1 scala source)[0m
2026.05.17 18:46:07 WARN  3 deprecations (since rocketchip 2.0.0); re-run with -deprecation for details[0m
2026.05.17 18:46:08 INFO  time: compiled ysyxsoc in 1.24s[0m
2026.05.17 18:46:35 INFO  compiling ysyxsoc (1 scala source)[0m
2026.05.17 18:46:35 WARN  3 deprecations (since rocketchip 2.0.0); re-run with -deprecation for details[0m
2026.05.17 18:46:35 INFO  time: compiled ysyxsoc in 0.93s[0m
2026.05.17 18:46:40 INFO  compiling ysyxsoc (1 scala source)[0m
2026.05.17 18:46:40 WARN  3 deprecations (since rocketchip 2.0.0); re-run with -deprecation for details[0m
2026.05.17 18:46:40 INFO  time: compiled ysyxsoc in 0.82s[0m
2026.05.17 18:46:43 INFO  compiling ysyxsoc (1 scala source)[0m
2026.05.17 18:46:43 WARN  3 deprecations (since rocketchip 2.0.0); re-run with -deprecation for details[0m
2026.05.17 18:46:43 INFO  time: compiled ysyxsoc in 0.73s[0m
May 17, 2026 6:48:19 PM org.eclipse.lsp4j.jsonrpc.RemoteEndpoint handleCancellation
WARNING: Unmatched cancel notification for request id 6650
May 17, 2026 6:48:20 PM org.eclipse.lsp4j.jsonrpc.RemoteEndpoint handleCancellation
WARNING: Unmatched cancel notification for request id 6665
2026.05.17 18:48:22 WARN  Could not find semantic tokens for: file:///home/nullstarfish/personal-ysyx-workbench/ysyxSoC/src/amba/APBDelayer.scala[0m
2026.05.17 18:48:24 INFO  compiling ysyxsoc (1 scala source)[0m
2026.05.17 18:48:25 WARN  3 deprecations (since rocketchip 2.0.0); re-run with -deprecation for details[0m
2026.05.17 18:48:25 INFO  time: compiled ysyxsoc in 1.96s[0m
2026.05.17 18:50:00 INFO  compiling ysyxsoc (1 scala source)[0m
2026.05.17 18:50:01 WARN  3 deprecations (since rocketchip 2.0.0); re-run with -deprecation for details[0m
2026.05.17 18:50:01 INFO  time: compiled ysyxsoc in 1.21s[0m
2026.05.17 18:50:19 WARN  Could not find semantic tokens for: file:///home/nullstarfish/personal-ysyx-workbench/ysyxSoC/src/amba/APBDelayer.scala[0m
2026.05.17 18:50:21 INFO  compiling ysyxsoc (1 scala source)[0m
2026.05.17 18:50:21 WARN  3 deprecations (since rocketchip 2.0.0); re-run with -deprecation for details[0m
2026.05.17 18:50:21 INFO  time: compiled ysyxsoc in 0.94s[0m
2026.05.17 18:51:37 INFO  compiling ysyxsoc (1 scala source)[0m
2026.05.17 18:51:38 WARN  3 deprecations (since rocketchip 2.0.0); re-run with -deprecation for details[0m
2026.05.17 18:51:38 INFO  time: compiled ysyxsoc in 1.11s[0m
2026.05.17 18:51:55 WARN  Could not find semantic tokens for: file:///home/nullstarfish/personal-ysyx-workbench/ysyxSoC/src/amba/APBDelayer.scala[0m
May 17, 2026 6:52:03 PM org.eclipse.lsp4j.jsonrpc.RemoteEndpoint handleCancellation
WARNING: Unmatched cancel notification for request id 7279
2026.05.17 18:52:03 WARN  Could not find semantic tokens for: file:///home/nullstarfish/personal-ysyx-workbench/ysyxSoC/src/amba/APBDelayer.scala[0m
2026.05.17 18:52:16 INFO  compiling ysyxsoc (1 scala source)[0m
2026.05.17 18:52:16 INFO  time: compiled ysyxsoc in 0.25s[0m
2026.05.17 18:52:21 INFO  compiling ysyxsoc (1 scala source)[0m
2026.05.17 18:52:21 WARN  3 deprecations (since rocketchip 2.0.0); re-run with -deprecation for details[0m
2026.05.17 18:52:21 INFO  time: compiled ysyxsoc in 0.95s[0m
2026.05.17 18:56:25 INFO  compiling ysyxsoc (1 scala source)[0m
2026.05.17 18:56:27 WARN  3 deprecations (since rocketchip 2.0.0); re-run with -deprecation for details[0m
2026.05.17 18:56:27 INFO  time: compiled ysyxsoc in 1.95s[0m
May 17, 2026 6:57:13 PM org.eclipse.lsp4j.jsonrpc.RemoteEndpoint handleCancellation
WARNING: Unmatched cancel notification for request id 7870
May 17, 2026 6:57:19 PM org.eclipse.lsp4j.jsonrpc.RemoteEndpoint handleCancellation
WARNING: Unmatched cancel notification for request id 7927
2026.05.17 18:57:19 INFO  compiling ysyxsoc (1 scala source)[0m
2026.05.17 18:57:19 INFO  time: compiled ysyxsoc in 0.19s[0m
2026.05.17 18:57:43 WARN  Could not find semantic tokens for: file:///home/nullstarfish/personal-ysyx-workbench/ysyxSoC/src/amba/APBDelayer.scala[0m
2026.05.17 18:57:45 WARN  Could not find semantic tokens for: file:///home/nullstarfish/personal-ysyx-workbench/ysyxSoC/src/amba/APBDelayer.scala[0m
2026.05.17 18:58:08 INFO  compiling ysyxsoc (1 scala source)[0m
2026.05.17 18:58:09 WARN  3 deprecations (since rocketchip 2.0.0); re-run with -deprecation for details[0m
2026.05.17 18:58:09 INFO  time: compiled ysyxsoc in 1.26s[0m
2026.05.17 18:58:54 INFO  compiling ysyxsoc (1 scala source)[0m
2026.05.17 18:58:55 WARN  3 deprecations (since rocketchip 2.0.0); re-run with -deprecation for details[0m
2026.05.17 18:58:55 INFO  time: compiled ysyxsoc in 1.15s[0m
2026.05.17 18:59:03 INFO  compiling ysyxsoc (1 scala source)[0m
2026.05.17 18:59:03 WARN  3 deprecations (since rocketchip 2.0.0); re-run with -deprecation for details[0m
2026.05.17 18:59:03 INFO  time: compiled ysyxsoc in 0.88s[0m
2026.05.17 18:59:12 INFO  compiling ysyxsoc (1 scala source)[0m
2026.05.17 18:59:12 WARN  3 deprecations (since rocketchip 2.0.0); re-run with -deprecation for details[0m
2026.05.17 18:59:12 INFO  time: compiled ysyxsoc in 0.78s[0m
2026.05.17 19:02:38 INFO  compiling ysyxsoc (1 scala source)[0m
2026.05.17 19:02:40 WARN  3 deprecations (since rocketchip 2.0.0); re-run with -deprecation for details[0m
2026.05.17 19:02:40 INFO  time: compiled ysyxsoc in 2.1s[0m
2026.05.17 19:06:01 INFO  compiling ysyxsoc (1 scala source)[0m
2026.05.17 19:06:03 WARN  3 deprecations (since rocketchip 2.0.0); re-run with -deprecation for details[0m
2026.05.17 19:06:03 INFO  time: compiled ysyxsoc in 2.1s[0m
2026.05.17 19:15:54 INFO  compiling ysyxsoc (1 scala source)[0m
2026.05.17 19:15:56 WARN  3 deprecations (since rocketchip 2.0.0); re-run with -deprecation for details[0m
2026.05.17 19:15:56 INFO  time: compiled ysyxsoc in 2.09s[0m
May 17, 2026 7:16:24 PM org.eclipse.lsp4j.jsonrpc.RemoteEndpoint handleCancellation
WARNING: Unmatched cancel notification for request id 10377
2026.05.17 19:16:24 WARN  Could not find semantic tokens for: file:///home/nullstarfish/personal-ysyx-workbench/ysyxSoC/src/amba/APBDelayer.scala[0m
2026.05.17 19:16:41 WARN  Could not find semantic tokens for: file:///home/nullstarfish/personal-ysyx-workbench/ysyxSoC/src/amba/APBDelayer.scala[0m
2026.05.17 19:16:58 INFO  compiling ysyxsoc (1 scala source)[0m
2026.05.17 19:16:59 WARN  3 deprecations (since rocketchip 2.0.0); re-run with -deprecation for details[0m
2026.05.17 19:16:59 INFO  time: compiled ysyxsoc in 1.38s[0m
2026.05.17 19:17:36 WARN  Could not find semantic tokens for: file:///home/nullstarfish/personal-ysyx-workbench/ysyxSoC/src/amba/APBDelayer.scala[0m
2026.05.17 19:17:38 INFO  Created report: Optional[file:///home/nullstarfish/personal-ysyx-workbench/ysyxSoC/src/amba/APBDelayer.scala][0m
2026.05.17 19:17:38 INFO  java.lang.IndexOutOfBoundsException: -1 is out of bounds (min 0, max 2) (full report at: "/home/nullstarfish/personal-ysyx-workbench/ysyxSoC/.metals/.reports/metals-full/2026-05-17/r_compiler-error_(ysyxsoc)_19-17-38-175.md")[0m
2026.05.17 19:17:38 WARN  Could not find semantic tokens for: file:///home/nullstarfish/personal-ysyx-workbench/ysyxSoC/src/amba/APBDelayer.scala[0m
May 17, 2026 7:17:41 PM org.eclipse.lsp4j.jsonrpc.RemoteEndpoint handleCancellation
WARNING: Unmatched cancel notification for request id 10987
May 17, 2026 7:17:44 PM org.eclipse.lsp4j.jsonrpc.RemoteEndpoint handleCancellation
WARNING: Unmatched cancel notification for request id 11025
2026.05.17 19:18:08 INFO  compiling ysyxsoc (1 scala source)[0m
2026.05.17 19:18:10 WARN  3 deprecations (since rocketchip 2.0.0); re-run with -deprecation for details[0m
2026.05.17 19:18:10 INFO  time: compiled ysyxsoc in 2.19s[0m
May 17, 2026 7:19:41 PM org.eclipse.lsp4j.jsonrpc.RemoteEndpoint handleCancellation
WARNING: Unmatched cancel notification for request id 11308
May 17, 2026 7:20:18 PM org.eclipse.lsp4j.jsonrpc.RemoteEndpoint handleCancellation
WARNING: Unmatched cancel notification for request id 11702
May 17, 2026 7:20:28 PM scala.meta.internal.pc.CompilerAccess retryWithCleanCompiler
INFO: compiler crashed due to an error in the Scala compiler, retrying with new compiler instance.
2026.05.17 19:20:28 INFO  Created report: Optional[file:///home/nullstarfish/personal-ysyx-workbench/ysyxSoC/src/amba/APBDelayer.scala][0m
2026.05.17 19:20:28 INFO  scala.ScalaReflectionException: value startWait is not a method (full report at: "/home/nullstarfish/personal-ysyx-workbench/ysyxSoC/.metals/.reports/metals-full/2026-05-17/r_compiler-error_(ysyxsoc)_19-20-28-664.md")[0m
2026.05.17 19:20:28 WARN  Could not find semantic tokens for: file:///home/nullstarfish/personal-ysyx-workbench/ysyxSoC/src/amba/APBDelayer.scala[0m
May 17, 2026 7:20:29 PM scala.meta.internal.pc.CompilerAccess retryWithCleanCompiler
INFO: compiler crashed due to an error in the Scala compiler, retrying with new compiler instance.
2026.05.17 19:20:28 INFO  Created report: Optional[file:///home/nullstarfish/personal-ysyx-workbench/ysyxSoC/src/amba/APBDelayer.scala][0m
2026.05.17 19:20:28 INFO  scala.ScalaReflectionException: value startWait is not a method (full report at: "/home/nullstarfish/personal-ysyx-workbench/ysyxSoC/.metals/.reports/metals-full/2026-05-17/r_compiler-error_(ysyxsoc)_19-20-29-200.md")[0m
2026.05.17 19:20:28 WARN  Could not find semantic tokens for: file:///home/nullstarfish/personal-ysyx-workbench/ysyxSoC/src/amba/APBDelayer.scala[0m
May 17, 2026 7:20:30 PM scala.meta.internal.pc.CompilerAccess retryWithCleanCompiler
INFO: compiler crashed due to an error in the Scala compiler, retrying with new compiler instance.
2026.05.17 19:20:30 INFO  Created report: Optional[file:///home/nullstarfish/personal-ysyx-workbench/ysyxSoC/src/amba/APBDelayer.scala][0m
2026.05.17 19:20:30 INFO  scala.ScalaReflectionException: value startWait is not a method (full report at: "/home/nullstarfish/personal-ysyx-workbench/ysyxSoC/.metals/.reports/metals-full/2026-05-17/r_compiler-error_(ysyxsoc)_19-20-30-874.md")[0m
2026.05.17 19:20:30 WARN  Could not find semantic tokens for: file:///home/nullstarfish/personal-ysyx-workbench/ysyxSoC/src/amba/APBDelayer.scala[0m
2026.05.17 19:20:52 INFO  compiling ysyxsoc (1 scala source)[0m
2026.05.17 19:20:52 INFO  time: compiled ysyxsoc in 0.78s[0m
2026.05.17 19:20:56 INFO  compiling ysyxsoc (1 scala source)[0m
2026.05.17 19:20:56 INFO  time: compiled ysyxsoc in 0.3s[0m
2026.05.17 19:21:08 WARN  Could not find semantic tokens for: file:///home/nullstarfish/personal-ysyx-workbench/ysyxSoC/src/amba/APBDelayer.scala[0m
May 17, 2026 7:21:09 PM org.eclipse.lsp4j.jsonrpc.RemoteEndpoint handleCancellation
WARNING: Unmatched cancel notification for request id 12016
2026.05.17 19:21:25 WARN  Could not find semantic tokens for: file:///home/nullstarfish/personal-ysyx-workbench/ysyxSoC/src/amba/APBDelayer.scala[0m
2026.05.17 19:21:27 INFO  compiling ysyxsoc (1 scala source)[0m
2026.05.17 19:21:27 INFO  time: compiled ysyxsoc in 0.23s[0m
2026.05.17 19:21:48 INFO  compiling ysyxsoc (1 scala source)[0m
2026.05.17 19:21:49 WARN  3 deprecations (since rocketchip 2.0.0); re-run with -deprecation for details[0m
2026.05.17 19:21:49 INFO  time: compiled ysyxsoc in 1.47s[0m
2026.05.17 19:22:42 INFO  compiling ysyxsoc (1 scala source)[0m
2026.05.17 19:22:43 WARN  3 deprecations (since rocketchip 2.0.0); re-run with -deprecation for details[0m
2026.05.17 19:22:43 INFO  time: compiled ysyxsoc in 1.25s[0m
May 17, 2026 7:24:31 PM org.eclipse.lsp4j.jsonrpc.RemoteEndpoint handleCancellation
WARNING: Unmatched cancel notification for request id 12529
2026.05.17 19:24:33 INFO  compiling ysyxsoc (1 scala source)[0m
2026.05.17 19:24:35 WARN  3 deprecations (since rocketchip 2.0.0); re-run with -deprecation for details[0m
2026.05.17 19:24:35 INFO  time: compiled ysyxsoc in 2.12s[0m
May 17, 2026 7:25:18 PM org.eclipse.lsp4j.jsonrpc.RemoteEndpoint handleCancellation
WARNING: Unmatched cancel notification for request id 12693
2026.05.17 19:25:44 WARN  Could not find semantic tokens for: file:///home/nullstarfish/personal-ysyx-workbench/ysyxSoC/src/amba/APBDelayer.scala[0m
May 17, 2026 7:25:58 PM org.eclipse.lsp4j.jsonrpc.RemoteEndpoint handleCancellation
WARNING: Unmatched cancel notification for request id 12994
May 17, 2026 7:26:16 PM org.eclipse.lsp4j.jsonrpc.RemoteEndpoint handleCancellation
WARNING: Unmatched cancel notification for request id 13321
2026.05.17 19:26:21 INFO  compiling ysyxsoc (1 scala source)[0m
2026.05.17 19:26:23 WARN  3 deprecations (since rocketchip 2.0.0); re-run with -deprecation for details[0m
2026.05.17 19:26:23 INFO  time: compiled ysyxsoc in 2.27s[0m
2026.05.17 19:28:41 INFO  compiling ysyxsoc (1 scala source)[0m
2026.05.17 19:28:43 WARN  3 deprecations (since rocketchip 2.0.0); re-run with -deprecation for details[0m
2026.05.17 19:28:43 INFO  time: compiled ysyxsoc in 2.24s[0m
2026.05.17 19:29:58 INFO  compiling ysyxsoc (1 scala source)[0m
2026.05.17 19:29:59 WARN  3 deprecations (since rocketchip 2.0.0); re-run with -deprecation for details[0m
2026.05.17 19:29:59 INFO  time: compiled ysyxsoc in 2.19s[0m
2026.05.17 19:30:02 INFO  compiling ysyxsoc (1 scala source)[0m
2026.05.17 19:30:02 WARN  3 deprecations (since rocketchip 2.0.0); re-run with -deprecation for details[0m
2026.05.17 19:30:04 INFO  time: compiled ysyxsoc in 1.09s[0m
2026.05.17 19:30:10 INFO  compiling ysyxsoc (1 scala source)[0m
2026.05.17 19:30:10 WARN  3 deprecations (since rocketchip 2.0.0); re-run with -deprecation for details[0m
2026.05.17 19:30:10 INFO  time: compiled ysyxsoc in 0.91s[0m
2026.05.17 19:30:13 INFO  compiling ysyxsoc (1 scala source)[0m
2026.05.17 19:30:13 WARN  3 deprecations (since rocketchip 2.0.0); re-run with -deprecation for details[0m
2026.05.17 19:30:13 INFO  time: compiled ysyxsoc in 0.84s[0m
2026.05.17 19:35:03 INFO  compiling ysyxsoc (1 scala source)[0m
2026.05.17 19:35:05 WARN  3 deprecations (since rocketchip 2.0.0); re-run with -deprecation for details[0m
2026.05.17 19:35:05 INFO  time: compiled ysyxsoc in 2.3s[0m
2026.05.17 19:35:15 INFO  compiling ysyxsoc (1 scala source)[0m
2026.05.17 19:35:15 WARN  3 deprecations (since rocketchip 2.0.0); re-run with -deprecation for details[0m
2026.05.17 19:35:16 INFO  time: compiled ysyxsoc in 1.18s[0m
2026.05.17 19:45:15 INFO  compiling ysyxsoc (1 scala source)[0m
May 17, 2026 7:45:15 PM org.eclipse.lsp4j.jsonrpc.RemoteEndpoint handleCancellation
WARNING: Unmatched cancel notification for request id 13978
2026.05.17 19:45:17 WARN  3 deprecations (since rocketchip 2.0.0); re-run with -deprecation for details[0m
2026.05.17 19:45:17 INFO  time: compiled ysyxsoc in 2.26s[0m
2026.05.17 19:45:20 INFO  compiling ysyxsoc (1 scala source)[0m
2026.05.17 19:45:21 WARN  3 deprecations (since rocketchip 2.0.0); re-run with -deprecation for details[0m
2026.05.17 19:45:21 INFO  time: compiled ysyxsoc in 1.29s[0m
May 17, 2026 8:03:01 PM org.eclipse.lsp4j.jsonrpc.services.GenericEndpoint notify
INFO: Unsupported notification method: $/setTrace
2026.05.17 20:21:15 INFO  Shutting down server[0m
2026.05.17 20:21:15 INFO  Memory monitor stopped[0m
2026.05.17 20:21:15 INFO  shutting down Metals[0m
2026.05.17 20:21:15 INFO  Shut down connection with build server.[0m
2026.05.17 20:21:15 INFO  Exiting server[0m
2026.05.19 17:21:37 INFO  tracing is disabled for protocol LSP, to enable tracing of incoming and outgoing JSON messages create an empty file at /home/nullstarfish/personal-ysyx-workbench/ysyxSoC/.metals/lsp.trace.json[0m
2026.05.19 17:21:38 INFO  logging to files /home/nullstarfish/personal-ysyx-workbench/ysyxSoC/.metals/metals.log[0m
2026.05.19 17:21:38 INFO  Started: Metals version 1.6.7 in folders '/home/nullstarfish/personal-ysyx-workbench/ysyxSoC' for client Visual Studio Code 1.120.0.[0m
2026.05.19 17:21:38 INFO  Memory monitor started[0m
2026.05.19 17:21:40 WARN  Using H2 2.4.240 which is newer than the version Flyway has been verified with. The latest verified version of H2 is 2.3.232.[0m
2026.05.19 17:21:40 INFO  no build target found for /home/nullstarfish/personal-ysyx-workbench/ysyxSoC/src/device/GPIO.scala. Using presentation compiler with project's scala-library version: 3.3.7[0m
2026.05.19 17:21:40 INFO  Attempting to connect to the build server...[0m
2026.05.19 17:21:40 INFO  Found a Bloop server running[0m
2026.05.19 17:21:40 INFO  tracing is disabled for protocol BSP, to enable tracing of incoming and outgoing JSON messages create an empty file at /home/nullstarfish/personal-ysyx-workbench/ysyxSoC/.metals/bsp.trace.json[0m
2026.05.19 17:21:42 INFO  no build target found for /home/nullstarfish/personal-ysyx-workbench/ysyxSoC/src/device/GPIO.scala. Using presentation compiler with project's scala-library version: 3.3.7[0m
2026.05.19 17:21:48 INFO  time: Connected to build server in 7.49s[0m
2026.05.19 17:21:48 INFO  Connected to Build server: Bloop v2.0.19[0m
2026.05.19 17:21:48 INFO  time: Imported build in 0.18s[0m
2026.05.19 17:21:48 WARN  2.13.14 is no longer supported in the current Metals versions, using the last known supported version 1.6.3[0m
2026.05.19 17:21:51 INFO  Created report: Optional[file:///home/nullstarfish/personal-ysyx-workbench/ysyxSoC/file:/home/nullstarfish/personal-ysyx-workbench/ysyxSoC/rocket-chip/src/main/scala/prci/ClockDomain.scala][0m
2026.05.19 17:21:51 INFO  expected identifier; obtained this (full report at: "/home/nullstarfish/personal-ysyx-workbench/ysyxSoC/.metals/.reports/metals/2026-05-19/r_scala-toplevel-mtags_17-21-51-571.md")[0m
2026.05.19 17:21:52 WARN  Could not find java sources in /usr/lib/jvm/src.zip, /usr/lib/jvm/lib/src.zip, /usr/lib/jvm/java-21-openjdk-amd64/src.zip, /usr/lib/jvm/java-21-openjdk-amd64/lib/src.zip. Java symbols will not be available.[0m
2026.05.19 17:21:52 INFO  time: indexed workspace in 4.22s[0m
2026.05.19 17:21:52 INFO  compiling rocketchip.cde (1 scala source)[0m
2026.05.19 17:21:52 INFO  compiling rocketchip.macros (1 scala source)[0m
2026.05.19 17:21:52 INFO  compiling rocketchip.hardfloat (20 scala sources)[0m
2026.05.19 17:21:56 INFO  time: compiled rocketchip.macros in 3.22s[0m
2026.05.19 17:21:56 INFO  time: compiled rocketchip.cde in 3.22s[0m
2026.05.19 17:21:56 INFO  compiling rocketchip.diplomacy (36 scala sources)[0m
2026.05.19 17:22:02 INFO  time: compiled rocketchip.diplomacy in 6.47s[0m
2026.05.19 17:22:02 INFO  time: compiled rocketchip.hardfloat in 10s[0m
2026.05.19 17:22:04 INFO  compiling rocketchip (317 scala sources)[0m
2026.05.19 17:22:52 WARN  7 deprecations[0m
2026.05.19 17:22:52 WARN  78 deprecations (since 2.13.0)[0m
2026.05.19 17:22:52 WARN  1 deprecation (since 2.13.7)[0m
2026.05.19 17:22:52 WARN  1 deprecation (since 9)[0m
2026.05.19 17:22:52 WARN  27 deprecations (since CDE 0.1)[0m
2026.05.19 17:22:52 WARN  10 deprecations (since diplomacy 1.0.0)[0m
2026.05.19 17:22:52 WARN  1 deprecation (since rocket-chip 1.2)[0m
2026.05.19 17:22:52 WARN  36 deprecations (since rocketchip 2.0.0)[0m
2026.05.19 17:22:52 WARN  161 deprecations in total; re-run with -deprecation for details[0m
2026.05.19 17:22:52 WARN  20 feature warnings; re-run with -feature for details[0m
2026.05.19 17:22:52 INFO  compiling ysyxsoc (38 scala sources)[0m
2026.05.19 17:22:54 INFO  time: compiled rocketchip in 50s[0m
2026.05.19 17:23:00 WARN  1 deprecation (since 2.13.0)[0m
2026.05.19 17:23:00 WARN  1 deprecation (since 2.13.3)[0m
2026.05.19 17:23:00 WARN  93 deprecations (since rocketchip 2.0.0)[0m
2026.05.19 17:23:00 WARN  95 deprecations in total; re-run with -deprecation for details[0m
2026.05.19 17:23:00 INFO  time: compiled ysyxsoc in 6.69s[0m
May 19, 2026 5:40:28 PM org.eclipse.lsp4j.jsonrpc.RemoteEndpoint handleCancellation
WARNING: Unmatched cancel notification for request id 253
2026.05.20 00:00:25 INFO  Shutting down server[0m
2026.05.20 00:00:25 INFO  Memory monitor stopped[0m
2026.05.20 00:00:25 INFO  shutting down Metals[0m
2026.05.20 00:00:25 INFO  Shut down connection with build server.[0m
2026.05.20 00:00:25 INFO  Exiting server[0m
2026.05.28 11:09:12 INFO  tracing is disabled for protocol LSP, to enable tracing of incoming and outgoing JSON messages create an empty file at /home/nullstarfish/personal-ysyx-workbench/ysyxSoC/.metals/lsp.trace.json[0m
2026.05.28 11:09:13 INFO  logging to files /home/nullstarfish/personal-ysyx-workbench/ysyxSoC/.metals/metals.log[0m
2026.05.28 11:09:13 INFO  Started: Metals version 1.6.7 in folders '/home/nullstarfish/personal-ysyx-workbench/ysyxSoC' for client Visual Studio Code 1.121.0.[0m
2026.05.28 11:09:13 INFO  Memory monitor started[0m
2026.05.28 11:09:14 WARN  Using H2 2.4.240 which is newer than the version Flyway has been verified with. The latest verified version of H2 is 2.3.232.[0m
2026.05.28 11:09:14 INFO  no build target found for /home/nullstarfish/personal-ysyx-workbench/ysyxSoC/src/device/SDRAM.scala. Using presentation compiler with project's scala-library version: 3.3.7[0m
2026.05.28 11:09:14 INFO  Attempting to connect to the build server...[0m
2026.05.28 11:09:14 INFO  Found a Bloop server running[0m
2026.05.28 11:09:14 INFO  tracing is disabled for protocol BSP, to enable tracing of incoming and outgoing JSON messages create an empty file at /home/nullstarfish/personal-ysyx-workbench/ysyxSoC/.metals/bsp.trace.json[0m
2026.05.28 11:09:15 INFO  no build target found for /home/nullstarfish/personal-ysyx-workbench/ysyxSoC/src/device/SDRAM.scala. Using presentation compiler with project's scala-library version: 3.3.7[0m
2026.05.28 11:09:19 INFO  time: Connected to build server in 4.72s[0m
2026.05.28 11:09:19 INFO  Connected to Build server: Bloop v2.0.19[0m
2026.05.28 11:09:19 INFO  time: Imported build in 0.11s[0m
2026.05.28 11:09:19 WARN  2.13.14 is no longer supported in the current Metals versions, using the last known supported version 1.6.3[0m
2026.05.28 11:09:22 INFO  Created report: Optional[file:///home/nullstarfish/personal-ysyx-workbench/ysyxSoC/file:/home/nullstarfish/personal-ysyx-workbench/ysyxSoC/rocket-chip/src/main/scala/prci/ClockDomain.scala][0m
2026.05.28 11:09:22 INFO  expected identifier; obtained this (full report at: "/home/nullstarfish/personal-ysyx-workbench/ysyxSoC/.metals/.reports/metals/2026-05-28/r_scala-toplevel-mtags_11-09-22-054.md")[0m
2026.05.28 11:09:23 WARN  Could not find java sources in /usr/lib/jvm/src.zip, /usr/lib/jvm/lib/src.zip, /usr/lib/jvm/java-21-openjdk-amd64/src.zip, /usr/lib/jvm/java-21-openjdk-amd64/lib/src.zip. Java symbols will not be available.[0m
2026.05.28 11:09:23 INFO  time: indexed workspace in 4.16s[0m
2026.05.28 11:09:24 INFO  compiling rocketchip.cde (1 scala source)[0m
2026.05.28 11:09:24 INFO  compiling rocketchip.macros (1 scala source)[0m
2026.05.28 11:09:24 INFO  compiling rocketchip.hardfloat (20 scala sources)[0m
2026.05.28 11:09:26 INFO  time: compiled rocketchip.macros in 2.65s[0m
2026.05.28 11:09:26 INFO  time: compiled rocketchip.cde in 2.66s[0m
2026.05.28 11:09:26 INFO  compiling rocketchip.diplomacy (36 scala sources)[0m
2026.05.28 11:09:33 INFO  time: compiled rocketchip.diplomacy in 6.34s[0m
2026.05.28 11:09:33 INFO  time: compiled rocketchip.hardfloat in 9.46s[0m
2026.05.28 11:09:34 INFO  compiling rocketchip (317 scala sources)[0m
2026.05.28 11:10:22 WARN  7 deprecations[0m
2026.05.28 11:10:22 WARN  78 deprecations (since 2.13.0)[0m
2026.05.28 11:10:22 WARN  1 deprecation (since 2.13.7)[0m
2026.05.28 11:10:22 WARN  1 deprecation (since 9)[0m
2026.05.28 11:10:22 WARN  27 deprecations (since CDE 0.1)[0m
2026.05.28 11:10:22 WARN  10 deprecations (since diplomacy 1.0.0)[0m
2026.05.28 11:10:22 WARN  1 deprecation (since rocket-chip 1.2)[0m
2026.05.28 11:10:22 WARN  36 deprecations (since rocketchip 2.0.0)[0m
2026.05.28 11:10:22 WARN  161 deprecations in total; re-run with -deprecation for details[0m
2026.05.28 11:10:22 WARN  20 feature warnings; re-run with -feature for details[0m
2026.05.28 11:10:22 INFO  compiling ysyxsoc (38 scala sources)[0m
2026.05.28 11:10:24 INFO  time: compiled rocketchip in 49s[0m
2026.05.28 11:10:29 WARN  1 deprecation (since 2.13.0)[0m
2026.05.28 11:10:29 WARN  1 deprecation (since 2.13.3)[0m
2026.05.28 11:10:29 WARN  93 deprecations (since rocketchip 2.0.0)[0m
2026.05.28 11:10:29 WARN  95 deprecations in total; re-run with -deprecation for details[0m
2026.05.28 11:10:29 INFO  time: compiled ysyxsoc in 6.64s[0m
2026.05.28 13:31:06 INFO  Shutting down server[0m
2026.05.28 13:31:06 INFO  Memory monitor stopped[0m
2026.05.28 13:31:06 INFO  shutting down Metals[0m
2026.05.28 13:31:06 INFO  Shut down connection with build server.[0m
2026.05.28 13:31:06 INFO  Exiting server[0m
2026.05.28 13:32:48 INFO  tracing is disabled for protocol LSP, to enable tracing of incoming and outgoing JSON messages create an empty file at /home/nullstarfish/personal-ysyx-workbench/ysyxSoC/.metals/lsp.trace.json[0m
2026.05.28 13:32:49 INFO  logging to files /home/nullstarfish/personal-ysyx-workbench/ysyxSoC/.metals/metals.log[0m
2026.05.28 13:32:49 INFO  Started: Metals version 1.6.7 in folders '/home/nullstarfish/personal-ysyx-workbench/ysyxSoC' for client Visual Studio Code 1.121.0.[0m
2026.05.28 13:32:49 INFO  Memory monitor started[0m
2026.05.28 13:32:50 WARN  Using H2 2.4.240 which is newer than the version Flyway has been verified with. The latest verified version of H2 is 2.3.232.[0m
2026.05.28 13:32:50 INFO  no build target found for /home/nullstarfish/personal-ysyx-workbench/ysyxSoC/src/amba/APBDelayer.scala. Using presentation compiler with project's scala-library version: 3.3.7[0m
2026.05.28 13:32:50 INFO  Attempting to connect to the build server...[0m
2026.05.28 13:32:50 INFO  Found a Bloop server running[0m
2026.05.28 13:32:50 INFO  tracing is disabled for protocol BSP, to enable tracing of incoming and outgoing JSON messages create an empty file at /home/nullstarfish/personal-ysyx-workbench/ysyxSoC/.metals/bsp.trace.json[0m
2026.05.28 13:32:51 INFO  no build target found for /home/nullstarfish/personal-ysyx-workbench/ysyxSoC/rocket-chip/src/main/scala/amba/apb/Bundles.scala. Using presentation compiler with project's scala-library version: 3.3.7[0m
2026.05.28 13:32:51 INFO  no build target found for /home/nullstarfish/personal-ysyx-workbench/ysyxSoC/src/amba/APBDelayer.scala. Using presentation compiler with project's scala-library version: 3.3.7[0m
2026.05.28 13:32:51 INFO  no build target found for /home/nullstarfish/personal-ysyx-workbench/ysyxSoC/rocket-chip/src/main/scala/amba/apb/Bundles.scala. Using presentation compiler with project's scala-library version: 3.3.7[0m
2026.05.28 13:32:54 INFO  time: Connected to build server in 3.54s[0m
2026.05.28 13:32:54 INFO  Connected to Build server: Bloop v2.0.19[0m
2026.05.28 13:32:54 WARN  2.13.14 is no longer supported in the current Metals versions, using the last known supported version 1.6.3[0m
May 28, 2026 1:32:56 PM org.eclipse.lsp4j.jsonrpc.RemoteEndpoint handleCancellation
WARNING: Unmatched cancel notification for request id 15
2026.05.28 13:32:57 INFO  Created report: Optional[file:///home/nullstarfish/personal-ysyx-workbench/ysyxSoC/file:/home/nullstarfish/personal-ysyx-workbench/ysyxSoC/rocket-chip/src/main/scala/prci/ClockDomain.scala][0m
2026.05.28 13:32:57 INFO  expected identifier; obtained this (full report at: "/home/nullstarfish/personal-ysyx-workbench/ysyxSoC/.metals/.reports/metals/2026-05-28/r_scala-toplevel-mtags_13-32-57-358.md")[0m
2026.05.28 13:32:58 WARN  Could not find java sources in /usr/lib/jvm/src.zip, /usr/lib/jvm/lib/src.zip, /usr/lib/jvm/java-21-openjdk-amd64/src.zip, /usr/lib/jvm/java-21-openjdk-amd64/lib/src.zip. Java symbols will not be available.[0m
2026.05.28 13:32:58 INFO  time: indexed workspace in 4.52s[0m
2026.05.28 13:32:58 INFO  compiling rocketchip.cde (1 scala source)[0m
2026.05.28 13:32:58 INFO  compiling rocketchip.macros (1 scala source)[0m
2026.05.28 13:32:58 INFO  compiling rocketchip.hardfloat (20 scala sources)[0m
2026.05.28 13:33:01 INFO  time: compiled rocketchip.macros in 2.6s[0m
2026.05.28 13:33:01 INFO  time: compiled rocketchip.cde in 2.6s[0m
2026.05.28 13:33:01 INFO  compiling rocketchip.diplomacy (36 scala sources)[0m
2026.05.28 13:33:07 INFO  time: compiled rocketchip.diplomacy in 6.44s[0m
May 28, 2026 1:33:08 PM org.eclipse.lsp4j.jsonrpc.RemoteEndpoint handleCancellation
WARNING: Unmatched cancel notification for request id 27
2026.05.28 13:33:07 INFO  time: compiled rocketchip.hardfloat in 9.76s[0m
2026.05.28 13:33:09 INFO  compiling rocketchip (317 scala sources)[0m
May 28, 2026 1:33:42 PM org.eclipse.lsp4j.jsonrpc.RemoteEndpoint handleCancellation
WARNING: Unmatched cancel notification for request id 32
2026.05.28 13:33:56 WARN  7 deprecations[0m
2026.05.28 13:33:56 WARN  78 deprecations (since 2.13.0)[0m
2026.05.28 13:33:56 WARN  1 deprecation (since 2.13.7)[0m
2026.05.28 13:33:56 WARN  1 deprecation (since 9)[0m
2026.05.28 13:33:56 WARN  27 deprecations (since CDE 0.1)[0m
2026.05.28 13:33:56 WARN  10 deprecations (since diplomacy 1.0.0)[0m
2026.05.28 13:33:56 WARN  1 deprecation (since rocket-chip 1.2)[0m
2026.05.28 13:33:56 WARN  36 deprecations (since rocketchip 2.0.0)[0m
2026.05.28 13:33:56 WARN  161 deprecations in total; re-run with -deprecation for details[0m
2026.05.28 13:33:56 WARN  20 feature warnings; re-run with -feature for details[0m
2026.05.28 13:33:56 INFO  compiling ysyxsoc (38 scala sources)[0m
2026.05.28 13:33:58 INFO  time: compiled rocketchip in 48s[0m
2026.05.28 13:34:03 WARN  1 deprecation (since 2.13.0)[0m
2026.05.28 13:34:03 WARN  1 deprecation (since 2.13.3)[0m
2026.05.28 13:34:03 WARN  93 deprecations (since rocketchip 2.0.0)[0m
2026.05.28 13:34:03 WARN  95 deprecations in total; re-run with -deprecation for details[0m
2026.05.28 13:34:03 INFO  time: compiled ysyxsoc in 6.43s[0m
2026.05.28 13:36:35 INFO  Shutting down server[0m
2026.05.28 13:36:35 INFO  Memory monitor stopped[0m
2026.05.28 13:36:35 INFO  shutting down Metals[0m
2026.05.28 13:36:35 INFO  Shut down connection with build server.[0m
2026.05.28 13:36:35 INFO  Exiting server[0m
2026.05.28 13:39:15 INFO  tracing is disabled for protocol LSP, to enable tracing of incoming and outgoing JSON messages create an empty file at /home/nullstarfish/personal-ysyx-workbench/ysyxSoC/.metals/lsp.trace.json[0m
2026.05.28 13:39:16 INFO  logging to files /home/nullstarfish/personal-ysyx-workbench/ysyxSoC/.metals/metals.log[0m
2026.05.28 13:39:16 INFO  Started: Metals version 1.6.7 in folders '/home/nullstarfish/personal-ysyx-workbench/ysyxSoC' for client Visual Studio Code 1.121.0.[0m
2026.05.28 13:39:16 INFO  Memory monitor started[0m
2026.05.28 13:39:17 WARN  Using H2 2.4.240 which is newer than the version Flyway has been verified with. The latest verified version of H2 is 2.3.232.[0m
2026.05.28 13:39:17 INFO  no build target found for /home/nullstarfish/personal-ysyx-workbench/ysyxSoC/src/device/SDRAM.scala. Using presentation compiler with project's scala-library version: 3.3.7[0m
2026.05.28 13:39:17 INFO  Attempting to connect to the build server...[0m
2026.05.28 13:39:17 INFO  Found a Bloop server running[0m
2026.05.28 13:39:18 INFO  tracing is disabled for protocol BSP, to enable tracing of incoming and outgoing JSON messages create an empty file at /home/nullstarfish/personal-ysyx-workbench/ysyxSoC/.metals/bsp.trace.json[0m
2026.05.28 13:39:18 INFO  time: Connected to build server in 0.24s[0m
2026.05.28 13:39:18 INFO  Connected to Build server: Bloop v2.0.19[0m
2026.05.28 13:39:18 INFO  time: Imported build in 0.19s[0m
2026.05.28 13:39:18 WARN  2.13.14 is no longer supported in the current Metals versions, using the last known supported version 1.6.3[0m
2026.05.28 13:39:21 INFO  Created report: Optional[file:///home/nullstarfish/personal-ysyx-workbench/ysyxSoC/file:/home/nullstarfish/personal-ysyx-workbench/ysyxSoC/rocket-chip/src/main/scala/prci/ClockDomain.scala][0m
2026.05.28 13:39:21 INFO  expected identifier; obtained this (full report at: "/home/nullstarfish/personal-ysyx-workbench/ysyxSoC/.metals/.reports/metals/2026-05-28/r_scala-toplevel-mtags_13-39-21-886.md")[0m
2026.05.28 13:39:22 WARN  Could not find java sources in /usr/lib/jvm/src.zip, /usr/lib/jvm/lib/src.zip, /usr/lib/jvm/java-21-openjdk-amd64/src.zip, /usr/lib/jvm/java-21-openjdk-amd64/lib/src.zip. Java symbols will not be available.[0m
2026.05.28 13:39:22 INFO  time: indexed workspace in 4.49s[0m
2026.05.28 13:50:22 INFO  tracing is disabled for protocol LSP, to enable tracing of incoming and outgoing JSON messages create an empty file at /home/nullstarfish/personal-ysyx-workbench/ysyxSoC/.metals/lsp.trace.json[0m
2026.05.28 13:50:23 INFO  logging to files /home/nullstarfish/personal-ysyx-workbench/ysyxSoC/.metals/metals.log[0m
2026.05.28 13:50:23 INFO  Started: Metals version 1.6.7 in folders '/home/nullstarfish/personal-ysyx-workbench/ysyxSoC' for client Visual Studio Code 1.121.0.[0m
2026.05.28 13:50:23 INFO  Memory monitor started[0m
2026.05.28 13:50:24 WARN  Using H2 2.4.240 which is newer than the version Flyway has been verified with. The latest verified version of H2 is 2.3.232.[0m
2026.05.28 13:50:24 INFO  no build target found for /home/nullstarfish/personal-ysyx-workbench/ysyxSoC/src/device/SDRAM.scala. Using presentation compiler with project's scala-library version: 3.3.7[0m
2026.05.28 13:50:25 INFO  no build target found for /home/nullstarfish/personal-ysyx-workbench/ysyxSoC/src/device/SDRAM.scala. Using presentation compiler with project's scala-library version: 3.3.7[0m
2026.05.28 13:50:25 INFO  Attempting to connect to the build server...[0m
2026.05.28 13:50:25 INFO  No running Bloop server found, starting one.[0m
2026.05.28 13:50:26 INFO  Starting compilation server[0m
2026.05.28 13:50:27 INFO  tracing is disabled for protocol BSP, to enable tracing of incoming and outgoing JSON messages create an empty file at /home/nullstarfish/personal-ysyx-workbench/ysyxSoC/.metals/bsp.trace.json[0m
2026.05.28 13:50:35 INFO  time: Connected to build server in 9.86s[0m
2026.05.28 13:50:35 INFO  Connected to Build server: Bloop v2.0.19[0m
2026.05.28 13:50:35 INFO  time: Imported build in 0.17s[0m
2026.05.28 13:50:35 WARN  2.13.14 is no longer supported in the current Metals versions, using the last known supported version 1.6.3[0m
2026.05.28 13:50:37 INFO  Created report: Optional[file:///home/nullstarfish/personal-ysyx-workbench/ysyxSoC/file:/home/nullstarfish/personal-ysyx-workbench/ysyxSoC/rocket-chip/src/main/scala/prci/ClockDomain.scala][0m
2026.05.28 13:50:37 INFO  expected identifier; obtained this (full report at: "/home/nullstarfish/personal-ysyx-workbench/ysyxSoC/.metals/.reports/metals/2026-05-28/r_scala-toplevel-mtags_13-50-37-308.md")[0m
2026.05.28 13:50:38 WARN  Could not find java sources in /usr/lib/jvm/src.zip, /usr/lib/jvm/lib/src.zip, /usr/lib/jvm/java-21-openjdk-amd64/src.zip, /usr/lib/jvm/java-21-openjdk-amd64/lib/src.zip. Java symbols will not be available.[0m
2026.05.28 13:50:38 INFO  time: indexed workspace in 3.09s[0m
2026.05.28 13:50:39 INFO  compiling rocketchip.cde (1 scala source)[0m
2026.05.28 13:50:39 INFO  compiling rocketchip.macros (1 scala source)[0m
2026.05.28 13:50:39 INFO  compiling rocketchip.hardfloat (20 scala sources)[0m
2026.05.28 13:50:41 INFO  time: compiled rocketchip.macros in 2.5s[0m
2026.05.28 13:50:41 INFO  time: compiled rocketchip.cde in 2.5s[0m
2026.05.28 13:50:41 INFO  compiling rocketchip.diplomacy (36 scala sources)[0m
2026.05.28 13:50:47 INFO  time: compiled rocketchip.diplomacy in 6.28s[0m
2026.05.28 13:50:47 INFO  time: compiled rocketchip.hardfloat in 9.1s[0m
2026.05.28 13:50:49 INFO  compiling rocketchip (317 scala sources)[0m
2026.05.28 13:51:35 WARN  7 deprecations[0m
2026.05.28 13:51:35 WARN  78 deprecations (since 2.13.0)[0m
2026.05.28 13:51:35 WARN  1 deprecation (since 2.13.7)[0m
2026.05.28 13:51:35 WARN  1 deprecation (since 9)[0m
2026.05.28 13:51:35 WARN  27 deprecations (since CDE 0.1)[0m
2026.05.28 13:51:35 WARN  10 deprecations (since diplomacy 1.0.0)[0m
2026.05.28 13:51:35 WARN  1 deprecation (since rocket-chip 1.2)[0m
2026.05.28 13:51:35 WARN  36 deprecations (since rocketchip 2.0.0)[0m
2026.05.28 13:51:35 WARN  161 deprecations in total; re-run with -deprecation for details[0m
2026.05.28 13:51:35 WARN  20 feature warnings; re-run with -feature for details[0m
2026.05.28 13:51:35 INFO  compiling ysyxsoc (38 scala sources)[0m
2026.05.28 13:51:37 INFO  time: compiled rocketchip in 48s[0m
2026.05.28 13:51:42 WARN  1 deprecation (since 2.13.0)[0m
2026.05.28 13:51:42 WARN  1 deprecation (since 2.13.3)[0m
2026.05.28 13:51:42 WARN  93 deprecations (since rocketchip 2.0.0)[0m
2026.05.28 13:51:42 WARN  95 deprecations in total; re-run with -deprecation for details[0m
2026.05.28 13:51:42 INFO  time: compiled ysyxsoc in 6.01s[0m
2026.05.28 14:41:29 INFO  Created report: Optional[file:///home/nullstarfish/personal-ysyx-workbench/ysyxSoC/src/device/SDRAM.scala][0m
2026.05.28 14:41:29 INFO  scala.reflect.internal.Types$TypeError: illegal cyclic reference involving object Builder (full report at: "/home/nullstarfish/personal-ysyx-workbench/ysyxSoC/.metals/.reports/metals-full/2026-05-28/r_shorten-type_(ysyxsoc)_14-41-29-035.md")[0m
May 28, 2026 2:41:51 PM org.eclipse.lsp4j.jsonrpc.RemoteEndpoint handleCancellation
WARNING: Unmatched cancel notification for request id 749
May 28, 2026 2:42:31 PM org.eclipse.lsp4j.jsonrpc.RemoteEndpoint handleCancellation
WARNING: Unmatched cancel notification for request id 900
2026.05.28 14:42:35 WARN  Could not find semantic tokens for: file:///home/nullstarfish/personal-ysyx-workbench/ysyxSoC/src/device/SDRAM.scala[0m
2026.05.28 14:44:48 WARN  Could not find semantic tokens for: file:///home/nullstarfish/personal-ysyx-workbench/ysyxSoC/src/device/SDRAM.scala[0m
2026.05.28 14:44:48 WARN  Could not find semantic tokens for: file:///home/nullstarfish/personal-ysyx-workbench/ysyxSoC/src/device/SDRAM.scala[0m
2026.05.28 14:46:01 WARN  Could not find semantic tokens for: file:///home/nullstarfish/personal-ysyx-workbench/ysyxSoC/src/device/SDRAM.scala[0m
May 28, 2026 2:46:29 PM org.eclipse.lsp4j.jsonrpc.RemoteEndpoint handleCancellation
WARNING: Unmatched cancel notification for request id 2226
2026.05.28 14:46:36 WARN  Could not find semantic tokens for: file:///home/nullstarfish/personal-ysyx-workbench/ysyxSoC/src/device/SDRAM.scala[0m
2026.05.28 14:46:41 WARN  Could not find semantic tokens for: file:///home/nullstarfish/personal-ysyx-workbench/ysyxSoC/src/device/SDRAM.scala[0m
2026.05.28 14:47:02 INFO  compiling ysyxsoc (1 scala source)[0m
2026.05.28 14:47:03 INFO  time: compiled ysyxsoc in 1.21s[0m
2026.05.28 14:47:17 WARN  Could not find semantic tokens for: file:///home/nullstarfish/personal-ysyx-workbench/ysyxSoC/src/device/SDRAM.scala[0m
May 28, 2026 2:47:18 PM org.eclipse.lsp4j.jsonrpc.RemoteEndpoint handleCancellation
WARNING: Unmatched cancel notification for request id 2686
2026.05.28 14:47:25 INFO  compiling ysyxsoc (1 scala source)[0m
2026.05.28 14:47:27 WARN  4 deprecations (since rocketchip 2.0.0); re-run with -deprecation for details[0m
2026.05.28 14:47:27 INFO  time: compiled ysyxsoc in 2.59s[0m
2026.05.28 15:24:26 INFO  compiling ysyxsoc (1 scala source)[0m
2026.05.28 15:24:28 INFO  time: compiled ysyxsoc in 2.6s[0m
2026.05.28 15:24:51 INFO  compiling ysyxsoc (1 scala source)[0m
2026.05.28 15:24:52 WARN  4 deprecations (since rocketchip 2.0.0); re-run with -deprecation for details[0m
2026.05.28 15:24:52 INFO  time: compiled ysyxsoc in 2s[0m
2026.05.28 15:24:52 INFO  compiling ysyxsoc (1 scala source)[0m
2026.05.28 15:24:55 WARN  4 deprecations (since rocketchip 2.0.0); re-run with -deprecation for details[0m
2026.05.28 15:24:55 INFO  time: compiled ysyxsoc in 1.92s[0m
2026.05.28 15:25:00 INFO  compiling ysyxsoc (1 scala source)[0m
2026.05.28 15:25:02 WARN  4 deprecations (since rocketchip 2.0.0); re-run with -deprecation for details[0m
2026.05.28 15:25:02 INFO  time: compiled ysyxsoc in 1.36s[0m
2026.05.28 16:49:53 INFO  tracing is disabled for protocol LSP, to enable tracing of incoming and outgoing JSON messages create an empty file at /home/nullstarfish/personal-ysyx-workbench/ysyxSoC/.metals/lsp.trace.json[0m
2026.05.28 16:49:54 INFO  logging to files /home/nullstarfish/personal-ysyx-workbench/ysyxSoC/.metals/metals.log[0m
2026.05.28 16:49:54 INFO  Started: Metals version 1.6.7 in folders '/home/nullstarfish/personal-ysyx-workbench/ysyxSoC' for client Visual Studio Code 1.122.0.[0m
2026.05.28 16:49:54 INFO  Memory monitor started[0m
2026.05.28 16:49:55 WARN  Using H2 2.4.240 which is newer than the version Flyway has been verified with. The latest verified version of H2 is 2.3.232.[0m
2026.05.28 16:49:56 INFO  Attempting to connect to the build server...[0m
2026.05.28 16:49:56 INFO  No running Bloop server found, starting one.[0m
2026.05.28 16:49:57 INFO  Starting compilation server[0m
May 28, 2026 4:49:57 PM org.eclipse.lsp4j.jsonrpc.services.GenericEndpoint notify
INFO: Unsupported notification method: $/setTrace
2026.05.28 16:49:58 INFO  tracing is disabled for protocol BSP, to enable tracing of incoming and outgoing JSON messages create an empty file at /home/nullstarfish/personal-ysyx-workbench/ysyxSoC/.metals/bsp.trace.json[0m
2026.05.28 16:50:02 INFO  time: Connected to build server in 6.45s[0m
2026.05.28 16:50:02 INFO  Connected to Build server: Bloop v2.0.19[0m
2026.05.28 16:50:02 INFO  time: Imported build in 0.15s[0m
2026.05.28 16:50:02 WARN  2.13.14 is no longer supported in the current Metals versions, using the last known supported version 1.6.3[0m
2026.05.28 16:50:06 INFO  Created report: Optional[file:///home/nullstarfish/personal-ysyx-workbench/ysyxSoC/file:/home/nullstarfish/personal-ysyx-workbench/ysyxSoC/rocket-chip/src/main/scala/prci/ClockDomain.scala][0m
2026.05.28 16:50:06 INFO  expected identifier; obtained this (full report at: "/home/nullstarfish/personal-ysyx-workbench/ysyxSoC/.metals/.reports/metals/2026-05-28/r_scala-toplevel-mtags_16-50-06-343.md")[0m
2026.05.28 16:50:07 WARN  Could not find java sources in /usr/lib/jvm/src.zip, /usr/lib/jvm/lib/src.zip, /usr/lib/jvm/java-21-openjdk-amd64/src.zip, /usr/lib/jvm/java-21-openjdk-amd64/lib/src.zip. Java symbols will not be available.[0m
2026.05.28 16:50:07 INFO  time: indexed workspace in 5.07s[0m
2026.05.28 19:11:01 INFO  compiling rocketchip.cde (1 scala source)[0m
2026.05.28 19:11:01 INFO  compiling rocketchip.macros (1 scala source)[0m
2026.05.28 19:11:01 INFO  compiling rocketchip.hardfloat (20 scala sources)[0m
May 28, 2026 7:11:01 PM org.eclipse.lsp4j.jsonrpc.RemoteEndpoint handleCancellation
WARNING: Unmatched cancel notification for request id 2
May 28, 2026 7:11:01 PM org.eclipse.lsp4j.jsonrpc.RemoteEndpoint handleCancellation
WARNING: Unmatched cancel notification for request id 7
2026.05.28 19:11:05 INFO  time: compiled rocketchip.macros in 4.05s[0m
2026.05.28 19:11:05 INFO  time: compiled rocketchip.cde in 4.07s[0m
2026.05.28 19:11:05 INFO  compiling rocketchip.diplomacy (36 scala sources)[0m
2026.05.28 19:11:07 WARN  Could not find 'AddressSet' using presentation compiler nor semanticdb. Trying to guess the definition using available information from local class context. [0m
2026.05.28 19:11:07 INFO  Created report: Optional[file:///home/nullstarfish/personal-ysyx-workbench/ysyxSoC/src/SoC.scala][0m
2026.05.28 19:11:07 INFO  empty definition using pc, found symbol in pc:  (full report at: "/home/nullstarfish/personal-ysyx-workbench/ysyxSoC/.metals/.reports/metals-full/2026-05-28/r_empty-definition_(ysyxsoc)_19-11-07-142.md")[0m
2026.05.28 19:11:07 WARN  Could not find 'AXI4RAM' using presentation compiler nor semanticdb. Trying to guess the definition using available information from local class context. [0m
2026.05.28 19:11:07 INFO  Created report: Optional[file:///home/nullstarfish/personal-ysyx-workbench/ysyxSoC/src/SoC.scala][0m
2026.05.28 19:11:07 INFO  empty definition using pc, found symbol in pc:  (full report at: "/home/nullstarfish/personal-ysyx-workbench/ysyxSoC/.metals/.reports/metals-full/2026-05-28/r_empty-definition_(ysyxsoc)_19-11-07-346.md")[0m
2026.05.28 19:11:07 WARN  Could not find 'AXI4RAM' using presentation compiler nor semanticdb. Trying to guess the definition using available information from local class context. [0m
2026.05.28 19:11:07 INFO  empty definition using pc, found symbol in pc:  (full report at: "/home/nullstarfish/personal-ysyx-workbench/ysyxSoC/.metals/.reports/metals-full/2026-05-28/r_empty-definition_(ysyxsoc)_19-11-07-346.md")[0m
2026.05.28 19:11:08 WARN  Could not find 'AXI4RAM' using presentation compiler nor semanticdb. Trying to guess the definition using available information from local class context. [0m
2026.05.28 19:11:08 INFO  empty definition using pc, found symbol in pc:  (full report at: "/home/nullstarfish/personal-ysyx-workbench/ysyxSoC/.metals/.reports/metals-full/2026-05-28/r_empty-definition_(ysyxsoc)_19-11-07-346.md")[0m
2026.05.28 19:11:14 INFO  time: compiled rocketchip.diplomacy in 9.07s[0m
2026.05.28 19:11:14 INFO  time: compiled rocketchip.hardfloat in 13s[0m
2026.05.28 19:11:16 INFO  compiling rocketchip (317 scala sources)[0m
2026.05.28 19:12:09 WARN  7 deprecations[0m
2026.05.28 19:12:09 WARN  78 deprecations (since 2.13.0)[0m
2026.05.28 19:12:09 WARN  1 deprecation (since 2.13.7)[0m
2026.05.28 19:12:09 WARN  1 deprecation (since 9)[0m
2026.05.28 19:12:09 WARN  27 deprecations (since CDE 0.1)[0m
2026.05.28 19:12:09 WARN  10 deprecations (since diplomacy 1.0.0)[0m
2026.05.28 19:12:09 WARN  1 deprecation (since rocket-chip 1.2)[0m
2026.05.28 19:12:09 WARN  36 deprecations (since rocketchip 2.0.0)[0m
2026.05.28 19:12:09 WARN  161 deprecations in total; re-run with -deprecation for details[0m
2026.05.28 19:12:09 WARN  20 feature warnings; re-run with -feature for details[0m
2026.05.28 19:12:09 INFO  compiling ysyxsoc (38 scala sources)[0m
2026.05.28 19:12:11 INFO  time: compiled rocketchip in 55s[0m
2026.05.28 19:12:17 WARN  1 deprecation (since 2.13.0)[0m
2026.05.28 19:12:17 WARN  1 deprecation (since 2.13.3)[0m
2026.05.28 19:12:17 WARN  93 deprecations (since rocketchip 2.0.0)[0m
2026.05.28 19:12:17 WARN  95 deprecations in total; re-run with -deprecation for details[0m
2026.05.28 19:12:17 INFO  time: compiled ysyxsoc in 7.21s[0m
2026.05.29 00:28:11 INFO  Shutting down server[0m
2026.05.29 00:28:11 INFO  Memory monitor stopped[0m
2026.05.29 00:28:11 INFO  shutting down Metals[0m
2026.05.29 00:28:11 INFO  Shut down connection with build server.[0m
2026.05.29 00:28:11 INFO  Exiting server[0m
2026.05.29 22:23:12 INFO  tracing is disabled for protocol LSP, to enable tracing of incoming and outgoing JSON messages create an empty file at /home/nullstarfish/personal-ysyx-workbench/ysyxSoC/.metals/lsp.trace.json[0m
2026.05.29 22:23:13 INFO  logging to files /home/nullstarfish/personal-ysyx-workbench/ysyxSoC/.metals/metals.log[0m
2026.05.29 22:23:13 INFO  Started: Metals version 1.6.7 in folders '/home/nullstarfish/personal-ysyx-workbench/ysyxSoC' for client Visual Studio Code 1.122.0.[0m
2026.05.29 22:23:13 INFO  Memory monitor started[0m
2026.05.29 22:23:15 WARN  Using H2 2.4.240 which is newer than the version Flyway has been verified with. The latest verified version of H2 is 2.3.232.[0m
2026.05.29 22:23:15 INFO  no build target found for /home/nullstarfish/personal-ysyx-workbench/ysyxSoC/src/device/SDRAM.scala. Using presentation compiler with project's scala-library version: 3.3.7[0m
2026.05.29 22:23:15 INFO  Attempting to connect to the build server...[0m
2026.05.29 22:23:15 INFO  Found a Bloop server running[0m
2026.05.29 22:23:15 INFO  tracing is disabled for protocol BSP, to enable tracing of incoming and outgoing JSON messages create an empty file at /home/nullstarfish/personal-ysyx-workbench/ysyxSoC/.metals/bsp.trace.json[0m
2026.05.29 22:23:35 ERROR Timeout waiting for 'build/initialize' response[0m
2026.05.29 22:23:35 WARN  Retrying connection to the build server Bloop[0m
2026.05.29 22:23:35 INFO  Found a Bloop server running[0m
2026.05.29 22:23:35 INFO  tracing is disabled for protocol BSP, to enable tracing of incoming and outgoing JSON messages create an empty file at /home/nullstarfish/personal-ysyx-workbench/ysyxSoC/.metals/bsp.trace.json[0m
2026.05.29 22:23:41 INFO  no build target found for /home/nullstarfish/personal-ysyx-workbench/ysyxSoC/src/device/SDRAM.scala. Using presentation compiler with project's scala-library version: 3.3.7[0m
2026.05.29 22:23:41 INFO  no build target found for /home/nullstarfish/personal-ysyx-workbench/ysyxSoC/src/device/SDRAM.scala. Using presentation compiler with project's scala-library version: 3.3.7[0m
2026.05.29 22:23:41 INFO  no build target found for /home/nullstarfish/personal-ysyx-workbench/ysyxSoC/src/device/SDRAM.scala. Using presentation compiler with project's scala-library version: 3.3.7[0m
May 29, 2026 10:23:41 PM org.eclipse.lsp4j.jsonrpc.RemoteEndpoint handleCancellation
WARNING: Unmatched cancel notification for request id 2
2026.05.29 22:23:41 INFO  no build target found for /home/nullstarfish/personal-ysyx-workbench/ysyxSoC/src/device/SDRAM.scala. Using presentation compiler with project's scala-library version: 3.3.7[0m
2026.05.29 22:23:41 INFO  no build target found for /home/nullstarfish/personal-ysyx-workbench/ysyxSoC/src/device/SDRAM.scala. Using presentation compiler with project's scala-library version: 3.3.7[0m
2026.05.29 22:23:41 INFO  no build target found for /home/nullstarfish/personal-ysyx-workbench/ysyxSoC/src/device/SDRAM.scala. Using presentation compiler with project's scala-library version: 3.3.7[0m
2026.05.29 22:23:41 INFO  no build target found for /home/nullstarfish/personal-ysyx-workbench/ysyxSoC/src/device/SDRAM.scala. Using presentation compiler with project's scala-library version: 3.3.7[0m
2026.05.29 22:23:41 INFO  no build target found for /home/nullstarfish/personal-ysyx-workbench/ysyxSoC/src/device/SDRAM.scala. Using presentation compiler with project's scala-library version: 3.3.7[0m
2026.05.29 22:23:41 INFO  no build target found for /home/nullstarfish/personal-ysyx-workbench/ysyxSoC/src/device/SDRAM.scala. Using presentation compiler with project's scala-library version: 3.3.7[0m
May 29, 2026 10:23:41 PM org.eclipse.lsp4j.jsonrpc.RemoteEndpoint handleCancellation
WARNING: Unmatched cancel notification for request id 11
2026.05.29 22:23:41 INFO  no build target found for /home/nullstarfish/personal-ysyx-workbench/ysyxSoC/src/device/SDRAM.scala. Using presentation compiler with project's scala-library version: 3.3.7[0m
May 29, 2026 10:23:41 PM org.eclipse.lsp4j.jsonrpc.RemoteEndpoint handleCancellation
WARNING: Unmatched cancel notification for request id 6
2026.05.29 22:23:41 INFO  no build target found for /home/nullstarfish/personal-ysyx-workbench/ysyxSoC/src/device/SDRAM.scala. Using presentation compiler with project's scala-library version: 3.3.7[0m
2026.05.29 22:23:41 INFO  no build target found for /home/nullstarfish/personal-ysyx-workbench/ysyxSoC/src/device/SDRAM.scala. Using presentation compiler with project's scala-library version: 3.3.7[0m
May 29, 2026 10:23:42 PM org.eclipse.lsp4j.jsonrpc.RemoteEndpoint handleCancellation
WARNING: Unmatched cancel notification for request id 8
May 29, 2026 10:23:42 PM org.eclipse.lsp4j.jsonrpc.RemoteEndpoint handleCancellation
WARNING: Unmatched cancel notification for request id 20
2026.05.29 22:23:41 INFO  no build target found for /home/nullstarfish/personal-ysyx-workbench/ysyxSoC/src/device/SDRAM.scala. Using presentation compiler with project's scala-library version: 3.3.7[0m
2026.05.29 22:23:41 INFO  no build target found for /home/nullstarfish/personal-ysyx-workbench/ysyxSoC/src/device/SDRAM.scala. Using presentation compiler with project's scala-library version: 3.3.7[0m
2026.05.29 22:23:41 INFO  no build target found for /home/nullstarfish/personal-ysyx-workbench/ysyxSoC/src/device/SDRAM.scala. Using presentation compiler with project's scala-library version: 3.3.7[0m
2026.05.29 22:23:41 INFO  no build target found for /home/nullstarfish/personal-ysyx-workbench/ysyxSoC/src/device/SDRAM.scala. Using presentation compiler with project's scala-library version: 3.3.7[0m
2026.05.29 22:23:41 INFO  no build target found for /home/nullstarfish/personal-ysyx-workbench/ysyxSoC/src/device/SDRAM.scala. Using presentation compiler with project's scala-library version: 3.3.7[0m
2026.05.29 22:23:41 INFO  no build target found for /home/nullstarfish/personal-ysyx-workbench/ysyxSoC/src/device/SDRAM.scala. Using presentation compiler with project's scala-library version: 3.3.7[0m
2026.05.29 22:23:41 INFO  no build target found for /home/nullstarfish/personal-ysyx-workbench/ysyxSoC/src/device/SDRAM.scala. Using presentation compiler with project's scala-library version: 3.3.7[0m
2026.05.29 22:23:41 INFO  no build target found for /home/nullstarfish/personal-ysyx-workbench/ysyxSoC/src/device/SDRAM.scala. Using presentation compiler with project's scala-library version: 3.3.7[0m
May 29, 2026 10:23:42 PM org.eclipse.lsp4j.jsonrpc.RemoteEndpoint handleCancellation
WARNING: Unmatched cancel notification for request id 23
2026.05.29 22:23:41 INFO  no build target found for /home/nullstarfish/personal-ysyx-workbench/ysyxSoC/src/device/SDRAM.scala. Using presentation compiler with project's scala-library version: 3.3.7[0m
2026.05.29 22:23:41 INFO  no build target found for /home/nullstarfish/personal-ysyx-workbench/ysyxSoC/src/device/SDRAM.scala. Using presentation compiler with project's scala-library version: 3.3.7[0m
2026.05.29 22:23:41 INFO  no build target found for /home/nullstarfish/personal-ysyx-workbench/ysyxSoC/src/device/SDRAM.scala. Using presentation compiler with project's scala-library version: 3.3.7[0m
2026.05.29 22:23:42 INFO  no build target found for /home/nullstarfish/personal-ysyx-workbench/ysyxSoC/src/device/SDRAM.scala. Using presentation compiler with project's scala-library version: 3.3.7[0m
2026.05.29 22:23:42 WARN  no build target for: /home/nullstarfish/personal-ysyx-workbench/ysyxSoC/src/device/SDRAM.scala[0m
2026.05.29 22:23:42 WARN  no build target for: /home/nullstarfish/personal-ysyx-workbench/ysyxSoC/src/device/SDRAM.scala[0m
2026.05.29 22:23:42 INFO  no build target found for /home/nullstarfish/personal-ysyx-workbench/ysyxSoC/src/device/SDRAM.scala. Using presentation compiler with project's scala-library version: 3.3.7[0m
2026.05.29 22:23:42 INFO  no build target found for /home/nullstarfish/personal-ysyx-workbench/ysyxSoC/src/device/SDRAM.scala. Using presentation compiler with project's scala-library version: 3.3.7[0m
May 29, 2026 10:23:42 PM org.eclipse.lsp4j.jsonrpc.RemoteEndpoint handleCancellation
WARNING: Unmatched cancel notification for request id 33
May 29, 2026 10:23:42 PM org.eclipse.lsp4j.jsonrpc.RemoteEndpoint handleCancellation
WARNING: Unmatched cancel notification for request id 34
May 29, 2026 10:23:42 PM org.eclipse.lsp4j.jsonrpc.RemoteEndpoint handleCancellation
WARNING: Unmatched cancel notification for request id 35
May 29, 2026 10:23:42 PM org.eclipse.lsp4j.jsonrpc.RemoteEndpoint handleCancellation
WARNING: Unmatched cancel notification for request id 36
May 29, 2026 10:23:42 PM org.eclipse.lsp4j.jsonrpc.RemoteEndpoint handleCancellation
WARNING: Unmatched cancel notification for request id 38
2026.05.29 22:23:44 INFO  no build target found for /home/nullstarfish/personal-ysyx-workbench/ysyxSoC/src/device/SDRAM.scala. Using presentation compiler with project's scala-library version: 3.3.7[0m
2026.05.29 22:23:44 WARN  no build target for: /home/nullstarfish/personal-ysyx-workbench/ysyxSoC/src/device/SDRAM.scala[0m
May 29, 2026 10:23:44 PM org.eclipse.lsp4j.jsonrpc.RemoteEndpoint handleCancellation
WARNING: Unmatched cancel notification for request id 40
2026.05.29 22:23:44 INFO  no build target found for /home/nullstarfish/personal-ysyx-workbench/ysyxSoC/src/device/SDRAM.scala. Using presentation compiler with project's scala-library version: 3.3.7[0m
2026.05.29 22:23:44 INFO  no build target found for /home/nullstarfish/personal-ysyx-workbench/ysyxSoC/src/device/SDRAM.scala. Using presentation compiler with project's scala-library version: 3.3.7[0m
Exception in thread "pool-18-thread-1" java.lang.InterruptedException
	at scala.meta.internal.metals.FutureCancelToken.checkCanceled(FutureCancelToken.scala:29)
	at scala.meta.internal.pc.CompilerAccess.onCompilerJobQueue$$anonfun$1(CompilerAccess.scala:208)
	at scala.meta.internal.pc.CompilerJobQueue$Job.run(CompilerJobQueue.scala:153)
	at java.base/java.util.concurrent.ThreadPoolExecutor.runWorker(ThreadPoolExecutor.java:1144)
	at java.base/java.util.concurrent.ThreadPoolExecutor$Worker.run(ThreadPoolExecutor.java:642)
	at java.base/java.lang.Thread.run(Thread.java:1583)
2026.05.29 22:23:44 INFO  no build target found for /home/nullstarfish/personal-ysyx-workbench/ysyxSoC/src/device/SDRAM.scala. Using presentation compiler with project's scala-library version: 3.3.7[0m
2026.05.29 22:23:44 INFO  no build target found for /home/nullstarfish/personal-ysyx-workbench/ysyxSoC/src/device/SDRAM.scala. Using presentation compiler with project's scala-library version: 3.3.7[0m
2026.05.29 22:23:44 INFO  Created report: Optional[file:///home/nullstarfish/personal-ysyx-workbench/ysyxSoC/src/device/SDRAM.scala][0m
2026.05.29 22:23:44 INFO  empty definition using pc, found symbol in pc:  (full report at: "/home/nullstarfish/personal-ysyx-workbench/ysyxSoC/.metals/.reports/metals-full/2026-05-29/r_empty-definition_22-23-44-675.md")[0m
2026.05.29 22:23:55 ERROR Timeout waiting for 'build/initialize' response[0m
2026.05.29 22:23:55 WARN  Retrying connection to the build server Bloop[0m
2026.05.29 22:23:55 INFO  Found a Bloop server running[0m
2026.05.29 22:23:55 INFO  tracing is disabled for protocol BSP, to enable tracing of incoming and outgoing JSON messages create an empty file at /home/nullstarfish/personal-ysyx-workbench/ysyxSoC/.metals/bsp.trace.json[0m
2026.05.29 22:24:15 ERROR Timeout waiting for 'build/initialize' response[0m
2026.05.29 22:24:15 WARN  Retrying connection to the build server Bloop[0m
2026.05.29 22:24:15 INFO  Found a Bloop server running[0m
2026.05.29 22:24:15 INFO  tracing is disabled for protocol BSP, to enable tracing of incoming and outgoing JSON messages create an empty file at /home/nullstarfish/personal-ysyx-workbench/ysyxSoC/.metals/bsp.trace.json[0m
2026.05.29 22:24:35 ERROR Timeout waiting for 'build/initialize' response[0m
2026.05.29 22:24:35 WARN  Retrying connection to the build server Bloop[0m
2026.05.29 22:24:35 INFO  Found a Bloop server running[0m
2026.05.29 22:24:35 INFO  tracing is disabled for protocol BSP, to enable tracing of incoming and outgoing JSON messages create an empty file at /home/nullstarfish/personal-ysyx-workbench/ysyxSoC/.metals/bsp.trace.json[0m
2026.05.29 22:24:42 INFO  time: Connected to build server in 1m27s[0m
2026.05.29 22:24:42 INFO  Connected to Build server: Bloop v2.0.19[0m
2026.05.29 22:24:42 INFO  time: Imported build in 0.12s[0m
2026.05.29 22:24:42 WARN  2.13.14 is no longer supported in the current Metals versions, using the last known supported version 1.6.3[0m
2026.05.29 22:24:47 INFO  Created report: Optional[file:///home/nullstarfish/personal-ysyx-workbench/ysyxSoC/file:/home/nullstarfish/personal-ysyx-workbench/ysyxSoC/rocket-chip/src/main/scala/prci/ClockDomain.scala][0m
2026.05.29 22:24:47 INFO  expected identifier; obtained this (full report at: "/home/nullstarfish/personal-ysyx-workbench/ysyxSoC/.metals/.reports/metals/2026-05-29/r_scala-toplevel-mtags_22-24-47-113.md")[0m
2026.05.29 22:24:47 WARN  Could not find java sources in /usr/lib/jvm/src.zip, /usr/lib/jvm/lib/src.zip, /usr/lib/jvm/java-21-openjdk-amd64/src.zip, /usr/lib/jvm/java-21-openjdk-amd64/lib/src.zip. Java symbols will not be available.[0m
2026.05.29 22:24:47 INFO  time: indexed workspace in 5.81s[0m
2026.05.29 22:24:48 INFO  compiling rocketchip.cde (1 scala source)[0m
2026.05.29 22:24:48 INFO  compiling rocketchip.macros (1 scala source)[0m
2026.05.29 22:24:48 INFO  compiling rocketchip.hardfloat (20 scala sources)[0m
2026.05.29 22:24:51 INFO  time: compiled rocketchip.macros in 2.95s[0m
2026.05.29 22:24:51 INFO  time: compiled rocketchip.cde in 2.96s[0m
2026.05.29 22:24:51 INFO  compiling rocketchip.diplomacy (36 scala sources)[0m
2026.05.29 22:24:59 INFO  time: compiled rocketchip.diplomacy in 7.74s[0m
2026.05.29 22:24:59 INFO  time: compiled rocketchip.hardfloat in 11s[0m
2026.05.29 22:25:01 INFO  compiling rocketchip (317 scala sources)[0m
2026.05.29 22:25:58 WARN  7 deprecations[0m
2026.05.29 22:25:58 WARN  78 deprecations (since 2.13.0)[0m
2026.05.29 22:25:58 WARN  1 deprecation (since 2.13.7)[0m
2026.05.29 22:25:58 WARN  1 deprecation (since 9)[0m
2026.05.29 22:25:58 WARN  27 deprecations (since CDE 0.1)[0m
2026.05.29 22:25:58 WARN  10 deprecations (since diplomacy 1.0.0)[0m
2026.05.29 22:25:58 WARN  1 deprecation (since rocket-chip 1.2)[0m
2026.05.29 22:25:58 WARN  36 deprecations (since rocketchip 2.0.0)[0m
2026.05.29 22:25:58 WARN  161 deprecations in total; re-run with -deprecation for details[0m
2026.05.29 22:25:58 WARN  20 feature warnings; re-run with -feature for details[0m
2026.05.29 22:25:58 INFO  compiling ysyxsoc (38 scala sources)[0m
2026.05.29 22:25:59 INFO  time: compiled rocketchip in 58s[0m
2026.05.29 22:26:07 WARN  1 deprecation (since 2.13.0)[0m
2026.05.29 22:26:07 WARN  1 deprecation (since 2.13.3)[0m
2026.05.29 22:26:07 WARN  93 deprecations (since rocketchip 2.0.0)[0m
2026.05.29 22:26:07 WARN  95 deprecations in total; re-run with -deprecation for details[0m
2026.05.29 22:26:07 INFO  time: compiled ysyxsoc in 8.33s[0m
May 29, 2026 11:02:50 PM org.eclipse.lsp4j.jsonrpc.RemoteEndpoint handleCancellation
WARNING: Unmatched cancel notification for request id 468
May 29, 2026 11:02:54 PM org.eclipse.lsp4j.jsonrpc.RemoteEndpoint handleCancellation
WARNING: Unmatched cancel notification for request id 516
2026.05.29 23:02:56 WARN  Could not find semantic tokens for: file:///home/nullstarfish/personal-ysyx-workbench/ysyxSoC/src/device/SDRAM.scala[0m
2026.05.29 23:03:01 WARN  Could not find semantic tokens for: file:///home/nullstarfish/personal-ysyx-workbench/ysyxSoC/src/device/SDRAM.scala[0m
May 29, 2026 11:03:06 PM org.eclipse.lsp4j.jsonrpc.RemoteEndpoint handleCancellation
WARNING: Unmatched cancel notification for request id 646
2026.05.29 23:03:06 WARN  Could not find semantic tokens for: file:///home/nullstarfish/personal-ysyx-workbench/ysyxSoC/src/device/SDRAM.scala[0m
2026.05.29 23:03:08 WARN  Could not find semantic tokens for: file:///home/nullstarfish/personal-ysyx-workbench/ysyxSoC/src/device/SDRAM.scala[0m
2026.05.29 23:03:31 WARN  Could not find semantic tokens for: file:///home/nullstarfish/personal-ysyx-workbench/ysyxSoC/src/device/SDRAM.scala[0m
2026.05.29 23:03:32 WARN  Could not find semantic tokens for: file:///home/nullstarfish/personal-ysyx-workbench/ysyxSoC/src/device/SDRAM.scala[0m
2026.05.29 23:03:33 WARN  Could not find semantic tokens for: file:///home/nullstarfish/personal-ysyx-workbench/ysyxSoC/src/device/SDRAM.scala[0m
2026.05.29 23:03:38 INFO  compiling ysyxsoc (1 scala source)[0m
2026.05.29 23:03:41 WARN  4 deprecations (since rocketchip 2.0.0); re-run with -deprecation for details[0m
2026.05.29 23:03:41 INFO  time: compiled ysyxsoc in 4.03s[0m
2026.05.29 23:03:41 INFO  compiling ysyxsoc (1 scala source)[0m
2026.05.29 23:03:45 WARN  4 deprecations (since rocketchip 2.0.0); re-run with -deprecation for details[0m
2026.05.29 23:03:45 INFO  time: compiled ysyxsoc in 2.52s[0m
2026.05.29 23:03:55 WARN  Could not find semantic tokens for: file:///home/nullstarfish/personal-ysyx-workbench/ysyxSoC/src/device/SDRAM.scala[0m
May 29, 2026 11:04:01 PM org.eclipse.lsp4j.jsonrpc.RemoteEndpoint handleCancellation
WARNING: Unmatched cancel notification for request id 974
2026.05.29 23:04:10 INFO  compiling ysyxsoc (1 scala source)[0m
2026.05.29 23:04:10 INFO  time: compiled ysyxsoc in 0.13s[0m
2026.05.29 23:04:12 INFO  compiling ysyxsoc (1 scala source)[0m
2026.05.29 23:04:13 WARN  4 deprecations (since rocketchip 2.0.0); re-run with -deprecation for details[0m
2026.05.29 23:04:13 INFO  time: compiled ysyxsoc in 1.79s[0m
May 29, 2026 11:09:13 PM org.eclipse.lsp4j.jsonrpc.RemoteEndpoint handleCancellation
WARNING: Unmatched cancel notification for request id 1113
2026.05.30 00:32:49 INFO  Shutting down server[0m
2026.05.30 00:32:49 INFO  Memory monitor stopped[0m
2026.05.30 00:32:49 INFO  shutting down Metals[0m
2026.05.30 00:32:49 INFO  Shut down connection with build server.[0m
2026.05.30 00:32:49 INFO  Exiting server[0m
